✓ Added dependency: proj-00qm -> proj-063l (blocks)
--- .beads/issues.jsonl ---
{"id":"proj-00qm","title":"Issue 889","status":"open","priority":2,"issue_type":"task","created_at":"2026-01-02T03:04:05Z","created_by":"tester","updated_at":"2026-01-02T03:04:05Z","source_repo":".","compaction_level":0,"original_size":0,"dependencies":[{"issue_id":"proj-00qm","depends_on_id":"proj-063l","type":"blocks","created_at":"2026-01-02T03:04:05Z","created_by":"tester","metadata":"{}","thread_id":""}]}
{"id":"proj-063l","title":"Issue 776","status":"open","priority":2,"issue_type":"task","created_at":"2026-01-02T03:04:05Z","created_by":"tester","updated_at":"2026-01-02T03:04:05Z","source_repo":".","compaction_level":0,"original_size":0}
{"id":"proj-08p4","title":"Issue 487","status":"open","priority":2,"issue_type":"task","created_at":"2026-01-02T03:04:05Z","created_by":"tester","updated_at":"2026-01-02T03:04:05Z","source_repo":".","compaction_level":0,"original_size":0}
{"id":"proj-0ad","title":"Issue 64","status":"open","priority":2,"issue_type":"task","created_at":"2026-01-02T03:04:05Z","created_by":"tester","updated_at":"2026-01-02T03:04:05Z","source_repo":".","compaction_level":0,"original_size":0}
{"id":"proj-0apg","title":"Issue 875","status":"open","priority":2,"issue_type":"task","created_at":"2026-01-02T03:04:05Z","created_by":"tester","updated_at":"2026-01-02T03:04:05Z","source_repo":".","compaction_level":0,"original_size":0}
{"id":"proj-0coz","title":"Issue 809","status":"open","priority":2,"issue_type":"task","created_at":"2026-01-02T03:04:05Z","created_by":"tester","updated_at":"2026-01-02T03:04:05Z","source_repo":".","compaction_level":0,"original_size":0}
{"id":"proj-0cw","title":"Issue 112","status":"open","priority":2,"issue_type":"task","created_at":"2026-01-02T03:04:05Z","created_by":"tester","updated_at":"2026-01-02T03:04:05Z","source_repo":".","compaction_level":0,"original_size":0}
{"id":"proj-0dqf","title":"Issue 184","status":"open","priority":2,"issue_type":"task","created_at":"2026-01-02T03:04:05Z","created_by":"tester","updated_at":"2026-01-02T03:04:05Z","source_repo":".","compaction_level":0,"original_size":0}
{"id":"proj-0fp7","title":"Issue 742","status":"open","priority":2,"issue_type":"task","created_at":"2026-01-02T03:04:05Z","created_by":"tester","updated_at":"2026-01-02T03:04:05Z","source_repo":".","compaction_level":0,"original_size":0}
{"id":"proj-0izz","title":"Issue 688","status":"open","priority":2,"issue_type":"task","created_at":"2026-01-02T03:04:05Z","created_by":"tester","updated_at":"2026-01-02T03:04:05Z","source_repo":".","compaction_level":0,"original_size":0}
{"id":"proj-0ja1","title":"Issue 617","status":"open","priority":2,"issue_type":"task","created_at":"2026-01-02T03:04:05Z","created_by":"tester","updated_at":"2026-01-02T03:04:05Z","source_repo":".","compaction_level":0,"original_size":0}
{"id":"proj-0js9","title":"Issue 233","status":"open","priority":2,"issue_type":"task","created_at":"2026-01-02T03:04:05Z","created_by":"tester","updated_at":"2026-01-02T03:04:05Z","source_repo":".","compaction_level":0,"original_size":0}
{"id":"proj-0kk","title":"Issue 62","status":"open","priority":2,"issue_type":"task","created_at":"2026-01-02T03:04:05Z","created_by":"tester","updated_at":"2026-01-02T03:04:05Z","source_repo":".","compaction_level":0,"original_size":0}
{"id":"proj-0lk","title":"Issue 91","status":"open","priority":2,"issue_type":"task","created_at":"2026-01-02T03:04:05Z","created_by":"tester","updated_at":"2026-01-02T03:04:05Z","source_repo":".","compaction_level":0,"original_size":0}
{"id":"proj-0n35","title":"Issue 220","status":"open","priority":2,"issue_type":"task","created_at":"2026-01-02T03:04:05Z","created_by":"tester","updated_at":"2026-01-02T03:04:05Z","source_repo":".","compaction_level":0,"original_size":0}
{"id":"proj-0ndq","title":"Issue 211","status":"open","priority":2,"issue_type":"task","created_at":"2026-01-02T03:04:05Z","created_by":"tester","updated_at":"2026-01-02T03:04:05Z","source_repo":".","compaction_level":0,"original_size":0}
{"id":"proj-0ook","title":"Issue 851","status":"open","priority":2,"issue_type":"task","created_at":"2026-01-02T03:04:05Z","created_by":"tester","updated_at":"2026-01-02T03:04:05Z","source_repo":".","compaction_level":0,"original_size":0}
{"id":"proj-0p1e","title":"Issue 852","status":"open","priority":2,"issue_type":"task","created_at":"2026-01-02T03:04:05Z","created_by":"tester","updated_at":"2026-01-02T03:04:05Z","source_repo":".","compaction_level":0,"original_size":0}
{"id":"proj-0p5","title":"Issue 68","status":"open","priority":2,"issue_type":"task","created_at":"2026-01-02T03:04:05Z","created_by":"tester","updated_at":"2026-01-02T03:04:05Z","source_repo":".","compaction_level":0,"original_size":0}
{"id":"proj-0rdh","title":"Issue 828","status":"open","priority":2,"issue_type":"task","created_at":"2026-01-02T03:04:05Z","created_by":"tester","updated_at":"2026-01-02T03:04:05Z","source_repo":".","compaction_level":0,"original_size":0}
{"id":"proj-0tkl","title":"Issue 738","status":"open","priority":2,"issue_type":"task","created_at":"2026-01-02T03:04:05Z","created_by":"tester","updated_at":"2026-01-02T03:04:05Z","source_repo":".","compaction_level":0,"original_size":0}
{"id":"proj-0ts5","title":"Issue 744","status":"open","priority":2,"issue_type":"task","created_at":"2026-01-02T03:04:05Z","created_by":"tester","updated_at":"2026-01-02T03:04:05Z","source_repo":".","compaction_level":0,"original_size":0}
{"id":"proj-0uwq","title":"Issue 914","status":"open","priority":2,"issue_type":"task","created_at":"2026-01-02T03:04:05Z","created_by":"tester","updated_at":"2026-01-02T03:04:05Z","source_repo":".","compaction_level":0,"original_size":0}
{"id":"proj-0vh9","title":"Issue 195","status":"open","priority":2,"issue_type":"task","created_at":"2026-01-02T03:04:05Z","created_by":"tester","updated_at":"2026-01-02T03:04:05Z","source_repo":".","compaction_level":0,"original_size":0}
{"id":"proj-0w43","title":"Issue 402","status":"open","priority":2,"issue_type":"task","created_at":"2026-01-02T03:04:05Z","created_by":"tester","updated_at":"2026-01-02T03:04:05Z","source_repo":".","compaction_level":0,"original_size":0}
{"id":"proj-0xp","title":"Issue 96","status":"open","priority":2,"issue_type":"task","created_at":"2026-01-02T03:04:05Z","created_by":"tester","updated_at":"2026-01-02T03:04:05Z","source_repo":".","compaction_level":0,"original_size":0}
{"id":"proj-106","title":"Issue 90","status":"open","priority":2,"issue_type":"task","created_at":"2026-01-02T03:04:05Z","created_by":"tester","updated_at":"2026-01-02T03:04:05Z","source_repo":".","compaction_level":0,"original_size":0}
{"id":"proj-12qh","title":"Issue 424","status":"open","priority":2,"issue_type":"task","created_at":"2026-01-02T03:04:05Z","created_by":"tester","updated_at":"2026-01-02T03:04:05Z","source_repo":".","compaction_level":0,"original_size":0}
{"id":"proj-17we","title":"Issue 240","status":"open","priority":2,"issue_type":"task","created_at":"2026-01-02T03:04:05Z","created_by":"tester","updated_at":"2026-01-02T03:04:05Z","source_repo":".","compaction_level":0,"original_size":0}
{"id":"proj-1awr","title":"Issue 232","status":"open","priority":2,"issue_type":"task","created_at":"2026-01-02T03:04:05Z","created_by":"tester","updated_at":"2026-01-02T03:04:05Z","source_repo":".","compaction_level":0,"original_size":0}
{"id":"proj-1ezw","title":"Issue 186","status":"open","priority":2,"issue_type":"task","created_at":"2026-01-02T03:04:05Z","created_by":"tester","updated_at":"2026-01-02T03:04:05Z","source_repo":".","compaction_level":0,"original_size":0}
{"id":"proj-1fsd","title":"Issue 734","status":"open","priority":2,"issue_type":"task","created_at":"2026-01-02T03:04:05Z","created_by":"tester","updated_at":"2026-01-02T03:04:05Z","source_repo":".","compaction_level":0,"original_size":0}
{"id":"proj-1j2q","title":"Issue 218","status":"open","priority":2,"issue_type":"task","created_at":"2026-01-02T03:04:05Z","created_by":"tester","updated_at":"2026-01-02T03:04:05Z","source_repo":".","compaction_level":0,"original_size":0}
{"id":"proj-1kd2","title":"Issue 632","status":"open","priority":2,"issue_type":"task","created_at":"2026-01-02T03:04:05Z","created_by":"tester","updated_at":"2026-01-02T03:04:05Z","source_repo":".","compaction_level":0,"original_size":0}
{"id":"proj-1ki4","title":"Issue 933","status":"open","priority":2,"issue_type":"task","created_at":"2026-01-02T03:04:05Z","created_by":"tester","updated_at":"2026-01-02T03:04:05Z","source_repo":".","compaction_level":0,"original_size":0}
{"id":"proj-1l6w","title":"Issue 361","status":"open","priority":2,"issue_type":"task","created_at":"2026-01-02T03:04:05Z","created_by":"tester","updated_at":"2026-01-02T03:04:05Z","source_repo":".","compaction_level":0,"original_size":0}
{"id":"proj-1lce","title":"Issue 533","status":"open","priority":2,"issue_type":"task","created_at":"2026-01-02T03:04:05Z","created_by":"tester","updated_at":"2026-01-02T03:04:05Z","source_repo":".","compaction_level":0,"original_size":0}
{"id":"proj-1nh5","title":"Issue 263","status":"open","priority":2,"issue_type":"task","created_at":"2026-01-02T03:04:05Z","created_by":"tester","updated_at":"2026-01-02T03:04:05Z","source_repo":".","compaction_level":0,"original_size":0}
{"id":"proj-1oxo","title":"Issue 359","status":"open","priority":2,"issue_type":"task","created_at":"2026-01-02T03:04:05Z","created_by":"tester","updated_at":"2026-01-02T03:04:05Z","source_repo":".","compaction_level":0,"original_size":0}
{"id":"proj-1qxo","title":"Issue 708","status":"open","priority":2,"issue_type":"task","created_at":"2026-01-02T03:04:05Z","created_by":"tester","updated_at":"2026-01-02T03:04:05Z","source_repo":".","compaction_level":0,"original_size":0}
{"id":"proj-1rvm","title":"Issue 433","status":"open","priority":2,"issue_type":"task","created_at":"2026-01-02T03:04:05Z","created_by":"tester","updated_at":"2026-01-02T03:04:05Z","source_repo":".","compaction_level":0,"original_size":0}
{"id":"proj-1sh","title":"Issue 29","status":"open","priority":2,"issue_type":"task","created_at":"2026-01-02T03:04:05Z","created_by":"tester","updated_at":"2026-01-02T03:04:05Z","source_repo":".","compaction_level":0,"original_size":0}
{"id":"proj-1u16","title":"Issue 379","status":"open","priority":2,"issue_type":"task","created_at":"2026-01-02T03:04:05Z","created_by":"tester","updated_at":"2026-01-02T03:04:05Z","source_repo":".","compaction_level":0,"original_size":0}
{"id":"proj-1v6","title":"Issue 120","status":"open","priority":2,"issue_type":"task","created_at":"2026-01-02T03:04:05Z","created_by":"tester","updated_at":"2026-01-02T03:04:05Z","source_repo":".","compaction_level":0,"original_size":0}
{"id":"proj-1wzf","title":"Issue 905","status":"open","priority":2,"issue_type":"task","created_at":"2026-01-02T03:04:05Z","created_by":"tester","updated_at":"2026-01-02T03:04:05Z","source_repo":".","compaction_level":0,"original_size":0}
{"id":"proj-1x4s","title":"Issue 523","status":"open","priority":2,"issue_type":"task","created_at":"2026-01-02T03:04:05Z","created_by":"tester","updated_at":"2026-01-02T03:04:05Z","source_repo":".","compaction_level":0,"original_size":0}
{"id":"proj-1zta","title":"Issue 265","status":"open","priority":2,"issue_type":"task","created_at":"2026-01-02T03:04:05Z","created_by":"tester","updated_at":"2026-01-02T03:04:05Z","source_repo":".","compaction_level":0,"original_size":0}
{"id":"proj-23qh","title":"Issue 338","status":"open","priority":2,"issue_type":"task","created_at":"2026-01-02T03:04:05Z","created_by":"tester","updated_at":"2026-01-02T03:04:05Z","source_repo":".","compaction_level":0,"original_size":0}
{"id":"proj-23t","title":"Issue 51","status":"open","priority":2,"issue_type":"task","created_at":"2026-01-02T03:04:05Z","created_by":"tester","updated_at":"2026-01-02T03:04:05Z","source_repo":".","compaction_level":0,"original_size":0}
{"id":"proj-246o","title":"Issue 784","status":"open","priority":2,"issue_type":"task","created_at":"2026-01-02T03:04:05Z","created_by":"tester","updated_at":"2026-01-02T03:04:05Z","source_repo":".","compaction_level":0,"original_size":0}
{"id":"proj-24l","title":"Issue 130","status":"open","priority":2,"issue_type":"task","created_at":"2026-01-02T03:04:05Z","created_by":"tester","updated_at":"2026-01-02T03:04:05Z","source_repo":".","compaction_level":0,"original_size":0}
{"id":"proj-24n8","title":"Issue 565","status":"open","priority":2,"issue_type":"task","created_at":"2026-01-02T03:04:05Z","created_by":"tester","updated_at":"2026-01-02T03:04:05Z","source_repo":".","compaction_level":0,"original_size":0}
{"id":"proj-2587","title":"Issue 831","status":"open","priority":2,"issue_type":"task","created_at":"2026-01-02T03:04:05Z","created_by":"tester","updated_at":"2026-01-02T03:04:05Z","source_repo":".","compaction_level":0,"original_size":0}
{"id":"proj-263j","title":"Issue 176","status":"open","priority":2,"issue_type":"task","created_at":"2026-01-02T03:04:05Z","created_by":"tester","updated_at":"2026-01-02T03:04:05Z","source_repo":".","compaction_level":0,"original_size":0}
{"id":"proj-27hl","title":"Issue 810","status":"open","priority":2,"issue_type":"task","created_at":"2026-01-02T03:04:05Z","created_by":"tester","updated_at":"2026-01-02T03:04:05Z","source_repo":".","compaction_level":0,"original_size":0}
{"id":"proj-27x3","title":"Issue 412","status":"open","priority":2,"issue_type":"task","created_at":"2026-01-02T03:04:05Z","created_by":"tester","updated_at":"2026-01-02T03:04:05Z","source_repo":".","compaction_level":0,"original_size":0}
{"id":"proj-2808","title":"Issue 417","status":"open","priority":2,"issue_type":"task","created_at":"2026-01-02T03:04:05Z","created_by":"tester","updated_at":"2026-01-02T03:04:05Z","source_repo":".","compaction_level":0,"original_size":0}
{"id":"proj-29ph","title":"Issue 223","status":"open","priority":2,"issue_type":"task","created_at":"2026-01-02T03:04:05Z","created_by":"tester","updated_at":"2026-01-02T03:04:05Z","source_repo":".","compaction_level":0,"original_size":0}
{"id":"proj-2dgb","title":"Issue 465","status":"open","priority":2,"issue_type":"task","created_at":"2026-01-02T03:04:05Z","created_by":"tester","updated_at":"2026-01-02T03:04:05Z","source_repo":".","compaction_level":0,"original_size":0}
{"id":"proj-2dkw","title":"Issue 257","status":"open","priority":2,"issue_type":"task","created_at":"2026-01-02T03:04:05Z","created_by":"tester","updated_at":"2026-01-02T03:04:05Z","source_repo":".","compaction_level":0,"original_size":0}
{"id":"proj-2fg5","title":"Issue 365","status":"open","priority":2,"issue_type":"task","created_at":"2026-01-02T03:04:05Z","created_by":"tester","updated_at":"2026-01-02T03:04:05Z","source_repo":".","compaction_level":0,"original_size":0}
{"id":"proj-2g8","title":"Issue 55","status":"open","priority":2,"issue_type":"task","created_at":"2026-01-02T03:04:05Z","created_by":"tester","updated_at":"2026-01-02T03:04:05Z","source_repo":".","compaction_level":0,"original_size":0}
{"id":"proj-2gp2","title":"Issue 698","status":"open","priority":2,"issue_type":"task","created_at":"2026-01-02T03:04:05Z","created_by":"tester","updated_at":"2026-01-02T03:04:05Z","source_repo":".","compaction_level":0,"original_size":0}
{"id":"proj-2h0j","title":"Issue 428","status":"open","priority":2,"issue_type":"task","created_at":"2026-01-02T03:04:05Z","created_by":"tester","updated_at":"2026-01-02T03:04:05Z","source_repo":".","compaction_level":0,"original_size":0}
{"id":"proj-2hje","title":"Issue 585","status":"open","priority":2,"issue_type":"task","created_at":"2026-01-02T03:04:05Z","created_by":"tester","updated_at":"2026-01-02T03:04:05Z","source_repo":".","compaction_level":0,"original_size":0}
{"id":"proj-2iro","title":"Issue 919","status":"open","priority":2,"issue_type":"task","created_at":"2026-01-02T03:04:05Z","created_by":"tester","updated_at":"2026-01-02T03:04:05Z","source_repo":".","compaction_level":0,"original_size":0}
{"id":"proj-2j7","title":"Issue 152","status":"open","priority":2,"issue_type":"task","created_at":"2026-01-02T03:04:05Z","created_by":"tester","updated_at":"2026-01-02T03:04:05Z","source_repo":".","compaction_level":0,"original_size":0}
{"id":"proj-2k3","title":"Issue 119","status":"open","priority":2,"issue_type":"task","created_at":"2026-01-02T03:04:05Z","created_by":"tester","updated_at":"2026-01-02T03:04:05Z","source_repo":".","compaction_level":0,"original_size":0}
{"id":"proj-2kkb","title":"Issue 324","status":"open","priority":2,"issue_type":"task","created_at":"2026-01-02T03:04:05Z","created_by":"tester","updated_at":"2026-01-02T03:04:05Z","source_repo":".","compaction_level":0,"original_size":0}
{"id":"proj-2lfv","title":"Issue 486","status":"open","priority":2,"issue_type":"task","created_at":"2026-01-02T03:04:05Z","created_by":"tester","updated_at":"2026-01-02T03:04:05Z","source_repo":".","compaction_level":0,"original_size":0}
{"id":"proj-2lwc","title":"Issue 518","status":"open","priority":2,"issue_type":"task","created_at":"2026-01-02T03:04:05Z","created_by":"tester","updated_at":"2026-01-02T03:04:05Z","source_repo":".","compaction_level":0,"original_size":0}
{"id":"proj-2mi","title":"Issue 116","status":"open","priority":2,"issue_type":"task","created_at":"2026-01-02T03:04:05Z","created_by":"tester","updated_at":"2026-01-02T03:04:05Z","source_repo":".","compaction_level":0,"original_size":0}
{"id":"proj-2mtj","title":"Issue 601","status":"open","priority":2,"issue_type":"task","created_at":"2026-01-02T03:04:05Z","created_by":"tester","updated_at":"2026-01-02T03:04:05Z","source_repo":".","compaction_level":0,"original_size":0}
{"id":"proj-2nqi","title":"Issue 750","status":"open","priority":2,"issue_type":"task","created_at":"2026-01-02T03:04:05Z","created_by":"tester","updated_at":"2026-01-02T03:04:05Z","source_repo":".","compaction_level":0,"original_size":0}
{"id":"proj-2o4o","title":"Issue 282","status":"open","priority":2,"issue_type":"task","created_at":"2026-01-02T03:04:05Z","created_by":"tester","updated_at":"2026-01-02T03:04:05Z","source_repo":".","compaction_level":0,"original_size":0}
{"id":"proj-2pen","title":"Issue 747","status":"open","priority":2,"issue_type":"task","created_at":"2026-01-02T03:04:05Z","created_by":"tester","updated_at":"2026-01-02T03:04:05Z","source_repo":".","compaction_level":0,"original_size":0}
{"id":"proj-2r4s","title":"Issue 270","status":"open","priority":2,"issue_type":"task","created_at":"2026-01-02T03:04:05Z","created_by":"tester","updated_at":"2026-01-02T03:04:05Z","source_repo":".","compaction_level":0,"original_size":0}
{"id":"proj-2tl7","title":"Issue 194","status":"open","priority":2,"issue_type":"task","created_at":"2026-01-02T03:04:05Z","created_by":"tester","updated_at":"2026-01-02T03:04:05Z","source_repo":".","compaction_level":0,"original_size":0}
{"id":"proj-2uh0","title":"Issue 723","status":"open","priority":2,"issue_type":"task","created_at":"2026-01-02T03:04:05Z","created_by":"tester","updated_at":"2026-01-02T03:04:05Z","source_repo":".","compaction_level":0,"original_size":0}
{"id":"proj-2vo0","title":"Issue 416","status":"open","priority":2,"issue_type":"task","created_at":"2026-01-02T03:04:05Z","created_by":"tester","updated_at":"2026-01-02T03:04:05Z","source_repo":".","compaction_level":0,"original_size":0}
{"id":"proj-2vqg","title":"Issue 967","status":"open","priority":2,"issue_type":"task","created_at":"2026-01-02T03:04:05Z","created_by":"tester","updated_at":"2026-01-02T03:04:05Z","source_repo":".","compaction_level":0,"original_size":0}
{"id":"proj-2xo5","title":"Issue 455","status":"open","priority":2,"issue_type":"task","created_at":"2026-01-02T03:04:05Z","created_by":"tester","updated_at":"2026-01-02T03:04:05Z","source_repo":".","compaction_level":0,"original_size":0}
{"id":"proj-2yqg","title":"Issue 260","status":"open","priority":2,"issue_type":"task","created_at":"2026-01-02T03:04:05Z","created_by":"tester","updated_at":"2026-01-02T03:04:05Z","source_repo":".","compaction_level":0,"original_size":0}
{"id":"proj-30a4","title":"Issue 608","status":"open","priority":2,"issue_type":"task","created_at":"2026-01-02T03:04:05Z","created_by":"tester","updated_at":"2026-01-02T03:04:05Z","source_repo":".","compaction_level":0,"original_size":0}
{"id":"proj-31o4","title":"Issue 208","status":"open","priority":2,"issue_type":"task","created_at":"2026-01-02T03:04:05Z","created_by":"tester","updated_at":"2026-01-02T03:04:05Z","source_repo":".","compaction_level":0,"original_size":0}
{"id":"proj-321p","title":"Issue 446","status":"open","priority":2,"issue_type":"task","created_at":"2026-01-02T03:04:05Z","created_by":"tester","updated_at":"2026-01-02T03:04:05Z","source_repo":".","compaction_level":0,"original_size":0}
{"id":"proj-35u7","title":"Issue 560","status":"open","priority":2,"issue_type":"task","created_at":"2026-01-02T03:04:05Z","created_by":"tester","updated_at":"2026-01-02T03:04:05Z","source_repo":".","compaction_level":0,"original_size":0}
{"id":"proj-3737","title":"Issue 701","status":"open","priority":2,"issue_type":"task","created_at":"2026-01-02T03:04:05Z","created_by":"tester","updated_at":"2026-01-02T03:04:05Z","source_repo":".","compaction_level":0,"original_size":0}
{"id":"proj-38cu","title":"Issue 177","status":"open","priority":2,"issue_type":"task","created_at":"2026-01-02T03:04:05Z","created_by":"tester","updated_at":"2026-01-02T03:04:05Z","source_repo":".","compaction_level":0,"original_size":0}
{"id":"proj-38s","title":"Issue 2","status":"open","priority":2,"issue_type":"task","created_at":"2026-01-02T03:04:05Z","created_by":"tester","updated_at":"2026-01-02T03:04:05Z","source_repo":".","compaction_level":0,"original_size":0}
{"id":"proj-39o","title":"Issue 131","status":"open","priority":2,"issue_type":"task","created_at":"2026-01-02T03:04:05Z","created_by":"tester","updated_at":"2026-01-02T03:04:05Z","source_repo":".","compaction_level":0,"original_size":0}
{"id":"proj-3a7e","title":"Issue 407","status":"open","priority":2,"issue_type":"task","created_at":"2026-01-02T03:04:05Z","created_by":"tester","updated_at":"2026-01-02T03:04:05Z","source_repo":".","compaction_level":0,"original_size":0}
{"id":"proj-3di2","title":"Issue 606","status":"open","priority":2,"issue_type":"task","created_at":"2026-01-02T03:04:05Z","created_by":"tester","updated_at":"2026-01-02T03:04:05Z","source_repo":".","compaction_level":0,"original_size":0}
{"id":"proj-3dt8","title":"Issue 926","status":"open","priority":2,"issue_type":"task","created_at":"2026-01-02T03:04:05Z","created_by":"tester","updated_at":"2026-01-02T03:04:05Z","source_repo":".","compaction_level":0,"original_size":0}
{"id":"proj-3ebt","title":"Issue 472","status":"open","priority":2,"issue_type":"task","created_at":"2026-01-02T03:04:05Z","created_by":"tester","updated_at":"2026-01-02T03:04:05Z","source_repo":".","compaction_level":0,"original_size":0}
{"id":"proj-3g60","title":"Issue 457","status":"open","priority":2,"issue_type":"task","created_at":"2026-01-02T03:04:05Z","created_by":"tester","updated_at":"2026-01-02T03:04:05Z","source_repo":".","compaction_level":0,"original_size":0}
{"id":"proj-3gc","title":"Issue 140","status":"open","priority":2,"issue_type":"task","created_at":"2026-01-02T03:04:05Z","created_by":"tester","updated_at":"2026-01-02T03:04:05Z","source_repo":".","compaction_level":0,"original_size":0}
{"id":"proj-3h1x","title":"Issue 755","status":"open","priority":2,"issue_type":"task","created_at":"2026-01-02T03:04:05Z","created_by":"tester","updated_at":"2026-01-02T03:04:05Z","source_repo":".","compaction_level":0,"original_size":0}
{"id":"proj-3htq","title":"Issue 977","status":"open","priority":2,"issue_type":"task","created_at":"2026-01-02T03:04:05Z","created_by":"tester","updated_at":"2026-01-02T03:04:05Z","source_repo":".","compaction_level":0,"original_size":0}
{"id":"proj-3izj","title":"Issue 350","status":"open","priority":2,"issue_type":"task","created_at":"2026-01-02T03:04:05Z","created_by":"tester","updated_at":"2026-01-02T03:04:05Z","source_repo":".","compaction_level":0,"original_size":0}
{"id":"proj-3m7","title":"Issue 141","status":"open","priority":2,"issue_type":"task","created_at":"2026-01-02T03:04:05Z","created_by":"tester","updated_at":"2026-01-02T03:04:05Z","source_repo":".","compaction_level":0,"original_size":0}
{"id":"proj-3mw2","title":"Issue 245","status":"open","priority":2,"issue_type":"task","created_at":"2026-01-02T03:04:05Z","created_by":"tester","updated_at":"2026-01-02T03:04:05Z","source_repo":".","compaction_level":0,"original_size":0}
{"id":"proj-3r1i","title":"Issue 479","status":"open","priority":2,"issue_type":"task","created_at":"2026-01-02T03:04:05Z","created_by":"tester","updated_at":"2026-01-02T03:04:05Z","source_repo":".","compaction_level":0,"original_size":0}
{"id":"proj-3s3","title":"Issue 88","status":"open","priority":2,"issue_type":"task","created_at":"2026-01-02T03:04:05Z","created_by":"tester","updated_at":"2026-01-02T03:04:05Z","source_repo":".","compaction_level":0,"original_size":0}
{"id":"proj-3ul4","title":"Issue 266","status":"open","priority":2,"issue_type":"task","created_at":"2026-01-02T03:04:05Z","created_by":"tester","updated_at":"2026-01-02T03:04:05Z","source_repo":".","compaction_level":0,"original_size":0}
{"id":"proj-3ve5","title":"Issue 964","status":"open","priority":2,"issue_type":"task","created_at":"2026-01-02T03:04:05Z","created_by":"tester","updated_at":"2026-01-02T03:04:05Z","source_repo":".","compaction_level":0,"original_size":0}
{"id":"proj-3xdg","title":"Issue 656","status":"open","priority":2,"issue_type":"task","created_at":"2026-01-02T03:04:05Z","created_by":"tester","updated_at":"2026-01-02T03:04:05Z","source_repo":".","compaction_level":0,"original_size":0}
{"id":"proj-3xkf","title":"Issue 570","status":"open","priority":2,"issue_type":"task","created_at":"2026-01-02T03:04:05Z","created_by":"tester","updated_at":"2026-01-02T03:04:05Z","source_repo":".","compaction_level":0,"original_size":0}
{"id":"proj-3zq6","title":"Issue 531","status":"open","priority":2,"issue_type":"task","created_at":"2026-01-02T03:04:05Z","created_by":"tester","updated_at":"2026-01-02T03:04:05Z","source_repo":".","compaction_level":0,"original_size":0}
{"id":"proj-40gq","title":"Issue 581","status":"open","priority":2,"issue_type":"task","created_at":"2026-01-02T03:04:05Z","created_by":"tester","updated_at":"2026-01-02T03:04:05Z","source_repo":".","compaction_level":0,"original_size":0}
{"id":"proj-40xp","title":"Issue 639","status":"open","priority":2,"issue_type":"task","created_at":"2026-01-02T03:04:05Z","created_by":"tester","updated_at":"2026-01-02T03:04:05Z","source_repo":".","compaction_level":0,"original_size":0}
{"id":"proj-42c2","title":"Issue 464","status":"open","priority":2,"issue_type":"task","created_at":"2026-01-02T03:04:05Z","created_by":"tester","updated_at":"2026-01-02T03:04:05Z","source_repo":".","compaction_level":0,"original_size":0}
{"id":"proj-43u4","title":"Issue 297","status":"open","priority":2,"issue_type":"task","created_at":"2026-01-02T03:04:05Z","created_by":"tester","updated_at":"2026-01-02T03:04:05Z","source_repo":".","compaction_level":0,"original_size":0}
{"id":"proj-45dh","title":"Issue 853","status":"open","priority":2,"issue_type":"task","created_at":"2026-01-02T03:04:05Z","created_by":"tester","updated_at":"2026-01-02T03:04:05Z","source_repo":".","compaction_level":0,"original_size":0}
{"id":"proj-45ss","title":"Issue 775","status":"open","priority":2,"issue_type":"task","created_at":"2026-01-02T03:04:05Z","created_by":"tester","updated_at":"2026-01-02T03:04:05Z","source_repo":".","compaction_level":0,"original_size":0}
{"id":"proj-4755","title":"Issue 710","status":"open","priority":2,"issue_type":"task","created_at":"2026-01-02T03:04:05Z","created_by":"tester","updated_at":"2026-01-02T03:04:05Z","source_repo":".","compaction_level":0,"original_size":0}
{"id":"proj-48a3","title":"Issue 807","status":"open","priority":2,"issue_type":"task","created_at":"2026-01-02T03:04:05Z","created_by":"tester","updated_at":"2026-01-02T03:04:05Z","source_repo":".","compaction_level":0,"original_size":0}
{"id":"proj-4ai","title":"Issue 83","status":"open","priority":2,"issue_type":"task","created_at":"2026-01-02T03:04:05Z","created_by":"tester","updated_at":"2026-01-02T03:04:05Z","source_repo":".","compaction_level":0,"original_size":0}
{"id":"proj-4cwq","title":"Issue 357","status":"open","priority":2,"issue_type":"task","created_at":"2026-01-02T03:04:05Z","created_by":"tester","updated_at":"2026-01-02T03:04:05Z","source_repo":".","compaction_level":0,"original_size":0}
{"id":"proj-4cxu","title":"Issue 971","status":"open","priority":2,"issue_type":"task","created_at":"2026-01-02T03:04:05Z","created_by":"tester","updated_at":"2026-01-02T03:04:05Z","source_repo":".","compaction_level":0,"original_size":0}
{"id":"proj-4cxv","title":"Issue 848","status":"open","priority":2,"issue_type":"task","created_at":"2026-01-02T03:04:05Z","created_by":"tester","updated_at":"2026-01-02T03:04:05Z","source_repo":".","compaction_level":0,"original_size":0}
{"id":"proj-4d0f","title":"Issue 526","status":"open","priority":2,"issue_type":"task","created_at":"2026-01-02T03:04:05Z","created_by":"tester","updated_at":"2026-01-02T03:04:05Z","source_repo":".","compaction_level":0,"original_size":0}
{"id":"proj-4ecm","title":"Issue 169","status":"open","priority":2,"issue_type":"task","created_at":"2026-01-02T03:04:05Z","created_by":"tester","updated_at":"2026-01-02T03:04:05Z","source_repo":".","compaction_level":0,"original_size":0}
{"id":"proj-4fn","title":"Issue 15","status":"open","priority":2,"issue_type":"task","created_at":"2026-01-02T03:04:05Z","created_by":"tester","updated_at":"2026-01-02T03:04:05Z","source_repo":".","compaction_level":0,"original_size":0}
{"id":"proj-4l7w","title":"Issue 825","status":"open","priority":2,"issue_type":"task","created_at":"2026-01-02T03:04:05Z","created_by":"tester","updated_at":"2026-01-02T03:04:05Z","source_repo":".","compaction_level":0,"original_size":0}
{"id":"proj-4mkr","title":"Issue 388","status":"open","priority":2,"issue_type":"task","created_at":"2026-01-02T03:04:05Z","created_by":"tester","updated_at":"2026-01-02T03:04:05Z","source_repo":".","compaction_level":0,"original_size":0}
{"id":"proj-4n4g","title":"Issue 648","status":"open","priority":2,"issue_type":"task","created_at":"2026-01-02T03:04:05Z","created_by":"tester","updated_at":"2026-01-02T03:04:05Z","source_repo":".","compaction_level":0,"original_size":0}
{"id":"proj-4ndl","title":"Issue 713","status":"open","priority":2,"issue_type":"task","created_at":"2026-01-02T03:04:05Z","created_by":"tester","updated_at":"2026-01-02T03:04:05Z","source_repo":".","compaction_level":0,"original_size":0}
{"id":"proj-4q1j","title":"Issue 975","status":"open","priority":2,"issue_type":"task","created_at":"2026-01-02T03:04:05Z","created_by":"tester","updated_at":"2026-01-02T03:04:05Z","source_repo":".","compaction_level":0,"original_size":0}
{"id":"proj-4r2c","title":"Issue 212","status":"open","priority":2,"issue_type":"task","created_at":"2026-01-02T03:04:05Z","created_by":"tester","updated_at":"2026-01-02T03:04:05Z","source_repo":".","compaction_level":0,"original_size":0}
{"id":"proj-4rgv","title":"Issue 246","status":"open","priority":2,"issue_type":"task","created_at":"2026-01-02T03:04:05Z","created_by":"tester","updated_at":"2026-01-02T03:04:05Z","source_repo":".","compaction_level":0,"original_size":0}
{"id":"proj-4rsu","title":"Issue 973","status":"open","priority":2,"issue_type":"task","created_at":"2026-01-02T03:04:05Z","created_by":"tester","updated_at":"2026-01-02T03:04:05Z","source_repo":".","compaction_level":0,"original_size":0}
{"id":"proj-4wl2","title":"Issue 722","status":"open","priority":2,"issue_type":"task","created_at":"2026-01-02T03:04:05Z","created_by":"tester","updated_at":"2026-01-02T03:04:05Z","source_repo":".","compaction_level":0,"original_size":0}
{"id":"proj-4wyc","title":"Issue 646","status":"open","priority":2,"issue_type":"task","created_at":"2026-01-02T03:04:05Z","created_by":"tester","updated_at":"2026-01-02T03:04:05Z","source_repo":".","compaction_level":0,"original_size":0}
{"id":"proj-4xq6","title":"Issue 714","status":"open","priority":2,"issue_type":"task","created_at":"2026-01-02T03:04:05Z","created_by":"tester","updated_at":"2026-01-02T03:04:05Z","source_repo":".","compaction_level":0,"original_size":0}
{"id":"proj-4xt2","title":"Issue 684","status":"open","priority":2,"issue_type":"task","created_at":"2026-01-02T03:04:05Z","created_by":"tester","updated_at":"2026-01-02T03:04:05Z","source_repo":".","compaction_level":0,"original_size":0}
{"id":"proj-4zx3","title":"Issue 299","status":"open","priority":2,"issue_type":"task","created_at":"2026-01-02T03:04:05Z","created_by":"tester","updated_at":"2026-01-02T03:04:05Z","source_repo":".","compaction_level":0,"original_size":0}
{"id":"proj-50o","title":"Issue 56","status":"open","priority":2,"issue_type":"task","created_at":"2026-01-02T03:04:05Z","created_by":"tester","updated_at":"2026-01-02T03:04:05Z","source_repo":".","compaction_level":0,"original_size":0}
{"id":"proj-51ws","title":"Issue 317","status":"open","priority":2,"issue_type":"task","created_at":"2026-01-02T03:04:05Z","created_by":"tester","updated_at":"2026-01-02T03:04:05Z","source_repo":".","compaction_level":0,"original_size":0}
{"id":"proj-54l2","title":"Issue 657","status":"open","priority":2,"issue_type":"task","created_at":"2026-01-02T03:04:05Z","created_by":"tester","updated_at":"2026-01-02T03:04:05Z","source_repo":".","compaction_level":0,"original_size":0}
{"id":"proj-56u7","title":"Issue 590","status":"open","priority":2,"issue_type":"task","created_at":"2026-01-02T03:04:05Z","created_by":"tester","updated_at":"2026-01-02T03:04:05Z","source_repo":".","compaction_level":0,"original_size":0}
{"id":"proj-57mx","title":"Issue 872","status":"open","priority":2,"issue_type":"task","created_at":"2026-01-02T03:04:05Z","created_by":"tester","updated_at":"2026-01-02T03:04:05Z","source_repo":".","compaction_level":0,"original_size":0}
{"id":"proj-57pc","title":"Issue 879","status":"open","priority":2,"issue_type":"task","created_at":"2026-01-02T03:04:05Z","created_by":"tester","updated_at":"2026-01-02T03:04:05Z","source_repo":".","compaction_level":0,"original_size":0}
{"id":"proj-58hv","title":"Issue 508","status":"open","priority":2,"issue_type":"task","created_at":"2026-01-02T03:04:05Z","created_by":"tester","updated_at":"2026-01-02T03:04:05Z","source_repo":".","compaction_level":0,"original_size":0}
{"id":"proj-5a2c","title":"Issue 310","status":"open","priority":2,"issue_type":"task","created_at":"2026-01-02T03:04:05Z","created_by":"tester","updated_at":"2026-01-02T03:04:05Z","source_repo":".","compaction_level":0,"original_size":0}
{"id":"proj-5bew","title":"Issue 372","status":"open","priority":2,"issue_type":"task","created_at":"2026-01-02T03:04:05Z","created_by":"tester","updated_at":"2026-01-02T03:04:05Z","source_repo":".","compaction_level":0,"original_size":0}
{"id":"proj-5bns","title":"Issue 626","status":"open","priority":2,"issue_type":"task","created_at":"2026-01-02T03:04:05Z","created_by":"tester","updated_at":"2026-01-02T03:04:05Z","source_repo":".","compaction_level":0,"original_size":0}
{"id":"proj-5c3","title":"Issue 8","status":"open","priority":2,"issue_type":"task","created_at":"2026-01-02T03:04:05Z","created_by":"tester","updated_at":"2026-01-02T03:04:05Z","source_repo":".","compaction_level":0,"original_size":0}
{"id":"proj-5c9w","title":"Issue 280","status":"open","priority":2,"issue_type":"task","created_at":"2026-01-02T03:04:05Z","created_by":"tester","updated_at":"2026-01-02T03:04:05Z","source_repo":".","compaction_level":0,"original_size":0}
{"id":"proj-5dho","title":"Issue 771","status":"open","priority":2,"issue_type":"task","created_at":"2026-01-02T03:04:05Z","created_by":"tester","updated_at":"2026-01-02T03:04:05Z","source_repo":".","compaction_level":0,"original_size":0}
{"id":"proj-5e7v","title":"Issue 899","status":"open","priority":2,"issue_type":"task","created_at":"2026-01-02T03:04:05Z","created_by":"tester","updated_at":"2026-01-02T03:04:05Z","source_repo":".","compaction_level":0,"original_size":0}
{"id":"proj-5e9","title":"Issue 48","status":"open","priority":2,"issue_type":"task","created_at":"2026-01-02T03:04:05Z","created_by":"tester","updated_at":"2026-01-02T03:04:05Z","source_repo":".","compaction_level":0,"original_size":0}
{"id":"proj-5f3c","title":"Issue 356","status":"open","priority":2,"issue_type":"task","created_at":"2026-01-02T03:04:05Z","created_by":"tester","updated_at":"2026-01-02T03:04:05Z","source_repo":".","compaction_level":0,"original_size":0}
{"id":"proj-5ff8","title":"Issue 458","status":"open","priority":2,"issue_type":"task","created_at":"2026-01-02T03:04:05Z","created_by":"tester","updated_at":"2026-01-02T03:04:05Z","source_repo":".","compaction_level":0,"original_size":0}
{"id":"proj-5fse","title":"Issue 172","status":"open","priority":2,"issue_type":"task","created_at":"2026-01-02T03:04:05Z","created_by":"tester","updated_at":"2026-01-02T03:04:05Z","source_repo":".","compaction_level":0,"original_size":0}
{"id":"proj-5g9p","title":"Issue 874","status":"open","priority":2,"issue_type":"task","created_at":"2026-01-02T03:04:05Z","created_by":"tester","updated_at":"2026-01-02T03:04:05Z","source_repo":".","compaction_level":0,"original_size":0}
{"id":"proj-5i43","title":"Issue 275","status":"open","priority":2,"issue_type":"task","created_at":"2026-01-02T03:04:05Z","created_by":"tester","updated_at":"2026-01-02T03:04:05Z","source_repo":".","compaction_level":0,"original_size":0}
{"id":"proj-5ia9","title":"Issue 921","status":"open","priority":2,"issue_type":"task","created_at":"2026-01-02T03:04:05Z","created_by":"tester","updated_at":"2026-01-02T03:04:05Z","source_repo":".","compaction_level":0,"original_size":0}
{"id":"proj-5ih","title":"Issue 158","status":"open","priority":2,"issue_type":"task","created_at":"2026-01-02T03:04:05Z","created_by":"tester","updated_at":"2026-01-02T03:04:05Z","source_repo":".","compaction_level":0,"original_size":0}
{"id":"proj-5in2","title":"Issue 303","status":"open","priority":2,"issue_type":"task","created_at":"2026-01-02T03:04:05Z","created_by":"tester","updated_at":"2026-01-02T03:04:05Z","source_repo":".","compaction_level":0,"original_size":0}
{"id":"proj-5ko","title":"Issue 82","status":"open","priority":2,"issue_type":"task","created_at":"2026-01-02T03:04:05Z","created_by":"tester","updated_at":"2026-01-02T03:04:05Z","source_repo":".","compaction_level":0,"original_size":0}
{"id":"proj-5kwy","title":"Issue 862","status":"open","priority":2,"issue_type":"task","created_at":"2026-01-02T03:04:05Z","created_by":"tester","updated_at":"2026-01-02T03:04:05Z","source_repo":".","compaction_level":0,"original_size":0}
{"id":"proj-5l3r","title":"Issue 878","status":"open","priority":2,"issue_type":"task","created_at":"2026-01-02T03:04:05Z","created_by":"tester","updated_at":"2026-01-02T03:04:05Z","source_repo":".","compaction_level":0,"original_size":0}
{"id":"proj-5lxi","title":"Issue 795","status":"open","priority":2,"issue_type":"task","created_at":"2026-01-02T03:04:05Z","created_by":"tester","updated_at":"2026-01-02T03:04:05Z","source_repo":".","compaction_level":0,"original_size":0}
{"id":"proj-5nrf","title":"Issue 248","status":"open","priority":2,"issue_type":"task","created_at":"2026-01-02T03:04:05Z","created_by":"tester","updated_at":"2026-01-02T03:04:05Z","source_repo":".","compaction_level":0,"original_size":0}
{"id":"proj-5pyq","title":"Issue 439","status":"open","priority":2,"issue_type":"task","created_at":"2026-01-02T03:04:05Z","created_by":"tester","updated_at":"2026-01-02T03:04:05Z","source_repo":".","compaction_level":0,"original_size":0}
{"id":"proj-5qqd","title":"Issue 602","status":"open","priority":2,"issue_type":"task","created_at":"2026-01-02T03:04:05Z","created_by":"tester","updated_at":"2026-01-02T03:04:05Z","source_repo":".","compaction_level":0,"original_size":0}
{"id":"proj-5u7n","title":"Issue 392","status":"open","priority":2,"issue_type":"task","created_at":"2026-01-02T03:04:05Z","created_by":"tester","updated_at":"2026-01-02T03:04:05Z","source_repo":".","compaction_level":0,"original_size":0}
{"id":"proj-5uqa","title":"Issue 366","status":"open","priority":2,"issue_type":"task","created_at":"2026-01-02T03:04:05Z","created_by":"tester","updated_at":"2026-01-02T03:04:05Z","source_repo":".","compaction_level":0,"original_size":0}
{"id":"proj-5uu","title":"Issue 87","status":"open","priority":2,"issue_type":"task","created_at":"2026-01-02T03:04:05Z","created_by":"tester","updated_at":"2026-01-02T03:04:05Z","source_repo":".","compaction_level":0,"original_size":0}
{"id":"proj-5vi9","title":"Issue 686","status":"open","priority":2,"issue_type":"task","created_at":"2026-01-02T03:04:05Z","created_by":"tester","updated_at":"2026-01-02T03:04:05Z","source_repo":".","compaction_level":0,"original_size":0}
{"id":"proj-5wg8","title":"Issue 339","status":"open","priority":2,"issue_type":"task","created_at":"2026-01-02T03:04:05Z","created_by":"tester","updated_at":"2026-01-02T03:04:05Z","source_repo":".","compaction_level":0,"original_size":0}
{"id":"proj-5wlh","title":"Issue 213","status":"open","priority":2,"issue_type":"task","created_at":"2026-01-02T03:04:05Z","created_by":"tester","updated_at":"2026-01-02T03:04:05Z","source_repo":".","compaction_level":0,"original_size":0}
{"id":"proj-5yw3","title":"Issue 621","status":"open","priority":2,"issue_type":"task","created_at":"2026-01-02T03:04:05Z","created_by":"tester","updated_at":"2026-01-02T03:04:05Z","source_repo":".","compaction_level":0,"original_size":0}
{"id":"proj-60kn","title":"Issue 187","status":"open","priority":2,"issue_type":"task","created_at":"2026-01-02T03:04:05Z","created_by":"tester","updated_at":"2026-01-02T03:04:05Z","source_repo":".","compaction_level":0,"original_size":0}
{"id":"proj-61n","title":"Issue 135","status":"open","priority":2,"issue_type":"task","created_at":"2026-01-02T03:04:05Z","created_by":"tester","updated_at":"2026-01-02T03:04:05Z","source_repo":".","compaction_level":0,"original_size":0}
{"id":"proj-62s4","title":"Issue 808","status":"open","priority":2,"issue_type":"task","created_at":"2026-01-02T03:04:05Z","created_by":"tester","updated_at":"2026-01-02T03:04:05Z","source_repo":".","compaction_level":0,"original_size":0}
{"id":"proj-63og","title":"Issue 298","status":"open","priority":2,"issue_type":"task","created_at":"2026-01-02T03:04:05Z","created_by":"tester","updated_at":"2026-01-02T03:04:05Z","source_repo":".","compaction_level":0,"original_size":0}
{"id":"proj-64dl","title":"Issue 405","status":"open","priority":2,"issue_type":"task","created_at":"2026-01-02T03:04:05Z","created_by":"tester","updated_at":"2026-01-02T03:04:05Z","source_repo":".","compaction_level":0,"original_size":0}
{"id":"proj-65kf","title":"Issue 785","status":"open","priority":2,"issue_type":"task","created_at":"2026-01-02T03:04:05Z","created_by":"tester","updated_at":"2026-01-02T03:04:05Z","source_repo":".","compaction_level":0,"original_size":0}
{"id":"proj-67mk","title":"Issue 834","status":"open","priority":2,"issue_type":"task","created_at":"2026-01-02T03:04:05Z","created_by":"tester","updated_at":"2026-01-02T03:04:05Z","source_repo":".","compaction_level":0,"original_size":0}
{"id":"proj-67rh","title":"Issue 814","status":"open","priority":2,"issue_type":"task","created_at":"2026-01-02T03:04:05Z","created_by":"tester","updated_at":"2026-01-02T03:04:05Z","source_repo":".","compaction_level":0,"original_size":0}
{"id":"proj-6aik","title":"Issue 829","status":"open","priority":2,"issue_type":"task","created_at":"2026-01-02T03:04:05Z","created_by":"tester","updated_at":"2026-01-02T03:04:05Z","source_repo":".","compaction_level":0,"original_size":0}
{"id":"proj-6avk","title":"Issue 855","status":"open","priority":2,"issue_type":"task","created_at":"2026-01-02T03:04:05Z","created_by":"tester","updated_at":"2026-01-02T03:04:05Z","source_repo":".","compaction_level":0,"original_size":0}
{"id":"proj-6biz","title":"Issue 659","status":"open","priority":2,"issue_type":"task","created_at":"2026-01-02T03:04:05Z","created_by":"tester","updated_at":"2026-01-02T03:04:05Z","source_repo":".","compaction_level":0,"original_size":0}
{"id":"proj-6bz","title":"Issue 17","status":"open","priority":2,"issue_type":"task","created_at":"2026-01-02T03:04:05Z","created_by":"tester","updated_at":"2026-01-02T03:04:05Z","source_repo":".","compaction_level":0,"original_size":0}
{"id":"proj-6c1","title":"Issue 153","status":"open","priority":2,"issue_type":"task","created_at":"2026-01-02T03:04:05Z","created_by":"tester","updated_at":"2026-01-02T03:04:05Z","source_repo":".","compaction_level":0,"original_size":0}
{"id":"proj-6f2","title":"Issue 125","status":"open","priority":2,"issue_type":"task","created_at":"2026-01-02T03:04:05Z","created_by":"tester","updated_at":"2026-01-02T03:04:05Z","source_repo":".","compaction_level":0,"original_size":0}
{"id":"proj-6gj6","title":"Issue 385","status":"open","priority":2,"issue_type":"task","created_at":"2026-01-02T03:04:05Z","created_by":"tester","updated_at":"2026-01-02T03:04:05Z","source_repo":".","compaction_level":0,"original_size":0}
{"id":"proj-6jp2","title":"Issue 567","status":"open","priority":2,"issue_type":"task","created_at":"2026-01-02T03:04:05Z","created_by":"tester","updated_at":"2026-01-02T03:04:05Z","source_repo":".","compaction_level":0,"original_size":0}
{"id":"proj-6k1","title":"Issue 92","status":"open","priority":2,"issue_type":"task","created_at":"2026-01-02T03:04:05Z","created_by":"tester","updated_at":"2026-01-02T03:04:05Z","source_repo":".","compaction_level":0,"original_size":0}
{"id":"proj-6lj1","title":"Issue 950","status":"open","priority":2,"issue_type":"task","created_at":"2026-01-02T03:04:05Z","created_by":"tester","updated_at":"2026-01-02T03:04:05Z","source_repo":".","compaction_level":0,"original_size":0}
{"id":"proj-6m2o","title":"Issue 816","status":"open","priority":2,"issue_type":"task","created_at":"2026-01-02T03:04:05Z","created_by":"tester","updated_at":"2026-01-02T03:04:05Z","source_repo":".","compaction_level":0,"original_size":0}
{"id":"proj-6n1a","title":"Issue 668","status":"open","priority":2,"issue_type":"task","created_at":"2026-01-02T03:04:05Z","created_by":"tester","updated_at":"2026-01-02T03:04:05Z","source_repo":".","compaction_level":0,"original_size":0}
{"id":"proj-6ni3","title":"Issue 225","status":"open","priority":2,"issue_type":"task","created_at":"2026-01-02T03:04:05Z","created_by":"tester","updated_at":"2026-01-02T03:04:05Z","source_repo":".","compaction_level":0,"original_size":0}
{"id":"proj-6qs","title":"Issue 97","status":"open","priority":2,"issue_type":"task","created_at":"2026-01-02T03:04:05Z","created_by":"tester","updated_at":"2026-01-02T03:04:05Z","source_repo":".","compaction_level":0,"original_size":0}
{"id":"proj-6r6y","title":"Issue 501","status":"open","priority":2,"issue_type":"task","created_at":"2026-01-02T03:04:05Z","created_by":"tester","updated_at":"2026-01-02T03:04:05Z","source_repo":".","compaction_level":0,"original_size":0}
{"id":"proj-6ryx","title":"Issue 649","status":"open","priority":2,"issue_type":"task","created_at":"2026-01-02T03:04:05Z","created_by":"tester","updated_at":"2026-01-02T03:04:05Z","source_repo":".","compaction_level":0,"original_size":0}
{"id":"proj-6ssj","title":"Issue 296","status":"open","priority":2,"issue_type":"task","created_at":"2026-01-02T03:04:05Z","created_by":"tester","updated_at":"2026-01-02T03:04:05Z","source_repo":".","compaction_level":0,"original_size":0}
{"id":"proj-6syt","title":"Issue 605","status":"open","priority":2,"issue_type":"task","created_at":"2026-01-02T03:04:05Z","created_by":"tester","updated_at":"2026-01-02T03:04:05Z","source_repo":".","compaction_level":0,"original_size":0}
{"id":"proj-6v8t","title":"Issue 274","status":"open","priority":2,"issue_type":"task","created_at":"2026-01-02T03:04:05Z","created_by":"tester","updated_at":"2026-01-02T03:04:05Z","source_repo":".","compaction_level":0,"original_size":0}
{"id":"proj-6y9z","title":"Issue 413","status":"open","priority":2,"issue_type":"task","created_at":"2026-01-02T03:04:05Z","created_by":"tester","updated_at":"2026-01-02T03:04:05Z","source_repo":".","compaction_level":0,"original_size":0}
{"id":"proj-6yqd","title":"Issue 760","status":"open","priority":2,"issue_type":"task","created_at":"2026-01-02T03:04:05Z","created_by":"tester","updated_at":"2026-01-02T03:04:05Z","source_repo":".","compaction_level":0,"original_size":0}
{"id":"proj-6zoa","title":"Issue 670","status":"open","priority":2,"issue_type":"task","created_at":"2026-01-02T03:04:05Z","created_by":"tester","updated_at":"2026-01-02T03:04:05Z","source_repo":".","compaction_level":0,"original_size":0}
{"id":"proj-6zw","title":"Issue 80","status":"open","priority":2,"issue_type":"task","created_at":"2026-01-02T03:04:05Z","created_by":"tester","updated_at":"2026-01-02T03:04:05Z","source_repo":".","compaction_level":0,"original_size":0}
{"id":"proj-700q","title":"Issue 325","status":"open","priority":2,"issue_type":"task","created_at":"2026-01-02T03:04:05Z","created_by":"tester","updated_at":"2026-01-02T03:04:05Z","source_repo":".","compaction_level":0,"original_size":0}
{"id":"proj-706m","title":"Issue 527","status":"open","priority":2,"issue_type":"task","created_at":"2026-01-02T03:04:05Z","created_by":"tester","updated_at":"2026-01-02T03:04:05Z","source_repo":".","compaction_level":0,"original_size":0}
{"id":"proj-71mo","title":"Issue 521","status":"open","priority":2,"issue_type":"task","created_at":"2026-01-02T03:04:05Z","created_by":"tester","updated_at":"2026-01-02T03:04:05Z","source_repo":".","compaction_level":0,"original_size":0}
{"id":"proj-72j1","title":"Issue 389","status":"open","priority":2,"issue_type":"task","created_at":"2026-01-02T03:04:05Z","created_by":"tester","updated_at":"2026-01-02T03:04:05Z","source_repo":".","compaction_level":0,"original_size":0}
{"id":"proj-72ji","title":"Issue 535","status":"open","priority":2,"issue_type":"task","created_at":"2026-01-02T03:04:05Z","created_by":"tester","updated_at":"2026-01-02T03:04:05Z","source_repo":".","compaction_level":0,"original_size":0}
{"id":"proj-74jl","title":"Issue 456","status":"open","priority":2,"issue_type":"task","created_at":"2026-01-02T03:04:05Z","created_by":"tester","updated_at":"2026-01-02T03:04:05Z","source_repo":".","compaction_level":0,"original_size":0}
{"id":"proj-79eh","title":"Issue 291","status":"open","priority":2,"issue_type":"task","created_at":"2026-01-02T03:04:05Z","created_by":"tester","updated_at":"2026-01-02T03:04:05Z","source_repo":".","compaction_level":0,"original_size":0}
{"id":"proj-7a27","title":"Issue 786","status":"open","priority":2,"issue_type":"task","created_at":"2026-01-02T03:04:05Z","created_by":"tester","updated_at":"2026-01-02T03:04:05Z","source_repo":".","compaction_level":0,"original_size":0}
{"id":"proj-7c2j","title":"Issue 327","status":"open","priority":2,"issue_type":"task","created_at":"2026-01-02T03:04:05Z","created_by":"tester","updated_at":"2026-01-02T03:04:05Z","source_repo":".","compaction_level":0,"original_size":0}
{"id":"proj-7db2","title":"Issue 529","status":"open","priority":2,"issue_type":"task","created_at":"2026-01-02T03:04:05Z","created_by":"tester","updated_at":"2026-01-02T03:04:05Z","source_repo":".","compaction_level":0,"original_size":0}
{"id":"proj-7ds5","title":"Issue 968","status":"open","priority":2,"issue_type":"task","created_at":"2026-01-02T03:04:05Z","created_by":"tester","updated_at":"2026-01-02T03:04:05Z","source_repo":".","compaction_level":0,"original_size":0}
{"id":"proj-7i9v","title":"Issue 789","status":"open","priority":2,"issue_type":"task","created_at":"2026-01-02T03:04:05Z","created_by":"tester","updated_at":"2026-01-02T03:04:05Z","source_repo":".","compaction_level":0,"original_size":0}
{"id":"proj-7kq8","title":"Issue 790","status":"open","priority":2,"issue_type":"task","created_at":"2026-01-02T03:04:05Z","created_by":"tester","updated_at":"2026-01-02T03:04:05Z","source_repo":".","compaction_level":0,"original_size":0}
{"id":"proj-7lk","title":"Issue 63","status":"open","priority":2,"issue_type":"task","created_at":"2026-01-02T03:04:05Z","created_by":"tester","updated_at":"2026-01-02T03:04:05Z","source_repo":".","compaction_level":0,"original_size":0}
{"id":"proj-7mtl","title":"Issue 953","status":"open","priority":2,"issue_type":"task","created_at":"2026-01-02T03:04:05Z","created_by":"tester","updated_at":"2026-01-02T03:04:05Z","source_repo":".","compaction_level":0,"original_size":0}
{"id":"proj-7p9z","title":"Issue 716","status":"open","priority":2,"issue_type":"task","created_at":"2026-01-02T03:04:05Z","created_by":"tester","updated_at":"2026-01-02T03:04:05Z","source_repo":".","compaction_level":0,"original_size":0}
{"id":"proj-7qab","title":"Issue 185","status":"open","priority":2,"issue_type":"task","created_at":"2026-01-02T03:04:05Z","created_by":"tester","updated_at":"2026-01-02T03:04:05Z","source_repo":".","compaction_level":0,"original_size":0}
{"id":"proj-7qmq","title":"Issue 262","status":"open","priority":2,"issue_type":"task","created_at":"2026-01-02T03:04:05Z","created_by":"tester","updated_at":"2026-01-02T03:04:05Z","source_repo":".","compaction_level":0,"original_size":0}
{"id":"proj-7qpd","title":"Issue 803","status":"open","priority":2,"issue_type":"task","created_at":"2026-01-02T03:04:05Z","created_by":"tester","updated_at":"2026-01-02T03:04:05Z","source_repo":".","compaction_level":0,"original_size":0}
{"id":"proj-7quc","title":"Issue 970","status":"open","priority":2,"issue_type":"task","created_at":"2026-01-02T03:04:05Z","created_by":"tester","updated_at":"2026-01-02T03:04:05Z","source_repo":".","compaction_level":0,"original_size":0}
{"id":"proj-7udf","title":"Issue 958","status":"open","priority":2,"issue_type":"task","created_at":"2026-01-02T03:04:05Z","created_by":"tester","updated_at":"2026-01-02T03:04:05Z","source_repo":".","compaction_level":0,"original_size":0}
{"id":"proj-7ujp","title":"Issue 264","status":"open","priority":2,"issue_type":"task","created_at":"2026-01-02T03:04:05Z","created_by":"tester","updated_at":"2026-01-02T03:04:05Z","source_repo":".","compaction_level":0,"original_size":0}
{"id":"proj-7vpq","title":"Issue 791","status":"open","priority":2,"issue_type":"task","created_at":"2026-01-02T03:04:05Z","created_by":"tester","updated_at":"2026-01-02T03:04:05Z","source_repo":".","compaction_level":0,"original_size":0}
{"id":"proj-7w09","title":"Issue 440","status":"open","priority":2,"issue_type":"task","created_at":"2026-01-02T03:04:05Z","created_by":"tester","updated_at":"2026-01-02T03:04:05Z","source_repo":".","compaction_level":0,"original_size":0}
{"id":"proj-7xcu","title":"Issue 781","status":"open","priority":2,"issue_type":"task","created_at":"2026-01-02T03:04:05Z","created_by":"tester","updated_at":"2026-01-02T03:04:05Z","source_repo":".","compaction_level":0,"original_size":0}
{"id":"proj-7xk2","title":"Issue 497","status":"open","priority":2,"issue_type":"task","created_at":"2026-01-02T03:04:05Z","created_by":"tester","updated_at":"2026-01-02T03:04:05Z","source_repo":".","compaction_level":0,"original_size":0}
{"id":"proj-81q7","title":"Issue 972","status":"open","priority":2,"issue_type":"task","created_at":"2026-01-02T03:04:05Z","created_by":"tester","updated_at":"2026-01-02T03:04:05Z","source_repo":".","compaction_level":0,"original_size":0}
{"id":"proj-864r","title":"Issue 589","status":"open","priority":2,"issue_type":"task","created_at":"2026-01-02T03:04:05Z","created_by":"tester","updated_at":"2026-01-02T03:04:05Z","source_repo":".","compaction_level":0,"original_size":0}
{"id":"proj-885w","title":"Issue 540","status":"open","priority":2,"issue_type":"task","created_at":"2026-01-02T03:04:05Z","created_by":"tester","updated_at":"2026-01-02T03:04:05Z","source_repo":".","compaction_level":0,"original_size":0}
{"id":"proj-88kq","title":"Issue 427","status":"open","priority":2,"issue_type":"task","created_at":"2026-01-02T03:04:05Z","created_by":"tester","updated_at":"2026-01-02T03:04:05Z","source_repo":".","compaction_level":0,"original_size":0}
{"id":"proj-89eq","title":"Issue 725","status":"open","priority":2,"issue_type":"task","created_at":"2026-01-02T03:04:05Z","created_by":"tester","updated_at":"2026-01-02T03:04:05Z","source_repo":".","compaction_level":0,"original_size":0}
{"id":"proj-8e6x","title":"Issue 940","status":"open","priority":2,"issue_type":"task","created_at":"2026-01-02T03:04:05Z","created_by":"tester","updated_at":"2026-01-02T03:04:05Z","source_repo":".","compaction_level":0,"original_size":0}
{"id":"proj-8f66","title":"Issue 311","status":"open","priority":2,"issue_type":"task","created_at":"2026-01-02T03:04:05Z","created_by":"tester","updated_at":"2026-01-02T03:04:05Z","source_repo":".","compaction_level":0,"original_size":0}
{"id":"proj-8fc","title":"Issue 67","status":"open","priority":2,"issue_type":"task","created_at":"2026-01-02T03:04:05Z","created_by":"tester","updated_at":"2026-01-02T03:04:05Z","source_repo":".","compaction_level":0,"original_size":0}
{"id":"proj-8fxc","title":"Issue 767","status":"open","priority":2,"issue_type":"task","created_at":"2026-01-02T03:04:05Z","created_by":"tester","updated_at":"2026-01-02T03:04:05Z","source_repo":".","compaction_level":0,"original_size":0}
{"id":"proj-8hjb","title":"Issue 374","status":"open","priority":2,"issue_type":"task","created_at":"2026-01-02T03:04:05Z","created_by":"tester","updated_at":"2026-01-02T03:04:05Z","source_repo":".","compaction_level":0,"original_size":0}
{"id":"proj-8j5","title":"Issue 164","status":"open","priority":2,"issue_type":"task","created_at":"2026-01-02T03:04:05Z","created_by":"tester","updated_at":"2026-01-02T03:04:05Z","source_repo":".","compaction_level":0,"original_size":0}
{"id":"proj-8ksz","title":"Issue 770","status":"open","priority":2,"issue_type":"task","created_at":"2026-01-02T03:04:05Z","created_by":"tester","updated_at":"2026-01-02T03:04:05Z","source_repo":".","compaction_level":0,"original_size":0}
{"id":"proj-8lhl","title":"Issue 414","status":"open","priority":2,"issue_type":"task","created_at":"2026-01-02T03:04:05Z","created_by":"tester","updated_at":"2026-01-02T03:04:05Z","source_repo":".","compaction_level":0,"original_size":0}
{"id":"proj-8oi","title":"Issue 57","status":"open","priority":2,"issue_type":"task","created_at":"2026-01-02T03:04:05Z","created_by":"tester","updated_at":"2026-01-02T03:04:05Z","source_repo":".","compaction_level":0,"original_size":0}
{"id":"proj-8rex","title":"Issue 192","status":"open","priority":2,"issue_type":"task","created_at":"2026-01-02T03:04:05Z","created_by":"tester","updated_at":"2026-01-02T03:04:05Z","source_repo":".","compaction_level":0,"original_size":0}
{"id":"proj-8s7o","title":"Issue 930","status":"open","priority":2,"issue_type":"task","created_at":"2026-01-02T03:04:05Z","created_by":"tester","updated_at":"2026-01-02T03:04:05Z","source_repo":".","compaction_level":0,"original_size":0}
{"id":"proj-8v2n","title":"Issue 787","status":"open","priority":2,"issue_type":"task","created_at":"2026-01-02T03:04:05Z","created_by":"tester","updated_at":"2026-01-02T03:04:05Z","source_repo":".","compaction_level":0,"original_size":0}
{"id":"proj-8xak","title":"Issue 492","status":"open","priority":2,"issue_type":"task","created_at":"2026-01-02T03:04:05Z","created_by":"tester","updated_at":"2026-01-02T03:04:05Z","source_repo":".","compaction_level":0,"original_size":0}
{"id":"proj-8zv6","title":"Issue 965","status":"open","priority":2,"issue_type":"task","created_at":"2026-01-02T03:04:05Z","created_by":"tester","updated_at":"2026-01-02T03:04:05Z","source_repo":".","compaction_level":0,"original_size":0}
{"id":"proj-90zo","title":"Issue 772","status":"open","priority":2,"issue_type":"task","created_at":"2026-01-02T03:04:05Z","created_by":"tester","updated_at":"2026-01-02T03:04:05Z","source_repo":".","compaction_level":0,"original_size":0}
{"id":"proj-921g","title":"Issue 579","status":"open","priority":2,"issue_type":"task","created_at":"2026-01-02T03:04:05Z","created_by":"tester","updated_at":"2026-01-02T03:04:05Z","source_repo":".","compaction_level":0,"original_size":0}
{"id":"proj-94c7","title":"Issue 170","status":"open","priority":2,"issue_type":"task","created_at":"2026-01-02T03:04:05Z","created_by":"tester","updated_at":"2026-01-02T03:04:05Z","source_repo":".","compaction_level":0,"original_size":0}
{"id":"proj-95r","title":"Issue 71","status":"open","priority":2,"issue_type":"task","created_at":"2026-01-02T03:04:05Z","created_by":"tester","updated_at":"2026-01-02T03:04:05Z","source_repo":".","compaction_level":0,"original_size":0}
{"id":"proj-9a9f","title":"Issue 792","status":"open","priority":2,"issue_type":"task","created_at":"2026-01-02T03:04:05Z","created_by":"tester","updated_at":"2026-01-02T03:04:05Z","source_repo":".","compaction_level":0,"original_size":0}
{"id":"proj-9avu","title":"Issue 463","status":"open","priority":2,"issue_type":"task","created_at":"2026-01-02T03:04:05Z","created_by":"tester","updated_at":"2026-01-02T03:04:05Z","source_repo":".","compaction_level":0,"original_size":0}
{"id":"proj-9bf8","title":"Issue 438","status":"open","priority":2,"issue_type":"task","created_at":"2026-01-02T03:04:05Z","created_by":"tester","updated_at":"2026-01-02T03:04:05Z","source_repo":".","compaction_level":0,"original_size":0}
{"id":"proj-9ck8","title":"Issue 669","status":"open","priority":2,"issue_type":"task","created_at":"2026-01-02T03:04:05Z","created_by":"tester","updated_at":"2026-01-02T03:04:05Z","source_repo":".","compaction_level":0,"original_size":0}
{"id":"proj-9cu6","title":"Issue 171","status":"open","priority":2,"issue_type":"task","created_at":"2026-01-02T03:04:05Z","created_by":"tester","updated_at":"2026-01-02T03:04:05Z","source_repo":".","compaction_level":0,"original_size":0}
{"id":"proj-9d95","title":"Issue 459","status":"open","priority":2,"issue_type":"task","created_at":"2026-01-02T03:04:05Z","created_by":"tester","updated_at":"2026-01-02T03:04:05Z","source_repo":".","compaction_level":0,"original_size":0}
{"id":"proj-9e9","title":"Issue 111","status":"open","priority":2,"issue_type":"task","created_at":"2026-01-02T03:04:05Z","created_by":"tester","updated_at":"2026-01-02T03:04:05Z","source_repo":".","compaction_level":0,"original_size":0}
{"id":"proj-9glc","title":"Issue 895","status":"open","priority":2,"issue_type":"task","created_at":"2026-01-02T03:04:05Z","created_by":"tester","updated_at":"2026-01-02T03:04:05Z","source_repo":".","compaction_level":0,"original_size":0}
{"id":"proj-9gyq","title":"Issue 204","status":"open","priority":2,"issue_type":"task","created_at":"2026-01-02T03:04:05Z","created_by":"tester","updated_at":"2026-01-02T03:04:05Z","source_repo":".","compaction_level":0,"original_size":0}
{"id":"proj-9i7y","title":"Issue 261","status":"open","priority":2,"issue_type":"task","created_at":"2026-01-02T03:04:05Z","created_by":"tester","updated_at":"2026-01-02T03:04:05Z","source_repo":".","compaction_level":0,"original_size":0}
{"id":"proj-9jmp","title":"Issue 367","status":"open","priority":2,"issue_type":"task","created_at":"2026-01-02T03:04:05Z","created_by":"tester","updated_at":"2026-01-02T03:04:05Z","source_repo":".","compaction_level":0,"original_size":0}
{"id":"proj-9kiw","title":"Issue 513","status":"open","priority":2,"issue_type":"task","created_at":"2026-01-02T03:04:05Z","created_by":"tester","updated_at":"2026-01-02T03:04:05Z","source_repo":".","compaction_level":0,"original_size":0}
{"id":"proj-9ohk","title":"Issue 859","status":"open","priority":2,"issue_type":"task","created_at":"2026-01-02T03:04:05Z","created_by":"tester","updated_at":"2026-01-02T03:04:05Z","source_repo":".","compaction_level":0,"original_size":0}
{"id":"proj-9ozt","title":"Issue 434","status":"open","priority":2,"issue_type":"task","created_at":"2026-01-02T03:04:05Z","created_by":"tester","updated_at":"2026-01-02T03:04:05Z","source_repo":".","compaction_level":0,"original_size":0}
{"id":"proj-9pdf","title":"Issue 323","status":"open","priority":2,"issue_type":"task","created_at":"2026-01-02T03:04:05Z","created_by":"tester","updated_at":"2026-01-02T03:04:05Z","source_repo":".","compaction_level":0,"original_size":0}
{"id":"proj-9pfy","title":"Issue 877","status":"open","priority":2,"issue_type":"task","created_at":"2026-01-02T03:04:05Z","created_by":"tester","updated_at":"2026-01-02T03:04:05Z","source_repo":".","compaction_level":0,"original_size":0}
{"id":"proj-9s1y","title":"Issue 763","status":"open","priority":2,"issue_type":"task","created_at":"2026-01-02T03:04:05Z","created_by":"tester","updated_at":"2026-01-02T03:04:05Z","source_repo":".","compaction_level":0,"original_size":0}
{"id":"proj-9v43","title":"Issue 811","status":"open","priority":2,"issue_type":"task","created_at":"2026-01-02T03:04:05Z","created_by":"tester","updated_at":"2026-01-02T03:04:05Z","source_repo":".","compaction_level":0,"original_size":0}
{"id":"proj-9x6w","title":"Issue 419","status":"open","priority":2,"issue_type":"task","created_at":"2026-01-02T03:04:05Z","created_by":"tester","updated_at":"2026-01-02T03:04:05Z","source_repo":".","compaction_level":0,"original_size":0}
{"id":"proj-a0tt","title":"Issue 815","status":"open","priority":2,"issue_type":"task","created_at":"2026-01-02T03:04:05Z","created_by":"tester","updated_at":"2026-01-02T03:04:05Z","source_repo":".","compaction_level":0,"original_size":0}
{"id":"proj-a291","title":"Issue 883","status":"open","priority":2,"issue_type":"task","created_at":"2026-01-02T03:04:05Z","created_by":"tester","updated_at":"2026-01-02T03:04:05Z","source_repo":".","compaction_level":0,"original_size":0}
{"id":"proj-a4u0","title":"Issue 520","status":"open","priority":2,"issue_type":"task","created_at":"2026-01-02T03:04:05Z","created_by":"tester","updated_at":"2026-01-02T03:04:05Z","source_repo":".","compaction_level":0,"original_size":0}
{"id":"proj-a55","title":"Issue 85","status":"open","priority":2,"issue_type":"task","created_at":"2026-01-02T03:04:05Z","created_by":"tester","updated_at":"2026-01-02T03:04:05Z","source_repo":".","compaction_level":0,"original_size":0}
{"id":"proj-a7es","title":"Issue 426","status":"open","priority":2,"issue_type":"task","created_at":"2026-01-02T03:04:05Z","created_by":"tester","updated_at":"2026-01-02T03:04:05Z","source_repo":".","compaction_level":0,"original_size":0}
{"id":"proj-a9kh","title":"Issue 180","status":"open","priority":2,"issue_type":"task","created_at":"2026-01-02T03:04:05Z","created_by":"tester","updated_at":"2026-01-02T03:04:05Z","source_repo":".","compaction_level":0,"original_size":0}
{"id":"proj-aawk","title":"Issue 976","status":"open","priority":2,"issue_type":"task","created_at":"2026-01-02T03:04:05Z","created_by":"tester","updated_at":"2026-01-02T03:04:05Z","source_repo":".","compaction_level":0,"original_size":0}
{"id":"proj-aevu","title":"Issue 382","status":"open","priority":2,"issue_type":"task","created_at":"2026-01-02T03:04:05Z","created_by":"tester","updated_at":"2026-01-02T03:04:05Z","source_repo":".","compaction_level":0,"original_size":0}
{"id":"proj-afa9","title":"Issue 955","status":"open","priority":2,"issue_type":"task","created_at":"2026-01-02T03:04:05Z","created_by":"tester","updated_at":"2026-01-02T03:04:05Z","source_repo":".","compaction_level":0,"original_size":0}
{"id":"proj-aif","title":"Issue 76","status":"open","priority":2,"issue_type":"task","created_at":"2026-01-02T03:04:05Z","created_by":"tester","updated_at":"2026-01-02T03:04:05Z","source_repo":".","compaction_level":0,"original_size":0}
{"id":"proj-ajsm","title":"Issue 611","status":"open","priority":2,"issue_type":"task","created_at":"2026-01-02T03:04:05Z","created_by":"tester","updated_at":"2026-01-02T03:04:05Z","source_repo":".","compaction_level":0,"original_size":0}
{"id":"proj-all","title":"Issue 84","status":"open","priority":2,"issue_type":"task","created_at":"2026-01-02T03:04:05Z","created_by":"tester","updated_at":"2026-01-02T03:04:05Z","source_repo":".","compaction_level":0,"original_size":0}
{"id":"proj-apnc","title":"Issue 295","status":"open","priority":2,"issue_type":"task","created_at":"2026-01-02T03:04:05Z","created_by":"tester","updated_at":"2026-01-02T03:04:05Z","source_repo":".","compaction_level":0,"original_size":0}
{"id":"proj-are8","title":"Issue 556","status":"open","priority":2,"issue_type":"task","created_at":"2026-01-02T03:04:05Z","created_by":"tester","updated_at":"2026-01-02T03:04:05Z","source_repo":".","compaction_level":0,"original_size":0}
{"id":"proj-argo","title":"Issue 344","status":"open","priority":2,"issue_type":"task","created_at":"2026-01-02T03:04:05Z","created_by":"tester","updated_at":"2026-01-02T03:04:05Z","source_repo":".","compaction_level":0,"original_size":0}
{"id":"proj-avvm","title":"Issue 315","status":"open","priority":2,"issue_type":"task","created_at":"2026-01-02T03:04:05Z","created_by":"tester","updated_at":"2026-01-02T03:04:05Z","source_repo":".","compaction_level":0,"original_size":0}
{"id":"proj-avwp","title":"Issue 400","status":"open","priority":2,"issue_type":"task","created_at":"2026-01-02T03:04:05Z","created_by":"tester","updated_at":"2026-01-02T03:04:05Z","source_repo":".","compaction_level":0,"original_size":0}
{"id":"proj-ay30","title":"Issue 839","status":"open","priority":2,"issue_type":"task","created_at":"2026-01-02T03:04:05Z","created_by":"tester","updated_at":"2026-01-02T03:04:05Z","source_repo":".","compaction_level":0,"original_size":0}
{"id":"proj-aznl","title":"Issue 442","status":"open","priority":2,"issue_type":"task","created_at":"2026-01-02T03:04:05Z","created_by":"tester","updated_at":"2026-01-02T03:04:05Z","source_repo":".","compaction_level":0,"original_size":0}
{"id":"proj-b399","title":"Issue 409","status":"open","priority":2,"issue_type":"task","created_at":"2026-01-02T03:04:05Z","created_by":"tester","updated_at":"2026-01-02T03:04:05Z","source_repo":".","compaction_level":0,"original_size":0}
{"id":"proj-b3si","title":"Issue 868","status":"open","priority":2,"issue_type":"task","created_at":"2026-01-02T03:04:05Z","created_by":"tester","updated_at":"2026-01-02T03:04:05Z","source_repo":".","compaction_level":0,"original_size":0}
{"id":"proj-b50j","title":"Issue 836","status":"open","priority":2,"issue_type":"task","created_at":"2026-01-02T03:04:05Z","created_by":"tester","updated_at":"2026-01-02T03:04:05Z","source_repo":".","compaction_level":0,"original_size":0}
{"id":"proj-b7yy","title":"Issue 340","status":"open","priority":2,"issue_type":"task","created_at":"2026-01-02T03:04:05Z","created_by":"tester","updated_at":"2026-01-02T03:04:05Z","source_repo":".","compaction_level":0,"original_size":0}
{"id":"proj-b8hr","title":"Issue 799","status":"open","priority":2,"issue_type":"task","created_at":"2026-01-02T03:04:05Z","created_by":"tester","updated_at":"2026-01-02T03:04:05Z","source_repo":".","compaction_level":0,"original_size":0}
{"id":"proj-b9qs","title":"Issue 630","status":"open","priority":2,"issue_type":"task","created_at":"2026-01-02T03:04:05Z","created_by":"tester","updated_at":"2026-01-02T03:04:05Z","source_repo":".","compaction_level":0,"original_size":0}
{"id":"proj-b9y","title":"Issue 74","status":"open","priority":2,"issue_type":"task","created_at":"2026-01-02T03:04:05Z","created_by":"tester","updated_at":"2026-01-02T03:04:05Z","source_repo":".","compaction_level":0,"original_size":0}
{"id":"proj-bbtk","title":"Issue 604","status":"open","priority":2,"issue_type":"task","created_at":"2026-01-02T03:04:05Z","created_by":"tester","updated_at":"2026-01-02T03:04:05Z","source_repo":".","compaction_level":0,"original_size":0}
{"id":"proj-bd6s","title":"Issue 934","status":"open","priority":2,"issue_type":"task","created_at":"2026-01-02T03:04:05Z","created_by":"tester","updated_at":"2026-01-02T03:04:05Z","source_repo":".","compaction_level":0,"original_size":0}
{"id":"proj-bfc","title":"Issue 129","status":"open","priority":2,"issue_type":"task","created_at":"2026-01-02T03:04:05Z","created_by":"tester","updated_at":"2026-01-02T03:04:05Z","source_repo":".","compaction_level":0,"original_size":0}
{"id":"proj-bfdg","title":"Issue 578","status":"open","priority":2,"issue_type":"task","created_at":"2026-01-02T03:04:05Z","created_by":"tester","updated_at":"2026-01-02T03:04:05Z","source_repo":".","compaction_level":0,"original_size":0}
{"id":"proj-bh4s","title":"Issue 623","status":"open","priority":2,"issue_type":"task","created_at":"2026-01-02T03:04:05Z","created_by":"tester","updated_at":"2026-01-02T03:04:05Z","source_repo":".","compaction_level":0,"original_size":0}
{"id":"proj-bhs7","title":"Issue 694","status":"open","priority":2,"issue_type":"task","created_at":"2026-01-02T03:04:05Z","created_by":"tester","updated_at":"2026-01-02T03:04:05Z","source_repo":".","compaction_level":0,"original_size":0}
{"id":"proj-bi0","title":"Issue 14","status":"open","priority":2,"issue_type":"task","created_at":"2026-01-02T03:04:05Z","created_by":"tester","updated_at":"2026-01-02T03:04:05Z","source_repo":".","compaction_level":0,"original_size":0}
{"id":"proj-bifr","title":"Issue 757","status":"open","priority":2,"issue_type":"task","created_at":"2026-01-02T03:04:05Z","created_by":"tester","updated_at":"2026-01-02T03:04:05Z","source_repo":".","compaction_level":0,"original_size":0}
{"id":"proj-bj19","title":"Issue 239","status":"open","priority":2,"issue_type":"task","created_at":"2026-01-02T03:04:05Z","created_by":"tester","updated_at":"2026-01-02T03:04:05Z","source_repo":".","compaction_level":0,"original_size":0}
{"id":"proj-bjjk","title":"Issue 352","status":"open","priority":2,"issue_type":"task","created_at":"2026-01-02T03:04:05Z","created_by":"tester","updated_at":"2026-01-02T03:04:05Z","source_repo":".","compaction_level":0,"original_size":0}
{"id":"proj-bk4h","title":"Issue 226","status":"open","priority":2,"issue_type":"task","created_at":"2026-01-02T03:04:05Z","created_by":"tester","updated_at":"2026-01-02T03:04:05Z","source_repo":".","compaction_level":0,"original_size":0}
{"id":"proj-bk5h","title":"Issue 237","status":"open","priority":2,"issue_type":"task","created_at":"2026-01-02T03:04:05Z","created_by":"tester","updated_at":"2026-01-02T03:04:05Z","source_repo":".","compaction_level":0,"original_size":0}
{"id":"proj-bllu","title":"Issue 887","status":"open","priority":2,"issue_type":"task","created_at":"2026-01-02T03:04:05Z","created_by":"tester","updated_at":"2026-01-02T03:04:05Z","source_repo":".","compaction_level":0,"original_size":0}
{"id":"proj-bm3","title":"Issue 19","status":"open","priority":2,"issue_type":"task","created_at":"2026-01-02T03:04:05Z","created_by":"tester","updated_at":"2026-01-02T03:04:05Z","source_repo":".","compaction_level":0,"original_size":0}
{"id":"proj-bo9o","title":"Issue 544","status":"open","priority":2,"issue_type":"task","created_at":"2026-01-02T03:04:05Z","created_by":"tester","updated_at":"2026-01-02T03:04:05Z","source_repo":".","compaction_level":0,"original_size":0}
{"id":"proj-bon1","title":"Issue 943","status":"open","priority":2,"issue_type":"task","created_at":"2026-01-02T03:04:05Z","created_by":"tester","updated_at":"2026-01-02T03:04:05Z","source_repo":".","compaction_level":0,"original_size":0}
{"id":"proj-bqjd","title":"Issue 888","status":"open","priority":2,"issue_type":"task","created_at":"2026-01-02T03:04:05Z","created_by":"tester","updated_at":"2026-01-02T03:04:05Z","source_repo":".","compaction_level":0,"original_size":0}
{"id":"proj-bre1","title":"Issue 963","status":"open","priority":2,"issue_type":"task","created_at":"2026-01-02T03:04:05Z","created_by":"tester","updated_at":"2026-01-02T03:04:05Z","source_repo":".","compaction_level":0,"original_size":0}
{"id":"proj-bsd","title":"Issue 72","status":"open","priority":2,"issue_type":"task","created_at":"2026-01-02T03:04:05Z","created_by":"tester","updated_at":"2026-01-02T03:04:05Z","source_repo":".","compaction_level":0,"original_size":0}
{"id":"proj-bts","title":"Issue 54","status":"open","priority":2,"issue_type":"task","created_at":"2026-01-02T03:04:05Z","created_by":"tester","updated_at":"2026-01-02T03:04:05Z","source_repo":".","compaction_level":0,"original_size":0}
{"id":"proj-btyq","title":"Issue 653","status":"open","priority":2,"issue_type":"task","created_at":"2026-01-02T03:04:05Z","created_by":"tester","updated_at":"2026-01-02T03:04:05Z","source_repo":".","compaction_level":0,"original_size":0}
{"id":"proj-buqd","title":"Issue 846","status":"open","priority":2,"issue_type":"task","created_at":"2026-01-02T03:04:05Z","created_by":"tester","updated_at":"2026-01-02T03:04:05Z","source_repo":".","compaction_level":0,"original_size":0}
{"id":"proj-bxbp","title":"Issue 363","status":"open","priority":2,"issue_type":"task","created_at":"2026-01-02T03:04:05Z","created_by":"tester","updated_at":"2026-01-02T03:04:05Z","source_repo":".","compaction_level":0,"original_size":0}
{"id":"proj-bz1","title":"Issue 104","status":"open","priority":2,"issue_type":"task","created_at":"2026-01-02T03:04:05Z","created_by":"tester","updated_at":"2026-01-02T03:04:05Z","source_repo":".","compaction_level":0,"original_size":0}
{"id":"proj-bzr","title":"Issue 150","status":"open","priority":2,"issue_type":"task","created_at":"2026-01-02T03:04:05Z","created_by":"tester","updated_at":"2026-01-02T03:04:05Z","source_repo":".","compaction_level":0,"original_size":0}
{"id":"proj-c1pm","title":"Issue 364","status":"open","priority":2,"issue_type":"task","created_at":"2026-01-02T03:04:05Z","created_by":"tester","updated_at":"2026-01-02T03:04:05Z","source_repo":".","compaction_level":0,"original_size":0}
{"id":"proj-c47","title":"Issue 136","status":"open","priority":2,"issue_type":"task","created_at":"2026-01-02T03:04:05Z","created_by":"tester","updated_at":"2026-01-02T03:04:05Z","source_repo":".","compaction_level":0,"original_size":0}
{"id":"proj-c4q","title":"Issue 78","status":"open","priority":2,"issue_type":"task","created_at":"2026-01-02T03:04:05Z","created_by":"tester","updated_at":"2026-01-02T03:04:05Z","source_repo":".","compaction_level":0,"original_size":0}
{"id":"proj-c4x","title":"Issue 39","status":"open","priority":2,"issue_type":"task","created_at":"2026-01-02T03:04:05Z","created_by":"tester","updated_at":"2026-01-02T03:04:05Z","source_repo":".","compaction_level":0,"original_size":0}
{"id":"proj-c68","title":"Issue 155","status":"open","priority":2,"issue_type":"task","created_at":"2026-01-02T03:04:05Z","created_by":"tester","updated_at":"2026-01-02T03:04:05Z","source_repo":".","compaction_level":0,"original_size":0}
{"id":"proj-c69w","title":"Issue 377","status":"open","priority":2,"issue_type":"task","created_at":"2026-01-02T03:04:05Z","created_by":"tester","updated_at":"2026-01-02T03:04:05Z","source_repo":".","compaction_level":0,"original_size":0}
{"id":"proj-c766","title":"Issue 519","status":"open","priority":2,"issue_type":"task","created_at":"2026-01-02T03:04:05Z","created_by":"tester","updated_at":"2026-01-02T03:04:05Z","source_repo":".","compaction_level":0,"original_size":0}
{"id":"proj-c8ls","title":"Issue 948","status":"open","priority":2,"issue_type":"task","created_at":"2026-01-02T03:04:05Z","created_by":"tester","updated_at":"2026-01-02T03:04:05Z","source_repo":".","compaction_level":0,"original_size":0}
{"id":"proj-c8yp","title":"Issue 923","status":"open","priority":2,"issue_type":"task","created_at":"2026-01-02T03:04:05Z","created_by":"tester","updated_at":"2026-01-02T03:04:05Z","source_repo":".","compaction_level":0,"original_size":0}
{"id":"proj-cayk","title":"Issue 571","status":"open","priority":2,"issue_type":"task","created_at":"2026-01-02T03:04:05Z","created_by":"tester","updated_at":"2026-01-02T03:04:05Z","source_repo":".","compaction_level":0,"original_size":0}
{"id":"proj-cbgi","title":"Issue 793","status":"open","priority":2,"issue_type":"task","created_at":"2026-01-02T03:04:05Z","created_by":"tester","updated_at":"2026-01-02T03:04:05Z","source_repo":".","compaction_level":0,"original_size":0}
{"id":"proj-cgkp","title":"Issue 818","status":"open","priority":2,"issue_type":"task","created_at":"2026-01-02T03:04:05Z","created_by":"tester","updated_at":"2026-01-02T03:04:05Z","source_repo":".","compaction_level":0,"original_size":0}
{"id":"proj-cgza","title":"Issue 189","status":"open","priority":2,"issue_type":"task","created_at":"2026-01-02T03:04:05Z","created_by":"tester","updated_at":"2026-01-02T03:04:05Z","source_repo":".","compaction_level":0,"original_size":0}
{"id":"proj-cie5","title":"Issue 168","status":"open","priority":2,"issue_type":"task","created_at":"2026-01-02T03:04:05Z","created_by":"tester","updated_at":"2026-01-02T03:04:05Z","source_repo":".","compaction_level":0,"original_size":0}
{"id":"proj-cjx2","title":"Issue 949","status":"open","priority":2,"issue_type":"task","created_at":"2026-01-02T03:04:05Z","created_by":"tester","updated_at":"2026-01-02T03:04:05Z","source_repo":".","compaction_level":0,"original_size":0}
{"id":"proj-cjy","title":"Issue 58","status":"open","priority":2,"issue_type":"task","created_at":"2026-01-02T03:04:05Z","created_by":"tester","updated_at":"2026-01-02T03:04:05Z","source_repo":".","compaction_level":0,"original_size":0}
{"id":"proj-ck6x","title":"Issue 199","status":"open","priority":2,"issue_type":"task","created_at":"2026-01-02T03:04:05Z","created_by":"tester","updated_at":"2026-01-02T03:04:05Z","source_repo":".","compaction_level":0,"original_size":0}
{"id":"proj-ckfw","title":"Issue 386","status":"open","priority":2,"issue_type":"task","created_at":"2026-01-02T03:04:05Z","created_by":"tester","updated_at":"2026-01-02T03:04:05Z","source_repo":".","compaction_level":0,"original_size":0}
{"id":"proj-cl7","title":"Issue 137","status":"open","priority":2,"issue_type":"task","created_at":"2026-01-02T03:04:05Z","created_by":"tester","updated_at":"2026-01-02T03:04:05Z","source_repo":".","compaction_level":0,"original_size":0}
{"id":"proj-copn","title":"Issue 625","status":"open","priority":2,"issue_type":"task","created_at":"2026-01-02T03:04:05Z","created_by":"tester","updated_at":"2026-01-02T03:04:05Z","source_repo":".","compaction_level":0,"original_size":0}
{"id":"proj-cpa1","title":"Issue 188","status":"open","priority":2,"issue_type":"task","created_at":"2026-01-02T03:04:05Z","created_by":"tester","updated_at":"2026-01-02T03:04:05Z","source_repo":".","compaction_level":0,"original_size":0}
{"id":"proj-cqla","title":"Issue 370","status":"open","priority":2,"issue_type":"task","created_at":"2026-01-02T03:04:05Z","created_by":"tester","updated_at":"2026-01-02T03:04:05Z","source_repo":".","compaction_level":0,"original_size":0}
{"id":"proj-cr7w","title":"Issue 337","status":"open","priority":2,"issue_type":"task","created_at":"2026-01-02T03:04:05Z","created_by":"tester","updated_at":"2026-01-02T03:04:05Z","source_repo":".","compaction_level":0,"original_size":0}
{"id":"proj-crts","title":"Issue 801","status":"open","priority":2,"issue_type":"task","created_at":"2026-01-02T03:04:05Z","created_by":"tester","updated_at":"2026-01-02T03:04:05Z","source_repo":".","compaction_level":0,"original_size":0}
{"id":"proj-ct45","title":"Issue 915","status":"open","priority":2,"issue_type":"task","created_at":"2026-01-02T03:04:05Z","created_by":"tester","updated_at":"2026-01-02T03:04:05Z","source_repo":".","compaction_level":0,"original_size":0}
{"id":"proj-cuc8","title":"Issue 962","status":"open","priority":2,"issue_type":"task","created_at":"2026-01-02T03:04:05Z","created_by":"tester","updated_at":"2026-01-02T03:04:05Z","source_repo":".","compaction_level":0,"original_size":0}
{"id":"proj-cznv","title":"Issue 893","status":"open","priority":2,"issue_type":"task","created_at":"2026-01-02T03:04:05Z","created_by":"tester","updated_at":"2026-01-02T03:04:05Z","source_repo":".","compaction_level":0,"original_size":0}
{"id":"proj-d05w","title":"Issue 268","status":"open","priority":2,"issue_type":"task","created_at":"2026-01-02T03:04:05Z","created_by":"tester","updated_at":"2026-01-02T03:04:05Z","source_repo":".","compaction_level":0,"original_size":0}
{"id":"proj-d0kr","title":"Issue 980","status":"open","priority":2,"issue_type":"task","created_at":"2026-01-02T03:04:05Z","created_by":"tester","updated_at":"2026-01-02T03:04:05Z","source_repo":".","compaction_level":0,"original_size":0}
{"id":"proj-d2av","title":"Issue 737","status":"open","priority":2,"issue_type":"task","created_at":"2026-01-02T03:04:05Z","created_by":"tester","updated_at":"2026-01-02T03:04:05Z","source_repo":".","compaction_level":0,"original_size":0}
{"id":"proj-d3i2","title":"Issue 841","status":"open","priority":2,"issue_type":"task","created_at":"2026-01-02T03:04:05Z","created_by":"tester","updated_at":"2026-01-02T03:04:05Z","source_repo":".","compaction_level":0,"original_size":0}
{"id":"proj-d5ve","title":"Issue 353","status":"open","priority":2,"issue_type":"task","created_at":"2026-01-02T03:04:05Z","created_by":"tester","updated_at":"2026-01-02T03:04:05Z","source_repo":".","compaction_level":0,"original_size":0}
{"id":"proj-d707","title":"Issue 858","status":"open","priority":2,"issue_type":"task","created_at":"2026-01-02T03:04:05Z","created_by":"tester","updated_at":"2026-01-02T03:04:05Z","source_repo":".","compaction_level":0,"original_size":0}
{"id":"proj-d7h","title":"Issue 143","status":"open","priority":2,"issue_type":"task","created_at":"2026-01-02T03:04:05Z","created_by":"tester","updated_at":"2026-01-02T03:04:05Z","source_repo":".","compaction_level":0,"original_size":0}
{"id":"proj-d9s8","title":"Issue 731","status":"open","priority":2,"issue_type":"task","created_at":"2026-01-02T03:04:05Z","created_by":"tester","updated_at":"2026-01-02T03:04:05Z","source_repo":".","compaction_level":0,"original_size":0}
{"id":"proj-dak9","title":"Issue 193","status":"open","priority":2,"issue_type":"task","created_at":"2026-01-02T03:04:05Z","created_by":"tester","updated_at":"2026-01-02T03:04:05Z","source_repo":".","compaction_level":0,"original_size":0}
{"id":"proj-degg","title":"Issue 637","status":"open","priority":2,"issue_type":"task","created_at":"2026-01-02T03:04:05Z","created_by":"tester","updated_at":"2026-01-02T03:04:05Z","source_repo":".","compaction_level":0,"original_size":0}
{"id":"proj-dh61","title":"Issue 580","status":"open","priority":2,"issue_type":"task","created_at":"2026-01-02T03:04:05Z","created_by":"tester","updated_at":"2026-01-02T03:04:05Z","source_repo":".","compaction_level":0,"original_size":0}
{"id":"proj-dha5","title":"Issue 549","status":"open","priority":2,"issue_type":"task","created_at":"2026-01-02T03:04:05Z","created_by":"tester","updated_at":"2026-01-02T03:04:05Z","source_repo":".","compaction_level":0,"original_size":0}
{"id":"proj-dhlt","title":"Issue 447","status":"open","priority":2,"issue_type":"task","created_at":"2026-01-02T03:04:05Z","created_by":"tester","updated_at":"2026-01-02T03:04:05Z","source_repo":".","compaction_level":0,"original_size":0}
{"id":"proj-djoe","title":"Issue 393","status":"open","priority":2,"issue_type":"task","created_at":"2026-01-02T03:04:05Z","created_by":"tester","updated_at":"2026-01-02T03:04:05Z","source_repo":".","compaction_level":0,"original_size":0}
{"id":"proj-djsz","title":"Issue 444","status":"open","priority":2,"issue_type":"task","created_at":"2026-01-02T03:04:05Z","created_by":"tester","updated_at":"2026-01-02T03:04:05Z","source_repo":".","compaction_level":0,"original_size":0}
{"id":"proj-dkih","title":"Issue 371","status":"open","priority":2,"issue_type":"task","created_at":"2026-01-02T03:04:05Z","created_by":"tester","updated_at":"2026-01-02T03:04:05Z","source_repo":".","compaction_level":0,"original_size":0}
{"id":"proj-dkm8","title":"Issue 631","status":"open","priority":2,"issue_type":"task","created_at":"2026-01-02T03:04:05Z","created_by":"tester","updated_at":"2026-01-02T03:04:05Z","source_repo":".","compaction_level":0,"original_size":0}
{"id":"proj-dm9f","title":"Issue 782","status":"open","priority":2,"issue_type":"task","created_at":"2026-01-02T03:04:05Z","created_by":"tester","updated_at":"2026-01-02T03:04:05Z","source_repo":".","compaction_level":0,"original_size":0}
{"id":"proj-dnbx","title":"Issue 886","status":"open","priority":2,"issue_type":"task","created_at":"2026-01-02T03:04:05Z","created_by":"tester","updated_at":"2026-01-02T03:04:05Z","source_repo":".","compaction_level":0,"original_size":0}
{"id":"proj-dnv5","title":"Issue 843","status":"open","priority":2,"issue_type":"task","created_at":"2026-01-02T03:04:05Z","created_by":"tester","updated_at":"2026-01-02T03:04:05Z","source_repo":".","compaction_level":0,"original_size":0}
{"id":"proj-dql","title":"Issue 75","status":"open","priority":2,"issue_type":"task","created_at":"2026-01-02T03:04:05Z","created_by":"tester","updated_at":"2026-01-02T03:04:05Z","source_repo":".","compaction_level":0,"original_size":0}
{"id":"proj-ds19","title":"Issue 911","status":"open","priority":2,"issue_type":"task","created_at":"2026-01-02T03:04:05Z","created_by":"tester","updated_at":"2026-01-02T03:04:05Z","source_repo":".","compaction_level":0,"original_size":0}
{"id":"proj-ds6j","title":"Issue 616","status":"open","priority":2,"issue_type":"task","created_at":"2026-01-02T03:04:05Z","created_by":"tester","updated_at":"2026-01-02T03:04:05Z","source_repo":".","compaction_level":0,"original_size":0}
{"id":"proj-dvpg","title":"Issue 598","status":"open","priority":2,"issue_type":"task","created_at":"2026-01-02T03:04:05Z","created_by":"tester","updated_at":"2026-01-02T03:04:05Z","source_repo":".","compaction_level":0,"original_size":0}
{"id":"proj-dxk","title":"Issue 50","status":"open","priority":2,"issue_type":"task","created_at":"2026-01-02T03:04:05Z","created_by":"tester","updated_at":"2026-01-02T03:04:05Z","source_repo":".","compaction_level":0,"original_size":0}
{"id":"proj-e041","title":"Issue 322","status":"open","priority":2,"issue_type":"task","created_at":"2026-01-02T03:04:05Z","created_by":"tester","updated_at":"2026-01-02T03:04:05Z","source_repo":".","compaction_level":0,"original_size":0}
{"id":"proj-e10v","title":"Issue 712","status":"open","priority":2,"issue_type":"task","created_at":"2026-01-02T03:04:05Z","created_by":"tester","updated_at":"2026-01-02T03:04:05Z","source_repo":".","compaction_level":0,"original_size":0}
{"id":"proj-e3je","title":"Issue 258","status":"open","priority":2,"issue_type":"task","created_at":"2026-01-02T03:04:05Z","created_by":"tester","updated_at":"2026-01-02T03:04:05Z","source_repo":".","compaction_level":0,"original_size":0}
{"id":"proj-e4uj","title":"Issue 314","status":"open","priority":2,"issue_type":"task","created_at":"2026-01-02T03:04:05Z","created_by":"tester","updated_at":"2026-01-02T03:04:05Z","source_repo":".","compaction_level":0,"original_size":0}
{"id":"proj-e5d","title":"Issue 86","status":"open","priority":2,"issue_type":"task","created_at":"2026-01-02T03:04:05Z","created_by":"tester","updated_at":"2026-01-02T03:04:05Z","source_repo":".","compaction_level":0,"original_size":0}
{"id":"proj-e6ko","title":"Issue 779","status":"open","priority":2,"issue_type":"task","created_at":"2026-01-02T03:04:05Z","created_by":"tester","updated_at":"2026-01-02T03:04:05Z","source_repo":".","compaction_level":0,"original_size":0}
{"id":"proj-e6r","title":"Issue 101","status":"open","priority":2,"issue_type":"task","created_at":"2026-01-02T03:04:05Z","created_by":"tester","updated_at":"2026-01-02T03:04:05Z","source_repo":".","compaction_level":0,"original_size":0}
{"id":"proj-e82d","title":"Issue 777","status":"open","priority":2,"issue_type":"task","created_at":"2026-01-02T03:04:05Z","created_by":"tester","updated_at":"2026-01-02T03:04:05Z","source_repo":".","compaction_level":0,"original_size":0}
{"id":"proj-e8uw","title":"Issue 969","status":"open","priority":2,"issue_type":"task","created_at":"2026-01-02T03:04:05Z","created_by":"tester","updated_at":"2026-01-02T03:04:05Z","source_repo":".","compaction_level":0,"original_size":0}
{"id":"proj-e9a3","title":"Issue 568","status":"open","priority":2,"issue_type":"task","created_at":"2026-01-02T03:04:05Z","created_by":"tester","updated_at":"2026-01-02T03:04:05Z","source_repo":".","compaction_level":0,"original_size":0}
{"id":"proj-earb","title":"Issue 354","status":"open","priority":2,"issue_type":"task","created_at":"2026-01-02T03:04:05Z","created_by":"tester","updated_at":"2026-01-02T03:04:05Z","source_repo":".","compaction_level":0,"original_size":0}
{"id":"proj-eiiq","title":"Issue 682","status":"open","priority":2,"issue_type":"task","created_at":"2026-01-02T03:04:05Z","created_by":"tester","updated_at":"2026-01-02T03:04:05Z","source_repo":".","compaction_level":0,"original_size":0}
{"id":"proj-eimq","title":"Issue 681","status":"open","priority":2,"issue_type":"task","created_at":"2026-01-02T03:04:05Z","created_by":"tester","updated_at":"2026-01-02T03:04:05Z","source_repo":".","compaction_level":0,"original_size":0}
{"id":"proj-elf8","title":"Issue 612","status":"open","priority":2,"issue_type":"task","created_at":"2026-01-02T03:04:05Z","created_by":"tester","updated_at":"2026-01-02T03:04:05Z","source_repo":".","compaction_level":0,"original_size":0}
{"id":"proj-em8e","title":"Issue 525","status":"open","priority":2,"issue_type":"task","created_at":"2026-01-02T03:04:05Z","created_by":"tester","updated_at":"2026-01-02T03:04:05Z","source_repo":".","compaction_level":0,"original_size":0}
{"id":"proj-emhs","title":"Issue 840","status":"open","priority":2,"issue_type":"task","created_at":"2026-01-02T03:04:05Z","created_by":"tester","updated_at":"2026-01-02T03:04:05Z","source_repo":".","compaction_level":0,"original_size":0}
{"id":"proj-emsn","title":"Issue 861","status":"open","priority":2,"issue_type":"task","created_at":"2026-01-02T03:04:05Z","created_by":"tester","updated_at":"2026-01-02T03:04:05Z","source_repo":".","compaction_level":0,"original_size":0}
{"id":"proj-enpd","title":"Issue 506","status":"open","priority":2,"issue_type":"task","created_at":"2026-01-02T03:04:05Z","created_by":"tester","updated_at":"2026-01-02T03:04:05Z","source_repo":".","compaction_level":0,"original_size":0}
{"id":"proj-eotb","title":"Issue 583","status":"open","priority":2,"issue_type":"task","created_at":"2026-01-02T03:04:05Z","created_by":"tester","updated_at":"2026-01-02T03:04:05Z","source_repo":".","compaction_level":0,"original_size":0}
{"id":"proj-epd1","title":"Issue 673","status":"open","priority":2,"issue_type":"task","created_at":"2026-01-02T03:04:05Z","created_by":"tester","updated_at":"2026-01-02T03:04:05Z","source_repo":".","compaction_level":0,"original_size":0}
{"id":"proj-epk7","title":"Issue 817","status":"open","priority":2,"issue_type":"task","created_at":"2026-01-02T03:04:05Z","created_by":"tester","updated_at":"2026-01-02T03:04:05Z","source_repo":".","compaction_level":0,"original_size":0}
{"id":"proj-eql","title":"Issue 93","status":"open","priority":2,"issue_type":"task","created_at":"2026-01-02T03:04:05Z","created_by":"tester","updated_at":"2026-01-02T03:04:05Z","source_repo":".","compaction_level":0,"original_size":0}
{"id":"proj-er33","title":"Issue 191","status":"open","priority":2,"issue_type":"task","created_at":"2026-01-02T03:04:05Z","created_by":"tester","updated_at":"2026-01-02T03:04:05Z","source_repo":".","compaction_level":0,"original_size":0}
{"id":"proj-erwi","title":"Issue 937","status":"open","priority":2,"issue_type":"task","created_at":"2026-01-02T03:04:05Z","created_by":"tester","updated_at":"2026-01-02T03:04:05Z","source_repo":".","compaction_level":0,"original_size":0}
{"id":"proj-eu6","title":"Issue 23","status":"open","priority":2,"issue_type":"task","created_at":"2026-01-02T03:04:05Z","created_by":"tester","updated_at":"2026-01-02T03:04:05Z","source_repo":".","compaction_level":0,"original_size":0}
{"id":"proj-eux","title":"Issue 59","status":"open","priority":2,"issue_type":"task","created_at":"2026-01-02T03:04:05Z","created_by":"tester","updated_at":"2026-01-02T03:04:05Z","source_repo":".","compaction_level":0,"original_size":0}
{"id":"proj-ew1b","title":"Issue 835","status":"open","priority":2,"issue_type":"task","created_at":"2026-01-02T03:04:05Z","created_by":"tester","updated_at":"2026-01-02T03:04:05Z","source_repo":".","compaction_level":0,"original_size":0}
{"id":"proj-exb0","title":"Issue 217","status":"open","priority":2,"issue_type":"task","created_at":"2026-01-02T03:04:05Z","created_by":"tester","updated_at":"2026-01-02T03:04:05Z","source_repo":".","compaction_level":0,"original_size":0}
{"id":"proj-eytn","title":"Issue 430","status":"open","priority":2,"issue_type":"task","created_at":"2026-01-02T03:04:05Z","created_by":"tester","updated_at":"2026-01-02T03:04:05Z","source_repo":".","compaction_level":0,"original_size":0}
{"id":"proj-ez1k","title":"Issue 736","status":"open","priority":2,"issue_type":"task","created_at":"2026-01-02T03:04:05Z","created_by":"tester","updated_at":"2026-01-02T03:04:05Z","source_repo":".","compaction_level":0,"original_size":0}
{"id":"proj-f0cg","title":"Issue 251","status":"open","priority":2,"issue_type":"task","created_at":"2026-01-02T03:04:05Z","created_by":"tester","updated_at":"2026-01-02T03:04:05Z","source_repo":".","compaction_level":0,"original_size":0}
{"id":"proj-f2i4","title":"Issue 663","status":"open","priority":2,"issue_type":"task","created_at":"2026-01-02T03:04:05Z","created_by":"tester","updated_at":"2026-01-02T03:04:05Z","source_repo":".","compaction_level":0,"original_size":0}
{"id":"proj-f4ks","title":"Issue 346","status":"open","priority":2,"issue_type":"task","created_at":"2026-01-02T03:04:05Z","created_by":"tester","updated_at":"2026-01-02T03:04:05Z","source_repo":".","compaction_level":0,"original_size":0}
{"id":"proj-f82l","title":"Issue 802","status":"open","priority":2,"issue_type":"task","created_at":"2026-01-02T03:04:05Z","created_by":"tester","updated_at":"2026-01-02T03:04:05Z","source_repo":".","compaction_level":0,"original_size":0}
{"id":"proj-f9o9","title":"Issue 515","status":"open","priority":2,"issue_type":"task","created_at":"2026-01-02T03:04:05Z","created_by":"tester","updated_at":"2026-01-02T03:04:05Z","source_repo":".","compaction_level":0,"original_size":0}
{"id":"proj-fbg8","title":"Issue 504","status":"open","priority":2,"issue_type":"task","created_at":"2026-01-02T03:04:05Z","created_by":"tester","updated_at":"2026-01-02T03:04:05Z","source_repo":".","compaction_level":0,"original_size":0}
{"id":"proj-fc1m","title":"Issue 229","status":"open","priority":2,"issue_type":"task","created_at":"2026-01-02T03:04:05Z","created_by":"tester","updated_at":"2026-01-02T03:04:05Z","source_repo":".","compaction_level":0,"original_size":0}
{"id":"proj-ff6","title":"Issue 9","status":"open","priority":2,"issue_type":"task","created_at":"2026-01-02T03:04:05Z","created_by":"tester","updated_at":"2026-01-02T03:04:05Z","source_repo":".","compaction_level":0,"original_size":0}
{"id":"proj-fgut","title":"Issue 247","status":"open","priority":2,"issue_type":"task","created_at":"2026-01-02T03:04:05Z","created_by":"tester","updated_at":"2026-01-02T03:04:05Z","source_repo":".","compaction_level":0,"original_size":0}
{"id":"proj-fh4o","title":"Issue 398","status":"open","priority":2,"issue_type":"task","created_at":"2026-01-02T03:04:05Z","created_by":"tester","updated_at":"2026-01-02T03:04:05Z","source_repo":".","compaction_level":0,"original_size":0}
{"id":"proj-fkhf","title":"Issue 575","status":"open","priority":2,"issue_type":"task","created_at":"2026-01-02T03:04:05Z","created_by":"tester","updated_at":"2026-01-02T03:04:05Z","source_repo":".","compaction_level":0,"original_size":0}
{"id":"proj-fkzw","title":"Issue 941","status":"open","priority":2,"issue_type":"task","created_at":"2026-01-02T03:04:05Z","created_by":"tester","updated_at":"2026-01-02T03:04:05Z","source_repo":".","compaction_level":0,"original_size":0}
{"id":"proj-fl6u","title":"Issue 749","status":"open","priority":2,"issue_type":"task","created_at":"2026-01-02T03:04:05Z","created_by":"tester","updated_at":"2026-01-02T03:04:05Z","source_repo":".","compaction_level":0,"original_size":0}
{"id":"proj-fo3l","title":"Issue 640","status":"open","priority":2,"issue_type":"task","created_at":"2026-01-02T03:04:05Z","created_by":"tester","updated_at":"2026-01-02T03:04:05Z","source_repo":".","compaction_level":0,"original_size":0}
{"id":"proj-fp4","title":"Issue 127","status":"open","priority":2,"issue_type":"task","created_at":"2026-01-02T03:04:05Z","created_by":"tester","updated_at":"2026-01-02T03:04:05Z","source_repo":".","compaction_level":0,"original_size":0}
{"id":"proj-fp9a","title":"Issue 512","status":"open","priority":2,"issue_type":"task","created_at":"2026-01-02T03:04:05Z","created_by":"tester","updated_at":"2026-01-02T03:04:05Z","source_repo":".","compaction_level":0,"original_size":0}
{"id":"proj-fpd1","title":"Issue 537","status":"open","priority":2,"issue_type":"task","created_at":"2026-01-02T03:04:05Z","created_by":"tester","updated_at":"2026-01-02T03:04:05Z","source_repo":".","compaction_level":0,"original_size":0}
{"id":"proj-fr6g","title":"Issue 650","status":"open","priority":2,"issue_type":"task","created_at":"2026-01-02T03:04:05Z","created_by":"tester","updated_at":"2026-01-02T03:04:05Z","source_repo":".","compaction_level":0,"original_size":0}
{"id":"proj-ftrc","title":"Issue 910","status":"open","priority":2,"issue_type":"task","created_at":"2026-01-02T03:04:05Z","created_by":"tester","updated_at":"2026-01-02T03:04:05Z","source_repo":".","compaction_level":0,"original_size":0}
{"id":"proj-fuj5","title":"Issue 378","status":"open","priority":2,"issue_type":"task","created_at":"2026-01-02T03:04:05Z","created_by":"tester","updated_at":"2026-01-02T03:04:05Z","source_repo":".","compaction_level":0,"original_size":0}
{"id":"proj-fyax","title":"Issue 351","status":"open","priority":2,"issue_type":"task","created_at":"2026-01-02T03:04:05Z","created_by":"tester","updated_at":"2026-01-02T03:04:05Z","source_repo":".","compaction_level":0,"original_size":0}
{"id":"proj-g0co","title":"Issue 981","status":"open","priority":2,"issue_type":"task","created_at":"2026-01-02T03:04:05Z","created_by":"tester","updated_at":"2026-01-02T03:04:05Z","source_repo":".","compaction_level":0,"original_size":0}
{"id":"proj-g112","title":"Issue 207","status":"open","priority":2,"issue_type":"task","created_at":"2026-01-02T03:04:05Z","created_by":"tester","updated_at":"2026-01-02T03:04:05Z","source_repo":".","compaction_level":0,"original_size":0}
{"id":"proj-g2gj","title":"Issue 676","status":"open","priority":2,"issue_type":"task","created_at":"2026-01-02T03:04:05Z","created_by":"tester","updated_at":"2026-01-02T03:04:05Z","source_repo":".","compaction_level":0,"original_size":0}
{"id":"proj-g5h","title":"Issue 149","status":"open","priority":2,"issue_type":"task","created_at":"2026-01-02T03:04:05Z","created_by":"tester","updated_at":"2026-01-02T03:04:05Z","source_repo":".","compaction_level":0,"original_size":0}
{"id":"proj-g7w6","title":"Issue 966","status":"open","priority":2,"issue_type":"task","created_at":"2026-01-02T03:04:05Z","created_by":"tester","updated_at":"2026-01-02T03:04:05Z","source_repo":".","compaction_level":0,"original_size":0}
{"id":"proj-g898","title":"Issue 342","status":"open","priority":2,"issue_type":"task","created_at":"2026-01-02T03:04:05Z","created_by":"tester","updated_at":"2026-01-02T03:04:05Z","source_repo":".","compaction_level":0,"original_size":0}
{"id":"proj-gahh","title":"Issue 783","status":"open","priority":2,"issue_type":"task","created_at":"2026-01-02T03:04:05Z","created_by":"tester","updated_at":"2026-01-02T03:04:05Z","source_repo":".","compaction_level":0,"original_size":0}
{"id":"proj-gaqj","title":"Issue 259","status":"open","priority":2,"issue_type":"task","created_at":"2026-01-02T03:04:05Z","created_by":"tester","updated_at":"2026-01-02T03:04:05Z","source_repo":".","compaction_level":0,"original_size":0}
{"id":"proj-gbqb","title":"Issue 690","status":"open","priority":2,"issue_type":"task","created_at":"2026-01-02T03:04:05Z","created_by":"tester","updated_at":"2026-01-02T03:04:05Z","source_repo":".","compaction_level":0,"original_size":0}
{"id":"proj-gd2f","title":"Issue 249","status":"open","priority":2,"issue_type":"task","created_at":"2026-01-02T03:04:05Z","created_by":"tester","updated_at":"2026-01-02T03:04:05Z","source_repo":".","compaction_level":0,"original_size":0}
{"id":"proj-get","title":"Issue 145","status":"open","priority":2,"issue_type":"task","created_at":"2026-01-02T03:04:05Z","created_by":"tester","updated_at":"2026-01-02T03:04:05Z","source_repo":".","compaction_level":0,"original_size":0}
{"id":"proj-gh3f","title":"Issue 758","status":"open","priority":2,"issue_type":"task","created_at":"2026-01-02T03:04:05Z","created_by":"tester","updated_at":"2026-01-02T03:04:05Z","source_repo":".","compaction_level":0,"original_size":0}
{"id":"proj-gheg","title":"Issue 882","status":"open","priority":2,"issue_type":"task","created_at":"2026-01-02T03:04:05Z","created_by":"tester","updated_at":"2026-01-02T03:04:05Z","source_repo":".","compaction_level":0,"original_size":0}
{"id":"proj-gi5r","title":"Issue 794","status":"open","priority":2,"issue_type":"task","created_at":"2026-01-02T03:04:05Z","created_by":"tester","updated_at":"2026-01-02T03:04:05Z","source_repo":".","compaction_level":0,"original_size":0}
{"id":"proj-giwr","title":"Issue 179","status":"open","priority":2,"issue_type":"task","created_at":"2026-01-02T03:04:05Z","created_by":"tester","updated_at":"2026-01-02T03:04:05Z","source_repo":".","compaction_level":0,"original_size":0}
{"id":"proj-gli","title":"Issue 4","status":"open","priority":2,"issue_type":"task","created_at":"2026-01-02T03:04:05Z","created_by":"tester","updated_at":"2026-01-02T03:04:05Z","source_repo":".","compaction_level":0,"original_size":0}
{"id":"proj-gls","title":"Issue 121","status":"open","priority":2,"issue_type":"task","created_at":"2026-01-02T03:04:05Z","created_by":"tester","updated_at":"2026-01-02T03:04:05Z","source_repo":".","compaction_level":0,"original_size":0}
{"id":"proj-gm9f","title":"Issue 376","status":"open","priority":2,"issue_type":"task","created_at":"2026-01-02T03:04:05Z","created_by":"tester","updated_at":"2026-01-02T03:04:05Z","source_repo":".","compaction_level":0,"original_size":0}
{"id":"proj-gnxd","title":"Issue 707","status":"open","priority":2,"issue_type":"task","created_at":"2026-01-02T03:04:05Z","created_by":"tester","updated_at":"2026-01-02T03:04:05Z","source_repo":".","compaction_level":0,"original_size":0}
{"id":"proj-gq6l","title":"Issue 644","status":"open","priority":2,"issue_type":"task","created_at":"2026-01-02T03:04:05Z","created_by":"tester","updated_at":"2026-01-02T03:04:05Z","source_repo":".","compaction_level":0,"original_size":0}
{"id":"proj-gq7h","title":"Issue 510","status":"open","priority":2,"issue_type":"task","created_at":"2026-01-02T03:04:05Z","created_by":"tester","updated_at":"2026-01-02T03:04:05Z","source_repo":".","compaction_level":0,"original_size":0}
{"id":"proj-grxy","title":"Issue 865","status":"open","priority":2,"issue_type":"task","created_at":"2026-01-02T03:04:05Z","created_by":"tester","updated_at":"2026-01-02T03:04:05Z","source_repo":".","compaction_level":0,"original_size":0}
{"id":"proj-gsor","title":"Issue 672","status":"open","priority":2,"issue_type":"task","created_at":"2026-01-02T03:04:05Z","created_by":"tester","updated_at":"2026-01-02T03:04:05Z","source_repo":".","compaction_level":0,"original_size":0}
{"id":"proj-gw02","title":"Issue 857","status":"open","priority":2,"issue_type":"task","created_at":"2026-01-02T03:04:05Z","created_by":"tester","updated_at":"2026-01-02T03:04:05Z","source_repo":".","compaction_level":0,"original_size":0}
{"id":"proj-gxk2","title":"Issue 293","status":"open","priority":2,"issue_type":"task","created_at":"2026-01-02T03:04:05Z","created_by":"tester","updated_at":"2026-01-02T03:04:05Z","source_repo":".","compaction_level":0,"original_size":0}
{"id":"proj-gy5c","title":"Issue 498","status":"open","priority":2,"issue_type":"task","created_at":"2026-01-02T03:04:05Z","created_by":"tester","updated_at":"2026-01-02T03:04:05Z","source_repo":".","compaction_level":0,"original_size":0}
{"id":"proj-h00","title":"Issue 162","status":"open","priority":2,"issue_type":"task","created_at":"2026-01-02T03:04:05Z","created_by":"tester","updated_at":"2026-01-02T03:04:05Z","source_repo":".","compaction_level":0,"original_size":0}
{"id":"proj-h0zr","title":"Issue 480","status":"open","priority":2,"issue_type":"task","created_at":"2026-01-02T03:04:05Z","created_by":"tester","updated_at":"2026-01-02T03:04:05Z","source_repo":".","compaction_level":0,"original_size":0}
{"id":"proj-h3jv","title":"Issue 838","status":"open","priority":2,"issue_type":"task","created_at":"2026-01-02T03:04:05Z","created_by":"tester","updated_at":"2026-01-02T03:04:05Z","source_repo":".","compaction_level":0,"original_size":0}
{"id":"proj-h44v","title":"Issue 735","status":"open","priority":2,"issue_type":"task","created_at":"2026-01-02T03:04:05Z","created_by":"tester","updated_at":"2026-01-02T03:04:05Z","source_repo":".","compaction_level":0,"original_size":0}
{"id":"proj-h5ok","title":"Issue 812","status":"open","priority":2,"issue_type":"task","created_at":"2026-01-02T03:04:05Z","created_by":"tester","updated_at":"2026-01-02T03:04:05Z","source_repo":".","compaction_level":0,"original_size":0}
{"id":"proj-h5vp","title":"Issue 493","status":"open","priority":2,"issue_type":"task","created_at":"2026-01-02T03:04:05Z","created_by":"tester","updated_at":"2026-01-02T03:04:05Z","source_repo":".","compaction_level":0,"original_size":0}
{"id":"proj-h72y","title":"Issue 705","status":"open","priority":2,"issue_type":"task","created_at":"2026-01-02T03:04:05Z","created_by":"tester","updated_at":"2026-01-02T03:04:05Z","source_repo":".","compaction_level":0,"original_size":0}
{"id":"proj-h8l","title":"Issue 41","status":"open","priority":2,"issue_type":"task","created_at":"2026-01-02T03:04:05Z","created_by":"tester","updated_at":"2026-01-02T03:04:05Z","source_repo":".","compaction_level":0,"original_size":0}
{"id":"proj-h90q","title":"Issue 741","status":"open","priority":2,"issue_type":"task","created_at":"2026-01-02T03:04:05Z","created_by":"tester","updated_at":"2026-01-02T03:04:05Z","source_repo":".","compaction_level":0,"original_size":0}
{"id":"proj-h94","title":"Issue 89","status":"open","priority":2,"issue_type":"task","created_at":"2026-01-02T03:04:05Z","created_by":"tester","updated_at":"2026-01-02T03:04:05Z","source_repo":".","compaction_level":0,"original_size":0}
{"id":"proj-ha1j","title":"Issue 181","status":"open","priority":2,"issue_type":"task","created_at":"2026-01-02T03:04:05Z","created_by":"tester","updated_at":"2026-01-02T03:04:05Z","source_repo":".","compaction_level":0,"original_size":0}
{"id":"proj-hc8","title":"Issue 32","status":"open","priority":2,"issue_type":"task","created_at":"2026-01-02T03:04:05Z","created_by":"tester","updated_at":"2026-01-02T03:04:05Z","source_repo":".","compaction_level":0,"original_size":0}
{"id":"proj-hcbw","title":"Issue 675","status":"open","priority":2,"issue_type":"task","created_at":"2026-01-02T03:04:05Z","created_by":"tester","updated_at":"2026-01-02T03:04:05Z","source_repo":".","compaction_level":0,"original_size":0}
{"id":"proj-hfyh","title":"Issue 471","status":"open","priority":2,"issue_type":"task","created_at":"2026-01-02T03:04:05Z","created_by":"tester","updated_at":"2026-01-02T03:04:05Z","source_repo":".","compaction_level":0,"original_size":0}
{"id":"proj-hg40","title":"Issue 823","status":"open","priority":2,"issue_type":"task","created_at":"2026-01-02T03:04:05Z","created_by":"tester","updated_at":"2026-01-02T03:04:05Z","source_repo":".","compaction_level":0,"original_size":0}
{"id":"proj-hiuq","title":"Issue 228","status":"open","priority":2,"issue_type":"task","created_at":"2026-01-02T03:04:05Z","created_by":"tester","updated_at":"2026-01-02T03:04:05Z","source_repo":".","compaction_level":0,"original_size":0}
{"id":"proj-hkzr","title":"Issue 704","status":"open","priority":2,"issue_type":"task","created_at":"2026-01-02T03:04:05Z","created_by":"tester","updated_at":"2026-01-02T03:04:05Z","source_repo":".","compaction_level":0,"original_size":0}
{"id":"proj-hn0i","title":"Issue 178","status":"open","priority":2,"issue_type":"task","created_at":"2026-01-02T03:04:05Z","created_by":"tester","updated_at":"2026-01-02T03:04:05Z","source_repo":".","compaction_level":0,"original_size":0}
{"id":"proj-ho94","title":"Issue 473","status":"open","priority":2,"issue_type":"task","created_at":"2026-01-02T03:04:05Z","created_by":"tester","updated_at":"2026-01-02T03:04:05Z","source_repo":".","compaction_level":0,"original_size":0}
{"id":"proj-hpcf","title":"Issue 183","status":"open","priority":2,"issue_type":"task","created_at":"2026-01-02T03:04:05Z","created_by":"tester","updated_at":"2026-01-02T03:04:05Z","source_repo":".","compaction_level":0,"original_size":0}
{"id":"proj-hsnc","title":"Issue 165","status":"open","priority":2,"issue_type":"task","created_at":"2026-01-02T03:04:05Z","created_by":"tester","updated_at":"2026-01-02T03:04:05Z","source_repo":".","compaction_level":0,"original_size":0}
{"id":"proj-ht4i","title":"Issue 269","status":"open","priority":2,"issue_type":"task","created_at":"2026-01-02T03:04:05Z","created_by":"tester","updated_at":"2026-01-02T03:04:05Z","source_repo":".","compaction_level":0,"original_size":0}
{"id":"proj-hvo8","title":"Issue 380","status":"open","priority":2,"issue_type":"task","created_at":"2026-01-02T03:04:05Z","created_by":"tester","updated_at":"2026-01-02T03:04:05Z","source_repo":".","compaction_level":0,"original_size":0}
{"id":"proj-hvr7","title":"Issue 680","status":"open","priority":2,"issue_type":"task","created_at":"2026-01-02T03:04:05Z","created_by":"tester","updated_at":"2026-01-02T03:04:05Z","source_repo":".","compaction_level":0,"original_size":0}
{"id":"proj-hvyz","title":"Issue 528","status":"open","priority":2,"issue_type":"task","created_at":"2026-01-02T03:04:05Z","created_by":"tester","updated_at":"2026-01-02T03:04:05Z","source_repo":".","compaction_level":0,"original_size":0}
{"id":"proj-hxrq","title":"Issue 912","status":"open","priority":2,"issue_type":"task","created_at":"2026-01-02T03:04:05Z","created_by":"tester","updated_at":"2026-01-02T03:04:05Z","source_repo":".","compaction_level":0,"original_size":0}
{"id":"proj-hxs3","title":"Issue 665","status":"open","priority":2,"issue_type":"task","created_at":"2026-01-02T03:04:05Z","created_by":"tester","updated_at":"2026-01-02T03:04:05Z","source_repo":".","compaction_level":0,"original_size":0}
{"id":"proj-i18a","title":"Issue 850","status":"open","priority":2,"issue_type":"task","created_at":"2026-01-02T03:04:05Z","created_by":"tester","updated_at":"2026-01-02T03:04:05Z","source_repo":".","compaction_level":0,"original_size":0}
{"id":"proj-i3sh","title":"Issue 856","status":"open","priority":2,"issue_type":"task","created_at":"2026-01-02T03:04:05Z","created_by":"tester","updated_at":"2026-01-02T03:04:05Z","source_repo":".","compaction_level":0,"original_size":0}
{"id":"proj-i3t","title":"Issue 52","status":"open","priority":2,"issue_type":"task","created_at":"2026-01-02T03:04:05Z","created_by":"tester","updated_at":"2026-01-02T03:04:05Z","source_repo":".","compaction_level":0,"original_size":0}
{"id":"proj-i553","title":"Issue 778","status":"open","priority":2,"issue_type":"task","created_at":"2026-01-02T03:04:05Z","created_by":"tester","updated_at":"2026-01-02T03:04:05Z","source_repo":".","compaction_level":0,"original_size":0}
{"id":"proj-i5hr","title":"Issue 691","status":"open","priority":2,"issue_type":"task","created_at":"2026-01-02T03:04:05Z","created_by":"tester","updated_at":"2026-01-02T03:04:05Z","source_repo":".","compaction_level":0,"original_size":0}
{"id":"proj-i6fl","title":"Issue 805","status":"open","priority":2,"issue_type":"task","created_at":"2026-01-02T03:04:05Z","created_by":"tester","updated_at":"2026-01-02T03:04:05Z","source_repo":".","compaction_level":0,"original_size":0}
{"id":"proj-i70i","title":"Issue 916","status":"open","priority":2,"issue_type":"task","created_at":"2026-01-02T03:04:05Z","created_by":"tester","updated_at":"2026-01-02T03:04:05Z","source_repo":".","compaction_level":0,"original_size":0}
{"id":"proj-i8o","title":"Issue 61","status":"open","priority":2,"issue_type":"task","created_at":"2026-01-02T03:04:05Z","created_by":"tester","updated_at":"2026-01-02T03:04:05Z","source_repo":".","compaction_level":0,"original_size":0}
{"id":"proj-iap","title":"Issue 138","status":"open","priority":2,"issue_type":"task","created_at":"2026-01-02T03:04:05Z","created_by":"tester","updated_at":"2026-01-02T03:04:05Z","source_repo":".","compaction_level":0,"original_size":0}
{"id":"proj-iez","title":"Issue 13","status":"open","priority":2,"issue_type":"task","created_at":"2026-01-02T03:04:05Z","created_by":"tester","updated_at":"2026-01-02T03:04:05Z","source_repo":".","compaction_level":0,"original_size":0}
{"id":"proj-iffn","title":"Issue 539","status":"open","priority":2,"issue_type":"task","created_at":"2026-01-02T03:04:05Z","created_by":"tester","updated_at":"2026-01-02T03:04:05Z","source_repo":".","compaction_level":0,"original_size":0}
{"id":"proj-igmz","title":"Issue 634","status":"open","priority":2,"issue_type":"task","created_at":"2026-01-02T03:04:05Z","created_by":"tester","updated_at":"2026-01-02T03:04:05Z","source_repo":".","compaction_level":0,"original_size":0}
{"id":"proj-ijcx","title":"Issue 399","status":"open","priority":2,"issue_type":"task","created_at":"2026-01-02T03:04:05Z","created_by":"tester","updated_at":"2026-01-02T03:04:05Z","source_repo":".","compaction_level":0,"original_size":0}
{"id":"proj-ikvy","title":"Issue 368","status":"open","priority":2,"issue_type":"task","created_at":"2026-01-02T03:04:05Z","created_by":"tester","updated_at":"2026-01-02T03:04:05Z","source_repo":".","compaction_level":0,"original_size":0}
{"id":"proj-isiy","title":"Issue 500","status":"open","priority":2,"issue_type":"task","created_at":"2026-01-02T03:04:05Z","created_by":"tester","updated_at":"2026-01-02T03:04:05Z","source_repo":".","compaction_level":0,"original_size":0}
{"id":"proj-iwjg","title":"Issue 938","status":"open","priority":2,"issue_type":"task","created_at":"2026-01-02T03:04:05Z","created_by":"tester","updated_at":"2026-01-02T03:04:05Z","source_repo":".","compaction_level":0,"original_size":0}
{"id":"proj-ixft","title":"Issue 609","status":"open","priority":2,"issue_type":"task","created_at":"2026-01-02T03:04:05Z","created_by":"tester","updated_at":"2026-01-02T03:04:05Z","source_repo":".","compaction_level":0,"original_size":0}
{"id":"proj-iypc","title":"Issue 638","status":"open","priority":2,"issue_type":"task","created_at":"2026-01-02T03:04:05Z","created_by":"tester","updated_at":"2026-01-02T03:04:05Z","source_repo":".","compaction_level":0,"original_size":0}
{"id":"proj-iyya","title":"Issue 461","status":"open","priority":2,"issue_type":"task","created_at":"2026-01-02T03:04:05Z","created_by":"tester","updated_at":"2026-01-02T03:04:05Z","source_repo":".","compaction_level":0,"original_size":0}
{"id":"proj-j0ub","title":"Issue 345","status":"open","priority":2,"issue_type":"task","created_at":"2026-01-02T03:04:05Z","created_by":"tester","updated_at":"2026-01-02T03:04:05Z","source_repo":".","compaction_level":0,"original_size":0}
{"id":"proj-j1ba","title":"Issue 661","status":"open","priority":2,"issue_type":"task","created_at":"2026-01-02T03:04:05Z","created_by":"tester","updated_at":"2026-01-02T03:04:05Z","source_repo":".","compaction_level":0,"original_size":0}
{"id":"proj-j4hx","title":"Issue 484","status":"open","priority":2,"issue_type":"task","created_at":"2026-01-02T03:04:05Z","created_by":"tester","updated_at":"2026-01-02T03:04:05Z","source_repo":".","compaction_level":0,"original_size":0}
{"id":"proj-jbko","title":"Issue 403","status":"open","priority":2,"issue_type":"task","created_at":"2026-01-02T03:04:05Z","created_by":"tester","updated_at":"2026-01-02T03:04:05Z","source_repo":".","compaction_level":0,"original_size":0}
{"id":"proj-jcb0","title":"Issue 898","status":"open","priority":2,"issue_type":"task","created_at":"2026-01-02T03:04:05Z","created_by":"tester","updated_at":"2026-01-02T03:04:05Z","source_repo":".","compaction_level":0,"original_size":0}
{"id":"proj-jcsi","title":"Issue 491","status":"open","priority":2,"issue_type":"task","created_at":"2026-01-02T03:04:05Z","created_by":"tester","updated_at":"2026-01-02T03:04:05Z","source_repo":".","compaction_level":0,"original_size":0}
{"id":"proj-jdq2","title":"Issue 328","status":"open","priority":2,"issue_type":"task","created_at":"2026-01-02T03:04:05Z","created_by":"tester","updated_at":"2026-01-02T03:04:05Z","source_repo":".","compaction_level":0,"original_size":0}
{"id":"proj-jdz3","title":"Issue 384","status":"open","priority":2,"issue_type":"task","created_at":"2026-01-02T03:04:05Z","created_by":"tester","updated_at":"2026-01-02T03:04:05Z","source_repo":".","compaction_level":0,"original_size":0}
{"id":"proj-je6","title":"Issue 109","status":"open","priority":2,"issue_type":"task","created_at":"2026-01-02T03:04:05Z","created_by":"tester","updated_at":"2026-01-02T03:04:05Z","source_repo":".","compaction_level":0,"original_size":0}
{"id":"proj-jeug","title":"Issue 927","status":"open","priority":2,"issue_type":"task","created_at":"2026-01-02T03:04:05Z","created_by":"tester","updated_at":"2026-01-02T03:04:05Z","source_repo":".","compaction_level":0,"original_size":0}
{"id":"proj-jg7","title":"Issue 37","status":"open","priority":2,"issue_type":"task","created_at":"2026-01-02T03:04:05Z","created_by":"tester","updated_at":"2026-01-02T03:04:05Z","source_repo":".","compaction_level":0,"original_size":0}
{"id":"proj-jgp4","title":"Issue 421","status":"open","priority":2,"issue_type":"task","created_at":"2026-01-02T03:04:05Z","created_by":"tester","updated_at":"2026-01-02T03:04:05Z","source_repo":".","compaction_level":0,"original_size":0}
{"id":"proj-jh1","title":"Issue 73","status":"open","priority":2,"issue_type":"task","created_at":"2026-01-02T03:04:05Z","created_by":"tester","updated_at":"2026-01-02T03:04:05Z","source_repo":".","compaction_level":0,"original_size":0}
{"id":"proj-jhb4","title":"Issue 907","status":"open","priority":2,"issue_type":"task","created_at":"2026-01-02T03:04:05Z","created_by":"tester","updated_at":"2026-01-02T03:04:05Z","source_repo":".","compaction_level":0,"original_size":0}
{"id":"proj-jheb","title":"Issue 227","status":"open","priority":2,"issue_type":"task","created_at":"2026-01-02T03:04:05Z","created_by":"tester","updated_at":"2026-01-02T03:04:05Z","source_repo":".","compaction_level":0,"original_size":0}
{"id":"proj-jheo","title":"Issue 643","status":"open","priority":2,"issue_type":"task","created_at":"2026-01-02T03:04:05Z","created_by":"tester","updated_at":"2026-01-02T03:04:05Z","source_repo":".","compaction_level":0,"original_size":0}
{"id":"proj-jj83","title":"Issue 769","status":"open","priority":2,"issue_type":"task","created_at":"2026-01-02T03:04:05Z","created_by":"tester","updated_at":"2026-01-02T03:04:05Z","source_repo":".","compaction_level":0,"original_size":0}
{"id":"proj-jjly","title":"Issue 287","status":"open","priority":2,"issue_type":"task","created_at":"2026-01-02T03:04:05Z","created_by":"tester","updated_at":"2026-01-02T03:04:05Z","source_repo":".","compaction_level":0,"original_size":0}
{"id":"proj-jk31","title":"Issue 622","status":"open","priority":2,"issue_type":"task","created_at":"2026-01-02T03:04:05Z","created_by":"tester","updated_at":"2026-01-02T03:04:05Z","source_repo":".","compaction_level":0,"original_size":0}
{"id":"proj-jknc","title":"Issue 312","status":"open","priority":2,"issue_type":"task","created_at":"2026-01-02T03:04:05Z","created_by":"tester","updated_at":"2026-01-02T03:04:05Z","source_repo":".","compaction_level":0,"original_size":0}
{"id":"proj-jkns","title":"Issue 395","status":"open","priority":2,"issue_type":"task","created_at":"2026-01-02T03:04:05Z","created_by":"tester","updated_at":"2026-01-02T03:04:05Z","source_repo":".","compaction_level":0,"original_size":0}
{"id":"proj-jks","title":"Issue 43","status":"open","priority":2,"issue_type":"task","created_at":"2026-01-02T03:04:05Z","created_by":"tester","updated_at":"2026-01-02T03:04:05Z","source_repo":".","compaction_level":0,"original_size":0}
{"id":"proj-jluy","title":"Issue 224","status":"open","priority":2,"issue_type":"task","created_at":"2026-01-02T03:04:05Z","created_by":"tester","updated_at":"2026-01-02T03:04:05Z","source_repo":".","compaction_level":0,"original_size":0}
{"id":"proj-jo3","title":"Issue 99","status":"open","priority":2,"issue_type":"task","created_at":"2026-01-02T03:04:05Z","created_by":"tester","updated_at":"2026-01-02T03:04:05Z","source_repo":".","compaction_level":0,"original_size":0}
{"id":"proj-jonk","title":"Issue 302","status":"open","priority":2,"issue_type":"task","created_at":"2026-01-02T03:04:05Z","created_by":"tester","updated_at":"2026-01-02T03:04:05Z","source_repo":".","compaction_level":0,"original_size":0}
{"id":"proj-jq4x","title":"Issue 319","status":"open","priority":2,"issue_type":"task","created_at":"2026-01-02T03:04:05Z","created_by":"tester","updated_at":"2026-01-02T03:04:05Z","source_repo":".","compaction_level":0,"original_size":0}
{"id":"proj-jrcb","title":"Issue 651","status":"open","priority":2,"issue_type":"task","created_at":"2026-01-02T03:04:05Z","created_by":"tester","updated_at":"2026-01-02T03:04:05Z","source_repo":".","compaction_level":0,"original_size":0}
{"id":"proj-js3e","title":"Issue 475","status":"open","priority":2,"issue_type":"task","created_at":"2026-01-02T03:04:05Z","created_by":"tester","updated_at":"2026-01-02T03:04:05Z","source_repo":".","compaction_level":0,"original_size":0}
{"id":"proj-jsru","title":"Issue 920","status":"open","priority":2,"issue_type":"task","created_at":"2026-01-02T03:04:05Z","created_by":"tester","updated_at":"2026-01-02T03:04:05Z","source_repo":".","compaction_level":0,"original_size":0}
{"id":"proj-jtup","title":"Issue 636","status":"open","priority":2,"issue_type":"task","created_at":"2026-01-02T03:04:05Z","created_by":"tester","updated_at":"2026-01-02T03:04:05Z","source_repo":".","compaction_level":0,"original_size":0}
{"id":"proj-ju2a","title":"Issue 804","status":"open","priority":2,"issue_type":"task","created_at":"2026-01-02T03:04:05Z","created_by":"tester","updated_at":"2026-01-02T03:04:05Z","source_repo":".","compaction_level":0,"original_size":0}
{"id":"proj-jvku","title":"Issue 847","status":"open","priority":2,"issue_type":"task","created_at":"2026-01-02T03:04:05Z","created_by":"tester","updated_at":"2026-01-02T03:04:05Z","source_repo":".","compaction_level":0,"original_size":0}
{"id":"proj-jvu8","title":"Issue 522","status":"open","priority":2,"issue_type":"task","created_at":"2026-01-02T03:04:05Z","created_by":"tester","updated_at":"2026-01-02T03:04:05Z","source_repo":".","compaction_level":0,"original_size":0}
{"id":"proj-jw3a","title":"Issue 360","status":"open","priority":2,"issue_type":"task","created_at":"2026-01-02T03:04:05Z","created_by":"tester","updated_at":"2026-01-02T03:04:05Z","source_repo":".","compaction_level":0,"original_size":0}
{"id":"proj-jwz0","title":"Issue 333","status":"open","priority":2,"issue_type":"task","created_at":"2026-01-02T03:04:05Z","created_by":"tester","updated_at":"2026-01-02T03:04:05Z","source_repo":".","compaction_level":0,"original_size":0}
{"id":"proj-jxz4","title":"Issue 603","status":"open","priority":2,"issue_type":"task","created_at":"2026-01-02T03:04:05Z","created_by":"tester","updated_at":"2026-01-02T03:04:05Z","source_repo":".","compaction_level":0,"original_size":0}
{"id":"proj-k120","title":"Issue 450","status":"open","priority":2,"issue_type":"task","created_at":"2026-01-02T03:04:05Z","created_by":"tester","updated_at":"2026-01-02T03:04:05Z","source_repo":".","compaction_level":0,"original_size":0}
{"id":"proj-k82m","title":"Issue 671","status":"open","priority":2,"issue_type":"task","created_at":"2026-01-02T03:04:05Z","created_by":"tester","updated_at":"2026-01-02T03:04:05Z","source_repo":".","compaction_level":0,"original_size":0}
{"id":"proj-k8ww","title":"Issue 833","status":"open","priority":2,"issue_type":"task","created_at":"2026-01-02T03:04:05Z","created_by":"tester","updated_at":"2026-01-02T03:04:05Z","source_repo":".","compaction_level":0,"original_size":0}
{"id":"proj-k9x9","title":"Issue 596","status":"open","priority":2,"issue_type":"task","created_at":"2026-01-02T03:04:05Z","created_by":"tester","updated_at":"2026-01-02T03:04:05Z","source_repo":".","compaction_level":0,"original_size":0}
{"id":"proj-kaqt","title":"Issue 432","status":"open","priority":2,"issue_type":"task","created_at":"2026-01-02T03:04:05Z","created_by":"tester","updated_at":"2026-01-02T03:04:05Z","source_repo":".","compaction_level":0,"original_size":0}
{"id":"proj-kb08","title":"Issue 507","status":"open","priority":2,"issue_type":"task","created_at":"2026-01-02T03:04:05Z","created_by":"tester","updated_at":"2026-01-02T03:04:05Z","source_repo":".","compaction_level":0,"original_size":0}
{"id":"proj-kb1","title":"Issue 115","status":"open","priority":2,"issue_type":"task","created_at":"2026-01-02T03:04:05Z","created_by":"tester","updated_at":"2026-01-02T03:04:05Z","source_repo":".","compaction_level":0,"original_size":0}
{"id":"proj-kb7g","title":"Issue 404","status":"open","priority":2,"issue_type":"task","created_at":"2026-01-02T03:04:05Z","created_by":"tester","updated_at":"2026-01-02T03:04:05Z","source_repo":".","compaction_level":0,"original_size":0}
{"id":"proj-kg7","title":"Issue 7","status":"open","priority":2,"issue_type":"task","created_at":"2026-01-02T03:04:05Z","created_by":"tester","updated_at":"2026-01-02T03:04:05Z","source_repo":".","compaction_level":0,"original_size":0}
{"id":"proj-kgb2","title":"Issue 174","status":"open","priority":2,"issue_type":"task","created_at":"2026-01-02T03:04:05Z","created_by":"tester","updated_at":"2026-01-02T03:04:05Z","source_repo":".","compaction_level":0,"original_size":0}
{"id":"proj-kgor","title":"Issue 827","status":"open","priority":2,"issue_type":"task","created_at":"2026-01-02T03:04:05Z","created_by":"tester","updated_at":"2026-01-02T03:04:05Z","source_repo":".","compaction_level":0,"original_size":0}
{"id":"proj-kgsv","title":"Issue 800","status":"open","priority":2,"issue_type":"task","created_at":"2026-01-02T03:04:05Z","created_by":"tester","updated_at":"2026-01-02T03:04:05Z","source_repo":".","compaction_level":0,"original_size":0}
{"id":"proj-kkg","title":"Issue 70","status":"open","priority":2,"issue_type":"task","created_at":"2026-01-02T03:04:05Z","created_by":"tester","updated_at":"2026-01-02T03:04:05Z","source_repo":".","compaction_level":0,"original_size":0}
{"id":"proj-kkj7","title":"Issue 854","status":"open","priority":2,"issue_type":"task","created_at":"2026-01-02T03:04:05Z","created_by":"tester","updated_at":"2026-01-02T03:04:05Z","source_repo":".","compaction_level":0,"original_size":0}
{"id":"proj-kohj","title":"Issue 256","status":"open","priority":2,"issue_type":"task","created_at":"2026-01-02T03:04:05Z","created_by":"tester","updated_at":"2026-01-02T03:04:05Z","source_repo":".","compaction_level":0,"original_size":0}
{"id":"proj-kosb","title":"Issue 358","status":"open","priority":2,"issue_type":"task","created_at":"2026-01-02T03:04:05Z","created_by":"tester","updated_at":"2026-01-02T03:04:05Z","source_repo":".","compaction_level":0,"original_size":0}
{"id":"proj-kpe","title":"Issue 163","status":"open","priority":2,"issue_type":"task","created_at":"2026-01-02T03:04:05Z","created_by":"tester","updated_at":"2026-01-02T03:04:05Z","source_repo":".","compaction_level":0,"original_size":0}
{"id":"proj-ks0o","title":"Issue 745","status":"open","priority":2,"issue_type":"task","created_at":"2026-01-02T03:04:05Z","created_by":"tester","updated_at":"2026-01-02T03:04:05Z","source_repo":".","compaction_level":0,"original_size":0}
{"id":"proj-kv85","title":"Issue 488","status":"open","priority":2,"issue_type":"task","created_at":"2026-01-02T03:04:05Z","created_by":"tester","updated_at":"2026-01-02T03:04:05Z","source_repo":".","compaction_level":0,"original_size":0}
{"id":"proj-kvpm","title":"Issue 391","status":"open","priority":2,"issue_type":"task","created_at":"2026-01-02T03:04:05Z","created_by":"tester","updated_at":"2026-01-02T03:04:05Z","source_repo":".","compaction_level":0,"original_size":0}
{"id":"proj-kvq4","title":"Issue 693","status":"open","priority":2,"issue_type":"task","created_at":"2026-01-02T03:04:05Z","created_by":"tester","updated_at":"2026-01-02T03:04:05Z","source_repo":".","compaction_level":0,"original_size":0}
{"id":"proj-kwgp","title":"Issue 494","status":"open","priority":2,"issue_type":"task","created_at":"2026-01-02T03:04:05Z","created_by":"tester","updated_at":"2026-01-02T03:04:05Z","source_repo":".","compaction_level":0,"original_size":0}
{"id":"proj-kwk4","title":"Issue 420","status":"open","priority":2,"issue_type":"task","created_at":"2026-01-02T03:04:05Z","created_by":"tester","updated_at":"2026-01-02T03:04:05Z","source_repo":".","compaction_level":0,"original_size":0}
{"id":"proj-kx0u","title":"Issue 906","status":"open","priority":2,"issue_type":"task","created_at":"2026-01-02T03:04:05Z","created_by":"tester","updated_at":"2026-01-02T03:04:05Z","source_repo":".","compaction_level":0,"original_size":0}
{"id":"proj-kyh4","title":"Issue 503","status":"open","priority":2,"issue_type":"task","created_at":"2026-01-02T03:04:05Z","created_by":"tester","updated_at":"2026-01-02T03:04:05Z","source_repo":".","compaction_level":0,"original_size":0}
{"id":"proj-l0is","title":"Issue 422","status":"open","priority":2,"issue_type":"task","created_at":"2026-01-02T03:04:05Z","created_by":"tester","updated_at":"2026-01-02T03:04:05Z","source_repo":".","compaction_level":0,"original_size":0}
{"id":"proj-l16k","title":"Issue 679","status":"open","priority":2,"issue_type":"task","created_at":"2026-01-02T03:04:05Z","created_by":"tester","updated_at":"2026-01-02T03:04:05Z","source_repo":".","compaction_level":0,"original_size":0}
{"id":"proj-l3wj","title":"Issue 929","status":"open","priority":2,"issue_type":"task","created_at":"2026-01-02T03:04:05Z","created_by":"tester","updated_at":"2026-01-02T03:04:05Z","source_repo":".","compaction_level":0,"original_size":0}
{"id":"proj-l4b7","title":"Issue 202","status":"open","priority":2,"issue_type":"task","created_at":"2026-01-02T03:04:05Z","created_by":"tester","updated_at":"2026-01-02T03:04:05Z","source_repo":".","compaction_level":0,"original_size":0}
{"id":"proj-l6sr","title":"Issue 559","status":"open","priority":2,"issue_type":"task","created_at":"2026-01-02T03:04:05Z","created_by":"tester","updated_at":"2026-01-02T03:04:05Z","source_repo":".","compaction_level":0,"original_size":0}
{"id":"proj-l7xx","title":"Issue 555","status":"open","priority":2,"issue_type":"task","created_at":"2026-01-02T03:04:05Z","created_by":"tester","updated_at":"2026-01-02T03:04:05Z","source_repo":".","compaction_level":0,"original_size":0}
{"id":"proj-lalf","title":"Issue 924","status":"open","priority":2,"issue_type":"task","created_at":"2026-01-02T03:04:05Z","created_by":"tester","updated_at":"2026-01-02T03:04:05Z","source_repo":".","compaction_level":0,"original_size":0}
{"id":"proj-lc2l","title":"Issue 729","status":"open","priority":2,"issue_type":"task","created_at":"2026-01-02T03:04:05Z","created_by":"tester","updated_at":"2026-01-02T03:04:05Z","source_repo":".","compaction_level":0,"original_size":0}
{"id":"proj-ldf","title":"Issue 47","status":"open","priority":2,"issue_type":"task","created_at":"2026-01-02T03:04:05Z","created_by":"tester","updated_at":"2026-01-02T03:04:05Z","source_repo":".","compaction_level":0,"original_size":0}
{"id":"proj-leoa","title":"Issue 641","status":"open","priority":2,"issue_type":"task","created_at":"2026-01-02T03:04:05Z","created_by":"tester","updated_at":"2026-01-02T03:04:05Z","source_repo":".","compaction_level":0,"original_size":0}
{"id":"proj-lesj","title":"Issue 347","status":"open","priority":2,"issue_type":"task","created_at":"2026-01-02T03:04:05Z","created_by":"tester","updated_at":"2026-01-02T03:04:05Z","source_repo":".","compaction_level":0,"original_size":0}
{"id":"proj-levo","title":"Issue 425","status":"open","priority":2,"issue_type":"task","created_at":"2026-01-02T03:04:05Z","created_by":"tester","updated_at":"2026-01-02T03:04:05Z","source_repo":".","compaction_level":0,"original_size":0}
{"id":"proj-lgxb","title":"Issue 956","status":"open","priority":2,"issue_type":"task","created_at":"2026-01-02T03:04:05Z","created_by":"tester","updated_at":"2026-01-02T03:04:05Z","source_repo":".","compaction_level":0,"original_size":0}
{"id":"proj-lhr","title":"Issue 161","status":"open","priority":2,"issue_type":"task","created_at":"2026-01-02T03:04:05Z","created_by":"tester","updated_at":"2026-01-02T03:04:05Z","source_repo":".","compaction_level":0,"original_size":0}
{"id":"proj-lipp","title":"Issue 284","status":"open","priority":2,"issue_type":"task","created_at":"2026-01-02T03:04:05Z","created_by":"tester","updated_at":"2026-01-02T03:04:05Z","source_repo":".","compaction_level":0,"original_size":0}
{"id":"proj-llav","title":"Issue 700","status":"open","priority":2,"issue_type":"task","created_at":"2026-01-02T03:04:05Z","created_by":"tester","updated_at":"2026-01-02T03:04:05Z","source_repo":".","compaction_level":0,"original_size":0}
{"id":"proj-llis","title":"Issue 832","status":"open","priority":2,"issue_type":"task","created_at":"2026-01-02T03:04:05Z","created_by":"tester","updated_at":"2026-01-02T03:04:05Z","source_repo":".","compaction_level":0,"original_size":0}
{"id":"proj-lnk2","title":"Issue 983","status":"open","priority":2,"issue_type":"task","created_at":"2026-01-02T03:04:05Z","created_by":"tester","updated_at":"2026-01-02T03:04:05Z","source_repo":".","compaction_level":0,"original_size":0}
{"id":"proj-lnpn","title":"Issue 869","status":"open","priority":2,"issue_type":"task","created_at":"2026-01-02T03:04:05Z","created_by":"tester","updated_at":"2026-01-02T03:04:05Z","source_repo":".","compaction_level":0,"original_size":0}
{"id":"proj-ly91","title":"Issue 873","status":"open","priority":2,"issue_type":"task","created_at":"2026-01-02T03:04:05Z","created_by":"tester","updated_at":"2026-01-02T03:04:05Z","source_repo":".","compaction_level":0,"original_size":0}
{"id":"proj-m0p5","title":"Issue 761","status":"open","priority":2,"issue_type":"task","created_at":"2026-01-02T03:04:05Z","created_by":"tester","updated_at":"2026-01-02T03:04:05Z","source_repo":".","compaction_level":0,"original_size":0}
{"id":"proj-m0y","title":"Issue 103","status":"open","priority":2,"issue_type":"task","created_at":"2026-01-02T03:04:05Z","created_by":"tester","updated_at":"2026-01-02T03:04:05Z","source_repo":".","compaction_level":0,"original_size":0}
{"id":"proj-m1d","title":"Issue 53","status":"open","priority":2,"issue_type":"task","created_at":"2026-01-02T03:04:05Z","created_by":"tester","updated_at":"2026-01-02T03:04:05Z","source_repo":".","compaction_level":0,"original_size":0}
{"id":"proj-m22","title":"Issue 40","status":"open","priority":2,"issue_type":"task","created_at":"2026-01-02T03:04:05Z","created_by":"tester","updated_at":"2026-01-02T03:04:05Z","source_repo":".","compaction_level":0,"original_size":0}
{"id":"proj-m240","title":"Issue 614","status":"open","priority":2,"issue_type":"task","created_at":"2026-01-02T03:04:05Z","created_by":"tester","updated_at":"2026-01-02T03:04:05Z","source_repo":".","compaction_level":0,"original_size":0}
{"id":"proj-m5yt","title":"Issue 238","status":"open","priority":2,"issue_type":"task","created_at":"2026-01-02T03:04:05Z","created_by":"tester","updated_at":"2026-01-02T03:04:05Z","source_repo":".","compaction_level":0,"original_size":0}
{"id":"proj-m6io","title":"Issue 547","status":"open","priority":2,"issue_type":"task","created_at":"2026-01-02T03:04:05Z","created_by":"tester","updated_at":"2026-01-02T03:04:05Z","source_repo":".","compaction_level":0,"original_size":0}
{"id":"proj-m72","title":"Issue 46","status":"open","priority":2,"issue_type":"task","created_at":"2026-01-02T03:04:05Z","created_by":"tester","updated_at":"2026-01-02T03:04:05Z","source_repo":".","compaction_level":0,"original_size":0}
{"id":"proj-m8ep","title":"Issue 541","status":"open","priority":2,"issue_type":"task","created_at":"2026-01-02T03:04:05Z","created_by":"tester","updated_at":"2026-01-02T03:04:05Z","source_repo":".","compaction_level":0,"original_size":0}
{"id":"proj-m8kx","title":"Issue 751","status":"open","priority":2,"issue_type":"task","created_at":"2026-01-02T03:04:05Z","created_by":"tester","updated_at":"2026-01-02T03:04:05Z","source_repo":".","compaction_level":0,"original_size":0}
{"id":"proj-mche","title":"Issue 476","status":"open","priority":2,"issue_type":"task","created_at":"2026-01-02T03:04:05Z","created_by":"tester","updated_at":"2026-01-02T03:04:05Z","source_repo":".","compaction_level":0,"original_size":0}
{"id":"proj-mdiy","title":"Issue 272","status":"open","priority":2,"issue_type":"task","created_at":"2026-01-02T03:04:05Z","created_by":"tester","updated_at":"2026-01-02T03:04:05Z","source_repo":".","compaction_level":0,"original_size":0}
{"id":"proj-mdqz","title":"Issue 842","status":"open","priority":2,"issue_type":"task","created_at":"2026-01-02T03:04:05Z","created_by":"tester","updated_at":"2026-01-02T03:04:05Z","source_repo":".","compaction_level":0,"original_size":0}
{"id":"proj-mf05","title":"Issue 959","status":"open","priority":2,"issue_type":"task","created_at":"2026-01-02T03:04:05Z","created_by":"tester","updated_at":"2026-01-02T03:04:05Z","source_repo":".","compaction_level":0,"original_size":0}
{"id":"proj-mg2","title":"Issue 148","status":"open","priority":2,"issue_type":"task","created_at":"2026-01-02T03:04:05Z","created_by":"tester","updated_at":"2026-01-02T03:04:05Z","source_repo":".","compaction_level":0,"original_size":0}
{"id":"proj-mis2","title":"Issue 241","status":"open","priority":2,"issue_type":"task","created_at":"2026-01-02T03:04:05Z","created_by":"tester","updated_at":"2026-01-02T03:04:05Z","source_repo":".","compaction_level":0,"original_size":0}
{"id":"proj-moyx","title":"Issue 502","status":"open","priority":2,"issue_type":"task","created_at":"2026-01-02T03:04:05Z","created_by":"tester","updated_at":"2026-01-02T03:04:05Z","source_repo":".","compaction_level":0,"original_size":0}
{"id":"proj-mp7","title":"Issue 113","status":"open","priority":2,"issue_type":"task","created_at":"2026-01-02T03:04:05Z","created_by":"tester","updated_at":"2026-01-02T03:04:05Z","source_repo":".","compaction_level":0,"original_size":0}
{"id":"proj-mpz","title":"Issue 160","status":"open","priority":2,"issue_type":"task","created_at":"2026-01-02T03:04:05Z","created_by":"tester","updated_at":"2026-01-02T03:04:05Z","source_repo":".","compaction_level":0,"original_size":0}
{"id":"proj-mqja","title":"Issue 468","status":"open","priority":2,"issue_type":"task","created_at":"2026-01-02T03:04:05Z","created_by":"tester","updated_at":"2026-01-02T03:04:05Z","source_repo":".","compaction_level":0,"original_size":0}
{"id":"proj-mx1","title":"Issue 100","status":"open","priority":2,"issue_type":"task","created_at":"2026-01-02T03:04:05Z","created_by":"tester","updated_at":"2026-01-02T03:04:05Z","source_repo":".","compaction_level":0,"original_size":0}
{"id":"proj-n46e","title":"Issue 619","status":"open","priority":2,"issue_type":"task","created_at":"2026-01-02T03:04:05Z","created_by":"tester","updated_at":"2026-01-02T03:04:05Z","source_repo":".","compaction_level":0,"original_size":0}
{"id":"proj-n4j8","title":"Issue 727","status":"open","priority":2,"issue_type":"task","created_at":"2026-01-02T03:04:05Z","created_by":"tester","updated_at":"2026-01-02T03:04:05Z","source_repo":".","compaction_level":0,"original_size":0}
{"id":"proj-n4o","title":"Issue 114","status":"open","priority":2,"issue_type":"task","created_at":"2026-01-02T03:04:05Z","created_by":"tester","updated_at":"2026-01-02T03:04:05Z","source_repo":".","compaction_level":0,"original_size":0}
{"id":"proj-n4sg","title":"Issue 595","status":"open","priority":2,"issue_type":"task","created_at":"2026-01-02T03:04:05Z","created_by":"tester","updated_at":"2026-01-02T03:04:05Z","source_repo":".","compaction_level":0,"original_size":0}
{"id":"proj-n5jl","title":"Issue 201","status":"open","priority":2,"issue_type":"task","created_at":"2026-01-02T03:04:05Z","created_by":"tester","updated_at":"2026-01-02T03:04:05Z","source_repo":".","compaction_level":0,"original_size":0}
{"id":"proj-n600","title":"Issue 692","status":"open","priority":2,"issue_type":"task","created_at":"2026-01-02T03:04:05Z","created_by":"tester","updated_at":"2026-01-02T03:04:05Z","source_repo":".","compaction_level":0,"original_size":0}
{"id":"proj-n6g","title":"Issue 21","status":"open","priority":2,"issue_type":"task","created_at":"2026-01-02T03:04:05Z","created_by":"tester","updated_at":"2026-01-02T03:04:05Z","source_repo":".","compaction_level":0,"original_size":0}
{"id":"proj-n726","title":"Issue 721","status":"open","priority":2,"issue_type":"task","created_at":"2026-01-02T03:04:05Z","created_by":"tester","updated_at":"2026-01-02T03:04:05Z","source_repo":".","compaction_level":0,"original_size":0}
{"id":"proj-n98q","title":"Issue 331","status":"open","priority":2,"issue_type":"task","created_at":"2026-01-02T03:04:05Z","created_by":"tester","updated_at":"2026-01-02T03:04:05Z","source_repo":".","compaction_level":0,"original_size":0}
{"id":"proj-n9eo","title":"Issue 945","status":"open","priority":2,"issue_type":"task","created_at":"2026-01-02T03:04:05Z","created_by":"tester","updated_at":"2026-01-02T03:04:05Z","source_repo":".","compaction_level":0,"original_size":0}
{"id":"proj-nbfj","title":"Issue 294","status":"open","priority":2,"issue_type":"task","created_at":"2026-01-02T03:04:05Z","created_by":"tester","updated_at":"2026-01-02T03:04:05Z","source_repo":".","compaction_level":0,"original_size":0}
{"id":"proj-nbxi","title":"Issue 909","status":"open","priority":2,"issue_type":"task","created_at":"2026-01-02T03:04:05Z","created_by":"tester","updated_at":"2026-01-02T03:04:05Z","source_repo":".","compaction_level":0,"original_size":0}
{"id":"proj-nfpf","title":"Issue 222","status":"open","priority":2,"issue_type":"task","created_at":"2026-01-02T03:04:05Z","created_by":"tester","updated_at":"2026-01-02T03:04:05Z","source_repo":".","compaction_level":0,"original_size":0}
{"id":"proj-nfs","title":"Issue 42","status":"open","priority":2,"issue_type":"task","created_at":"2026-01-02T03:04:05Z","created_by":"tester","updated_at":"2026-01-02T03:04:05Z","source_repo":".","compaction_level":0,"original_size":0}
{"id":"proj-nfwt","title":"Issue 516","status":"open","priority":2,"issue_type":"task","created_at":"2026-01-02T03:04:05Z","created_by":"tester","updated_at":"2026-01-02T03:04:05Z","source_repo":".","compaction_level":0,"original_size":0}
{"id":"proj-nhaj","title":"Issue 892","status":"open","priority":2,"issue_type":"task","created_at":"2026-01-02T03:04:05Z","created_by":"tester","updated_at":"2026-01-02T03:04:05Z","source_repo":".","compaction_level":0,"original_size":0}
{"id":"proj-nhlg","title":"Issue 820","status":"open","priority":2,"issue_type":"task","created_at":"2026-01-02T03:04:05Z","created_by":"tester","updated_at":"2026-01-02T03:04:05Z","source_repo":".","compaction_level":0,"original_size":0}
{"id":"proj-ni0z","title":"Issue 451","status":"open","priority":2,"issue_type":"task","created_at":"2026-01-02T03:04:05Z","created_by":"tester","updated_at":"2026-01-02T03:04:05Z","source_repo":".","compaction_level":0,"original_size":0}
{"id":"proj-nkqs","title":"Issue 932","status":"open","priority":2,"issue_type":"task","created_at":"2026-01-02T03:04:05Z","created_by":"tester","updated_at":"2026-01-02T03:04:05Z","source_repo":".","compaction_level":0,"original_size":0}
{"id":"proj-nmhj","title":"Issue 292","status":"open","priority":2,"issue_type":"task","created_at":"2026-01-02T03:04:05Z","created_by":"tester","updated_at":"2026-01-02T03:04:05Z","source_repo":".","compaction_level":0,"original_size":0}
{"id":"proj-nmxb","title":"Issue 732","status":"open","priority":2,"issue_type":"task","created_at":"2026-01-02T03:04:05Z","created_by":"tester","updated_at":"2026-01-02T03:04:05Z","source_repo":".","compaction_level":0,"original_size":0}
{"id":"proj-nnre","title":"Issue 300","status":"open","priority":2,"issue_type":"task","created_at":"2026-01-02T03:04:05Z","created_by":"tester","updated_at":"2026-01-02T03:04:05Z","source_repo":".","compaction_level":0,"original_size":0}
{"id":"proj-npw","title":"Issue 151","status":"open","priority":2,"issue_type":"task","created_at":"2026-01-02T03:04:05Z","created_by":"tester","updated_at":"2026-01-02T03:04:05Z","source_repo":".","compaction_level":0,"original_size":0}
{"id":"proj-nqz2","title":"Issue 244","status":"open","priority":2,"issue_type":"task","created_at":"2026-01-02T03:04:05Z","created_by":"tester","updated_at":"2026-01-02T03:04:05Z","source_repo":".","compaction_level":0,"original_size":0}
{"id":"proj-nr2z","title":"Issue 546","status":"open","priority":2,"issue_type":"task","created_at":"2026-01-02T03:04:05Z","created_by":"tester","updated_at":"2026-01-02T03:04:05Z","source_repo":".","compaction_level":0,"original_size":0}
{"id":"proj-nrkd","title":"Issue 813","status":"open","priority":2,"issue_type":"task","created_at":"2026-01-02T03:04:05Z","created_by":"tester","updated_at":"2026-01-02T03:04:05Z","source_repo":".","compaction_level":0,"original_size":0}
{"id":"proj-nrv","title":"Issue 95","status":"open","priority":2,"issue_type":"task","created_at":"2026-01-02T03:04:05Z","created_by":"tester","updated_at":"2026-01-02T03:04:05Z","source_repo":".","compaction_level":0,"original_size":0}
{"id":"proj-nsg","title":"Issue 156","status":"open","priority":2,"issue_type":"task","created_at":"2026-01-02T03:04:05Z","created_by":"tester","updated_at":"2026-01-02T03:04:05Z","source_repo":".","compaction_level":0,"original_size":0}
{"id":"proj-nsng","title":"Issue 642","status":"open","priority":2,"issue_type":"task","created_at":"2026-01-02T03:04:05Z","created_by":"tester","updated_at":"2026-01-02T03:04:05Z","source_repo":".","compaction_level":0,"original_size":0}
{"id":"proj-nszb","title":"Issue 175","status":"open","priority":2,"issue_type":"task","created_at":"2026-01-02T03:04:05Z","created_by":"tester","updated_at":"2026-01-02T03:04:05Z","source_repo":".","compaction_level":0,"original_size":0}
{"id":"proj-nt1z","title":"Issue 343","status":"open","priority":2,"issue_type":"task","created_at":"2026-01-02T03:04:05Z","created_by":"tester","updated_at":"2026-01-02T03:04:05Z","source_repo":".","compaction_level":0,"original_size":0}
{"id":"proj-nt7e","title":"Issue 290","status":"open","priority":2,"issue_type":"task","created_at":"2026-01-02T03:04:05Z","created_by":"tester","updated_at":"2026-01-02T03:04:05Z","source_repo":".","compaction_level":0,"original_size":0}
{"id":"proj-nwb3","title":"Issue 482","status":"open","priority":2,"issue_type":"task","created_at":"2026-01-02T03:04:05Z","created_by":"tester","updated_at":"2026-01-02T03:04:05Z","source_repo":".","compaction_level":0,"original_size":0}
{"id":"proj-nxbt","title":"Issue 764","status":"open","priority":2,"issue_type":"task","created_at":"2026-01-02T03:04:05Z","created_by":"tester","updated_at":"2026-01-02T03:04:05Z","source_repo":".","compaction_level":0,"original_size":0}
{"id":"proj-o0ae","title":"Issue 830","status":"open","priority":2,"issue_type":"task","created_at":"2026-01-02T03:04:05Z","created_by":"tester","updated_at":"2026-01-02T03:04:05Z","source_repo":".","compaction_level":0,"original_size":0}
{"id":"proj-o1ci","title":"Issue 768","status":"open","priority":2,"issue_type":"task","created_at":"2026-01-02T03:04:05Z","created_by":"tester","updated_at":"2026-01-02T03:04:05Z","source_repo":".","compaction_level":0,"original_size":0}
{"id":"proj-o21j","title":"Issue 917","status":"open","priority":2,"issue_type":"task","created_at":"2026-01-02T03:04:05Z","created_by":"tester","updated_at":"2026-01-02T03:04:05Z","source_repo":".","compaction_level":0,"original_size":0}
{"id":"proj-o3by","title":"Issue 511","status":"open","priority":2,"issue_type":"task","created_at":"2026-01-02T03:04:05Z","created_by":"tester","updated_at":"2026-01-02T03:04:05Z","source_repo":".","compaction_level":0,"original_size":0}
{"id":"proj-o50q","title":"Issue 394","status":"open","priority":2,"issue_type":"task","created_at":"2026-01-02T03:04:05Z","created_by":"tester","updated_at":"2026-01-02T03:04:05Z","source_repo":".","compaction_level":0,"original_size":0}
{"id":"proj-o59e","title":"Issue 250","status":"open","priority":2,"issue_type":"task","created_at":"2026-01-02T03:04:05Z","created_by":"tester","updated_at":"2026-01-02T03:04:05Z","source_repo":".","compaction_level":0,"original_size":0}
{"id":"proj-o7vv","title":"Issue 355","status":"open","priority":2,"issue_type":"task","created_at":"2026-01-02T03:04:05Z","created_by":"tester","updated_at":"2026-01-02T03:04:05Z","source_repo":".","compaction_level":0,"original_size":0}
{"id":"proj-o9dr","title":"Issue 552","status":"open","priority":2,"issue_type":"task","created_at":"2026-01-02T03:04:05Z","created_by":"tester","updated_at":"2026-01-02T03:04:05Z","source_repo":".","compaction_level":0,"original_size":0}
{"id":"proj-oa3v","title":"Issue 922","status":"open","priority":2,"issue_type":"task","created_at":"2026-01-02T03:04:05Z","created_by":"tester","updated_at":"2026-01-02T03:04:05Z","source_repo":".","compaction_level":0,"original_size":0}
{"id":"proj-oav2","title":"Issue 558","status":"open","priority":2,"issue_type":"task","created_at":"2026-01-02T03:04:05Z","created_by":"tester","updated_at":"2026-01-02T03:04:05Z","source_repo":".","compaction_level":0,"original_size":0}
{"id":"proj-obin","title":"Issue 678","status":"open","priority":2,"issue_type":"task","created_at":"2026-01-02T03:04:05Z","created_by":"tester","updated_at":"2026-01-02T03:04:05Z","source_repo":".","compaction_level":0,"original_size":0}
{"id":"proj-odg","title":"Issue 22","status":"open","priority":2,"issue_type":"task","created_at":"2026-01-02T03:04:05Z","created_by":"tester","updated_at":"2026-01-02T03:04:05Z","source_repo":".","compaction_level":0,"original_size":0}
{"id":"proj-odkj","title":"Issue 702","status":"open","priority":2,"issue_type":"task","created_at":"2026-01-02T03:04:05Z","created_by":"tester","updated_at":"2026-01-02T03:04:05Z","source_repo":".","compaction_level":0,"original_size":0}
{"id":"proj-oe1c","title":"Issue 210","status":"open","priority":2,"issue_type":"task","created_at":"2026-01-02T03:04:05Z","created_by":"tester","updated_at":"2026-01-02T03:04:05Z","source_repo":".","compaction_level":0,"original_size":0}
{"id":"proj-oexz","title":"Issue 554","status":"open","priority":2,"issue_type":"task","created_at":"2026-01-02T03:04:05Z","created_by":"tester","updated_at":"2026-01-02T03:04:05Z","source_repo":".","compaction_level":0,"original_size":0}
{"id":"proj-ogtm","title":"Issue 582","status":"open","priority":2,"issue_type":"task","created_at":"2026-01-02T03:04:05Z","created_by":"tester","updated_at":"2026-01-02T03:04:05Z","source_repo":".","compaction_level":0,"original_size":0}
{"id":"proj-ohl","title":"Issue 30","status":"open","priority":2,"issue_type":"task","created_at":"2026-01-02T03:04:05Z","created_by":"tester","updated_at":"2026-01-02T03:04:05Z","source_repo":".","compaction_level":0,"original_size":0}
{"id":"proj-oi1f","title":"Issue 908","status":"open","priority":2,"issue_type":"task","created_at":"2026-01-02T03:04:05Z","created_by":"tester","updated_at":"2026-01-02T03:04:05Z","source_repo":".","compaction_level":0,"original_size":0}
{"id":"proj-oidr","title":"Issue 230","status":"open","priority":2,"issue_type":"task","created_at":"2026-01-02T03:04:05Z","created_by":"tester","updated_at":"2026-01-02T03:04:05Z","source_repo":".","compaction_level":0,"original_size":0}
{"id":"proj-oly5","title":"Issue 517","status":"open","priority":2,"issue_type":"task","created_at":"2026-01-02T03:04:05Z","created_by":"tester","updated_at":"2026-01-02T03:04:05Z","source_repo":".","compaction_level":0,"original_size":0}
{"id":"proj-oo7b","title":"Issue 610","status":"open","priority":2,"issue_type":"task","created_at":"2026-01-02T03:04:05Z","created_by":"tester","updated_at":"2026-01-02T03:04:05Z","source_repo":".","compaction_level":0,"original_size":0}
{"id":"proj-ope5","title":"Issue 477","status":"open","priority":2,"issue_type":"task","created_at":"2026-01-02T03:04:05Z","created_by":"tester","updated_at":"2026-01-02T03:04:05Z","source_repo":".","compaction_level":0,"original_size":0}
{"id":"proj-orl0","title":"Issue 978","status":"open","priority":2,"issue_type":"task","created_at":"2026-01-02T03:04:05Z","created_by":"tester","updated_at":"2026-01-02T03:04:05Z","source_repo":".","compaction_level":0,"original_size":0}
{"id":"proj-os97","title":"Issue 824","status":"open","priority":2,"issue_type":"task","created_at":"2026-01-02T03:04:05Z","created_by":"tester","updated_at":"2026-01-02T03:04:05Z","source_repo":".","compaction_level":0,"original_size":0}
{"id":"proj-ouxu","title":"Issue 182","status":"open","priority":2,"issue_type":"task","created_at":"2026-01-02T03:04:05Z","created_by":"tester","updated_at":"2026-01-02T03:04:05Z","source_repo":".","compaction_level":0,"original_size":0}
{"id":"proj-oxjo","title":"Issue 562","status":"open","priority":2,"issue_type":"task","created_at":"2026-01-02T03:04:05Z","created_by":"tester","updated_at":"2026-01-02T03:04:05Z","source_repo":".","compaction_level":0,"original_size":0}
{"id":"proj-oy1d","title":"Issue 396","status":"open","priority":2,"issue_type":"task","created_at":"2026-01-02T03:04:05Z","created_by":"tester","updated_at":"2026-01-02T03:04:05Z","source_repo":".","compaction_level":0,"original_size":0}
{"id":"proj-ozmd","title":"Issue 666","status":"open","priority":2,"issue_type":"task","created_at":"2026-01-02T03:04:05Z","created_by":"tester","updated_at":"2026-01-02T03:04:05Z","source_repo":".","compaction_level":0,"original_size":0}
{"id":"proj-p2gb","title":"Issue 876","status":"open","priority":2,"issue_type":"task","created_at":"2026-01-02T03:04:05Z","created_by":"tester","updated_at":"2026-01-02T03:04:05Z","source_repo":".","compaction_level":0,"original_size":0}
{"id":"proj-p2w4","title":"Issue 285","status":"open","priority":2,"issue_type":"task","created_at":"2026-01-02T03:04:05Z","created_by":"tester","updated_at":"2026-01-02T03:04:05Z","source_repo":".","compaction_level":0,"original_size":0}
{"id":"proj-p2zv","title":"Issue 485","status":"open","priority":2,"issue_type":"task","created_at":"2026-01-02T03:04:05Z","created_by":"tester","updated_at":"2026-01-02T03:04:05Z","source_repo":".","compaction_level":0,"original_size":0}
{"id":"proj-p35i","title":"Issue 553","status":"open","priority":2,"issue_type":"task","created_at":"2026-01-02T03:04:05Z","created_by":"tester","updated_at":"2026-01-02T03:04:05Z","source_repo":".","compaction_level":0,"original_size":0}
{"id":"proj-p50m","title":"Issue 235","status":"open","priority":2,"issue_type":"task","created_at":"2026-01-02T03:04:05Z","created_by":"tester","updated_at":"2026-01-02T03:04:05Z","source_repo":".","compaction_level":0,"original_size":0}
{"id":"proj-p7m9","title":"Issue 301","status":"open","priority":2,"issue_type":"task","created_at":"2026-01-02T03:04:05Z","created_by":"tester","updated_at":"2026-01-02T03:04:05Z","source_repo":".","compaction_level":0,"original_size":0}
{"id":"proj-p8lc","title":"Issue 219","status":"open","priority":2,"issue_type":"task","created_at":"2026-01-02T03:04:05Z","created_by":"tester","updated_at":"2026-01-02T03:04:05Z","source_repo":".","compaction_level":0,"original_size":0}
{"id":"proj-p8y","title":"Issue 65","status":"open","priority":2,"issue_type":"task","created_at":"2026-01-02T03:04:05Z","created_by":"tester","updated_at":"2026-01-02T03:04:05Z","source_repo":".","compaction_level":0,"original_size":0}
{"id":"proj-p9lm","title":"Issue 481","status":"open","priority":2,"issue_type":"task","created_at":"2026-01-02T03:04:05Z","created_by":"tester","updated_at":"2026-01-02T03:04:05Z","source_repo":".","compaction_level":0,"original_size":0}
{"id":"proj-p9vj","title":"Issue 335","status":"open","priority":2,"issue_type":"task","created_at":"2026-01-02T03:04:05Z","created_by":"tester","updated_at":"2026-01-02T03:04:05Z","source_repo":".","compaction_level":0,"original_size":0}
{"id":"proj-pars","title":"Issue 677","status":"open","priority":2,"issue_type":"task","created_at":"2026-01-02T03:04:05Z","created_by":"tester","updated_at":"2026-01-02T03:04:05Z","source_repo":".","compaction_level":0,"original_size":0}
{"id":"proj-pbih","title":"Issue 308","status":"open","priority":2,"issue_type":"task","created_at":"2026-01-02T03:04:05Z","created_by":"tester","updated_at":"2026-01-02T03:04:05Z","source_repo":".","compaction_level":0,"original_size":0}
{"id":"proj-pdkw","title":"Issue 796","status":"open","priority":2,"issue_type":"task","created_at":"2026-01-02T03:04:05Z","created_by":"tester","updated_at":"2026-01-02T03:04:05Z","source_repo":".","compaction_level":0,"original_size":0}
{"id":"proj-pdww","title":"Issue 743","status":"open","priority":2,"issue_type":"task","created_at":"2026-01-02T03:04:05Z","created_by":"tester","updated_at":"2026-01-02T03:04:05Z","source_repo":".","compaction_level":0,"original_size":0}
{"id":"proj-ph6","title":"Issue 124","status":"open","priority":2,"issue_type":"task","created_at":"2026-01-02T03:04:05Z","created_by":"tester","updated_at":"2026-01-02T03:04:05Z","source_repo":".","compaction_level":0,"original_size":0}
{"id":"proj-phfg","title":"Issue 645","status":"open","priority":2,"issue_type":"task","created_at":"2026-01-02T03:04:05Z","created_by":"tester","updated_at":"2026-01-02T03:04:05Z","source_repo":".","compaction_level":0,"original_size":0}
{"id":"proj-pjsa","title":"Issue 253","status":"open","priority":2,"issue_type":"task","created_at":"2026-01-02T03:04:05Z","created_by":"tester","updated_at":"2026-01-02T03:04:05Z","source_repo":".","compaction_level":0,"original_size":0}
{"id":"proj-pjx4","title":"Issue 572","status":"open","priority":2,"issue_type":"task","created_at":"2026-01-02T03:04:05Z","created_by":"tester","updated_at":"2026-01-02T03:04:05Z","source_repo":".","compaction_level":0,"original_size":0}
{"id":"proj-po7m","title":"Issue 536","status":"open","priority":2,"issue_type":"task","created_at":"2026-01-02T03:04:05Z","created_by":"tester","updated_at":"2026-01-02T03:04:05Z","source_repo":".","compaction_level":0,"original_size":0}
{"id":"proj-po8a","title":"Issue 766","status":"open","priority":2,"issue_type":"task","created_at":"2026-01-02T03:04:05Z","created_by":"tester","updated_at":"2026-01-02T03:04:05Z","source_repo":".","compaction_level":0,"original_size":0}
{"id":"proj-pp5","title":"Issue 27","status":"open","priority":2,"issue_type":"task","created_at":"2026-01-02T03:04:05Z","created_by":"tester","updated_at":"2026-01-02T03:04:05Z","source_repo":".","compaction_level":0,"original_size":0}
{"id":"proj-pqhn","title":"Issue 203","status":"open","priority":2,"issue_type":"task","created_at":"2026-01-02T03:04:05Z","created_by":"tester","updated_at":"2026-01-02T03:04:05Z","source_repo":".","compaction_level":0,"original_size":0}
{"id":"proj-pqz5","title":"Issue 984","status":"open","priority":2,"issue_type":"task","created_at":"2026-01-02T03:04:05Z","created_by":"tester","updated_at":"2026-01-02T03:04:05Z","source_repo":".","compaction_level":0,"original_size":0}
{"id":"proj-prd2","title":"Issue 780","status":"open","priority":2,"issue_type":"task","created_at":"2026-01-02T03:04:05Z","created_by":"tester","updated_at":"2026-01-02T03:04:05Z","source_repo":".","compaction_level":0,"original_size":0}
{"id":"proj-psk3","title":"Issue 946","status":"open","priority":2,"issue_type":"task","created_at":"2026-01-02T03:04:05Z","created_by":"tester","updated_at":"2026-01-02T03:04:05Z","source_repo":".","compaction_level":0,"original_size":0}
{"id":"proj-pukk","title":"Issue 401","status":"open","priority":2,"issue_type":"task","created_at":"2026-01-02T03:04:05Z","created_by":"tester","updated_at":"2026-01-02T03:04:05Z","source_repo":".","compaction_level":0,"original_size":0}
{"id":"proj-pwl","title":"Issue 79","status":"open","priority":2,"issue_type":"task","created_at":"2026-01-02T03:04:05Z","created_by":"tester","updated_at":"2026-01-02T03:04:05Z","source_repo":".","compaction_level":0,"original_size":0}
{"id":"proj-pysk","title":"Issue 867","status":"open","priority":2,"issue_type":"task","created_at":"2026-01-02T03:04:05Z","created_by":"tester","updated_at":"2026-01-02T03:04:05Z","source_repo":".","compaction_level":0,"original_size":0}
{"id":"proj-pz7","title":"Issue 108","status":"open","priority":2,"issue_type":"task","created_at":"2026-01-02T03:04:05Z","created_by":"tester","updated_at":"2026-01-02T03:04:05Z","source_repo":".","compaction_level":0,"original_size":0}
{"id":"proj-pzk4","title":"Issue 375","status":"open","priority":2,"issue_type":"task","created_at":"2026-01-02T03:04:05Z","created_by":"tester","updated_at":"2026-01-02T03:04:05Z","source_repo":".","compaction_level":0,"original_size":0}
{"id":"proj-q23c","title":"Issue 453","status":"open","priority":2,"issue_type":"task","created_at":"2026-01-02T03:04:05Z","created_by":"tester","updated_at":"2026-01-02T03:04:05Z","source_repo":".","compaction_level":0,"original_size":0}
{"id":"proj-q2e6","title":"Issue 960","status":"open","priority":2,"issue_type":"task","created_at":"2026-01-02T03:04:05Z","created_by":"tester","updated_at":"2026-01-02T03:04:05Z","source_repo":".","compaction_level":0,"original_size":0}
{"id":"proj-q4fy","title":"Issue 197","status":"open","priority":2,"issue_type":"task","created_at":"2026-01-02T03:04:05Z","created_by":"tester","updated_at":"2026-01-02T03:04:05Z","source_repo":".","compaction_level":0,"original_size":0}
{"id":"proj-q4m0","title":"Issue 900","status":"open","priority":2,"issue_type":"task","created_at":"2026-01-02T03:04:05Z","created_by":"tester","updated_at":"2026-01-02T03:04:05Z","source_repo":".","compaction_level":0,"original_size":0}
{"id":"proj-q6an","title":"Issue 460","status":"open","priority":2,"issue_type":"task","created_at":"2026-01-02T03:04:05Z","created_by":"tester","updated_at":"2026-01-02T03:04:05Z","source_repo":".","compaction_level":0,"original_size":0}
{"id":"proj-q6ko","title":"Issue 234","status":"open","priority":2,"issue_type":"task","created_at":"2026-01-02T03:04:05Z","created_by":"tester","updated_at":"2026-01-02T03:04:05Z","source_repo":".","compaction_level":0,"original_size":0}
{"id":"proj-qcdn","title":"Issue 826","status":"open","priority":2,"issue_type":"task","created_at":"2026-01-02T03:04:05Z","created_by":"tester","updated_at":"2026-01-02T03:04:05Z","source_repo":".","compaction_level":0,"original_size":0}
{"id":"proj-qe2e","title":"Issue 214","status":"open","priority":2,"issue_type":"task","created_at":"2026-01-02T03:04:05Z","created_by":"tester","updated_at":"2026-01-02T03:04:05Z","source_repo":".","compaction_level":0,"original_size":0}
{"id":"proj-qg5j","title":"Issue 336","status":"open","priority":2,"issue_type":"task","created_at":"2026-01-02T03:04:05Z","created_by":"tester","updated_at":"2026-01-02T03:04:05Z","source_repo":".","compaction_level":0,"original_size":0}
{"id":"proj-qhyb","title":"Issue 206","status":"open","priority":2,"issue_type":"task","created_at":"2026-01-02T03:04:05Z","created_by":"tester","updated_at":"2026-01-02T03:04:05Z","source_repo":".","compaction_level":0,"original_size":0}
{"id":"proj-qk7","title":"Issue 36","status":"open","priority":2,"issue_type":"task","created_at":"2026-01-02T03:04:05Z","created_by":"tester","updated_at":"2026-01-02T03:04:05Z","source_repo":".","compaction_level":0,"original_size":0}
{"id":"proj-qkgf","title":"Issue 277","status":"open","priority":2,"issue_type":"task","created_at":"2026-01-02T03:04:05Z","created_by":"tester","updated_at":"2026-01-02T03:04:05Z","source_repo":".","compaction_level":0,"original_size":0}
{"id":"proj-qlgl","title":"Issue 215","status":"open","priority":2,"issue_type":"task","created_at":"2026-01-02T03:04:05Z","created_by":"tester","updated_at":"2026-01-02T03:04:05Z","source_repo":".","compaction_level":0,"original_size":0}
{"id":"proj-qlkz","title":"Issue 739","status":"open","priority":2,"issue_type":"task","created_at":"2026-01-02T03:04:05Z","created_by":"tester","updated_at":"2026-01-02T03:04:05Z","source_repo":".","compaction_level":0,"original_size":0}
{"id":"proj-qlmf","title":"Issue 806","status":"open","priority":2,"issue_type":"task","created_at":"2026-01-02T03:04:05Z","created_by":"tester","updated_at":"2026-01-02T03:04:05Z","source_repo":".","compaction_level":0,"original_size":0}
{"id":"proj-qlp","title":"Issue 35","status":"open","priority":2,"issue_type":"task","created_at":"2026-01-02T03:04:05Z","created_by":"tester","updated_at":"2026-01-02T03:04:05Z","source_repo":".","compaction_level":0,"original_size":0}
{"id":"proj-qof0","title":"Issue 390","status":"open","priority":2,"issue_type":"task","created_at":"2026-01-02T03:04:05Z","created_by":"tester","updated_at":"2026-01-02T03:04:05Z","source_repo":".","compaction_level":0,"original_size":0}
{"id":"proj-qomi","title":"Issue 897","status":"open","priority":2,"issue_type":"task","created_at":"2026-01-02T03:04:05Z","created_by":"tester","updated_at":"2026-01-02T03:04:05Z","source_repo":".","compaction_level":0,"original_size":0}
{"id":"proj-qpfp","title":"Issue 746","status":"open","priority":2,"issue_type":"task","created_at":"2026-01-02T03:04:05Z","created_by":"tester","updated_at":"2026-01-02T03:04:05Z","source_repo":".","compaction_level":0,"original_size":0}
{"id":"proj-qrfh","title":"Issue 369","status":"open","priority":2,"issue_type":"task","created_at":"2026-01-02T03:04:05Z","created_by":"tester","updated_at":"2026-01-02T03:04:05Z","source_repo":".","compaction_level":0,"original_size":0}
{"id":"proj-qrrv","title":"Issue 664","status":"open","priority":2,"issue_type":"task","created_at":"2026-01-02T03:04:05Z","created_by":"tester","updated_at":"2026-01-02T03:04:05Z","source_repo":".","compaction_level":0,"original_size":0}
{"id":"proj-qs19","title":"Issue 326","status":"open","priority":2,"issue_type":"task","created_at":"2026-01-02T03:04:05Z","created_by":"tester","updated_at":"2026-01-02T03:04:05Z","source_repo":".","compaction_level":0,"original_size":0}
{"id":"proj-qtx","title":"Issue 157","status":"open","priority":2,"issue_type":"task","created_at":"2026-01-02T03:04:05Z","created_by":"tester","updated_at":"2026-01-02T03:04:05Z","source_repo":".","compaction_level":0,"original_size":0}
{"id":"proj-qva","title":"Issue 154","status":"open","priority":2,"issue_type":"task","created_at":"2026-01-02T03:04:05Z","created_by":"tester","updated_at":"2026-01-02T03:04:05Z","source_repo":".","compaction_level":0,"original_size":0}
{"id":"proj-qvsf","title":"Issue 307","status":"open","priority":2,"issue_type":"task","created_at":"2026-01-02T03:04:05Z","created_by":"tester","updated_at":"2026-01-02T03:04:05Z","source_repo":".","compaction_level":0,"original_size":0}
{"id":"proj-qz6k","title":"Issue 881","status":"open","priority":2,"issue_type":"task","created_at":"2026-01-02T03:04:05Z","created_by":"tester","updated_at":"2026-01-02T03:04:05Z","source_repo":".","compaction_level":0,"original_size":0}
{"id":"proj-qz8y","title":"Issue 309","status":"open","priority":2,"issue_type":"task","created_at":"2026-01-02T03:04:05Z","created_by":"tester","updated_at":"2026-01-02T03:04:05Z","source_repo":".","compaction_level":0,"original_size":0}
{"id":"proj-qz9w","title":"Issue 870","status":"open","priority":2,"issue_type":"task","created_at":"2026-01-02T03:04:05Z","created_by":"tester","updated_at":"2026-01-02T03:04:05Z","source_repo":".","compaction_level":0,"original_size":0}
{"id":"proj-qzpx","title":"Issue 242","status":"open","priority":2,"issue_type":"task","created_at":"2026-01-02T03:04:05Z","created_by":"tester","updated_at":"2026-01-02T03:04:05Z","source_repo":".","compaction_level":0,"original_size":0}
{"id":"proj-r0y5","title":"Issue 753","status":"open","priority":2,"issue_type":"task","created_at":"2026-01-02T03:04:05Z","created_by":"tester","updated_at":"2026-01-02T03:04:05Z","source_repo":".","compaction_level":0,"original_size":0}
{"id":"proj-r5d","title":"Issue 105","status":"open","priority":2,"issue_type":"task","created_at":"2026-01-02T03:04:05Z","created_by":"tester","updated_at":"2026-01-02T03:04:05Z","source_repo":".","compaction_level":0,"original_size":0}
{"id":"proj-r8au","title":"Issue 373","status":"open","priority":2,"issue_type":"task","created_at":"2026-01-02T03:04:05Z","created_by":"tester","updated_at":"2026-01-02T03:04:05Z","source_repo":".","compaction_level":0,"original_size":0}
{"id":"proj-r9ed","title":"Issue 662","status":"open","priority":2,"issue_type":"task","created_at":"2026-01-02T03:04:05Z","created_by":"tester","updated_at":"2026-01-02T03:04:05Z","source_repo":".","compaction_level":0,"original_size":0}
{"id":"proj-r9fv","title":"Issue 255","status":"open","priority":2,"issue_type":"task","created_at":"2026-01-02T03:04:05Z","created_by":"tester","updated_at":"2026-01-02T03:04:05Z","source_repo":".","compaction_level":0,"original_size":0}
{"id":"proj-r9rz","title":"Issue 901","status":"open","priority":2,"issue_type":"task","created_at":"2026-01-02T03:04:05Z","created_by":"tester","updated_at":"2026-01-02T03:04:05Z","source_repo":".","compaction_level":0,"original_size":0}
{"id":"proj-rboe","title":"Issue 557","status":"open","priority":2,"issue_type":"task","created_at":"2026-01-02T03:04:05Z","created_by":"tester","updated_at":"2026-01-02T03:04:05Z","source_repo":".","compaction_level":0,"original_size":0}
{"id":"proj-rbs","title":"Issue 146","status":"open","priority":2,"issue_type":"task","created_at":"2026-01-02T03:04:05Z","created_by":"tester","updated_at":"2026-01-02T03:04:05Z","source_repo":".","compaction_level":0,"original_size":0}
{"id":"proj-rc3z","title":"Issue 236","status":"open","priority":2,"issue_type":"task","created_at":"2026-01-02T03:04:05Z","created_by":"tester","updated_at":"2026-01-02T03:04:05Z","source_repo":".","compaction_level":0,"original_size":0}
{"id":"proj-rco","title":"Issue 18","status":"open","priority":2,"issue_type":"task","created_at":"2026-01-02T03:04:05Z","created_by":"tester","updated_at":"2026-01-02T03:04:05Z","source_repo":".","compaction_level":0,"original_size":0}
{"id":"proj-rdft","title":"Issue 362","status":"open","priority":2,"issue_type":"task","created_at":"2026-01-02T03:04:05Z","created_by":"tester","updated_at":"2026-01-02T03:04:05Z","source_repo":".","compaction_level":0,"original_size":0}
{"id":"proj-retw","title":"Issue 765","status":"open","priority":2,"issue_type":"task","created_at":"2026-01-02T03:04:05Z","created_by":"tester","updated_at":"2026-01-02T03:04:05Z","source_repo":".","compaction_level":0,"original_size":0}
{"id":"proj-rg24","title":"Issue 190","status":"open","priority":2,"issue_type":"task","created_at":"2026-01-02T03:04:05Z","created_by":"tester","updated_at":"2026-01-02T03:04:05Z","source_repo":".","compaction_level":0,"original_size":0}
{"id":"proj-rhx","title":"Issue 33","status":"open","priority":2,"issue_type":"task","created_at":"2026-01-02T03:04:05Z","created_by":"tester","updated_at":"2026-01-02T03:04:05Z","source_repo":".","compaction_level":0,"original_size":0}
{"id":"proj-rn3d","title":"Issue 408","status":"open","priority":2,"issue_type":"task","created_at":"2026-01-02T03:04:05Z","created_by":"tester","updated_at":"2026-01-02T03:04:05Z","source_repo":".","compaction_level":0,"original_size":0}
{"id":"proj-rnm","title":"Issue 20","status":"open","priority":2,"issue_type":"task","created_at":"2026-01-02T03:04:05Z","created_by":"tester","updated_at":"2026-01-02T03:04:05Z","source_repo":".","compaction_level":0,"original_size":0}
{"id":"proj-rpnk","title":"Issue 551","status":"open","priority":2,"issue_type":"task","created_at":"2026-01-02T03:04:05Z","created_by":"tester","updated_at":"2026-01-02T03:04:05Z","source_repo":".","compaction_level":0,"original_size":0}
{"id":"proj-rpz5","title":"Issue 173","status":"open","priority":2,"issue_type":"task","created_at":"2026-01-02T03:04:05Z","created_by":"tester","updated_at":"2026-01-02T03:04:05Z","source_repo":".","compaction_level":0,"original_size":0}
{"id":"proj-rs90","title":"Issue 576","status":"open","priority":2,"issue_type":"task","created_at":"2026-01-02T03:04:05Z","created_by":"tester","updated_at":"2026-01-02T03:04:05Z","source_repo":".","compaction_level":0,"original_size":0}
{"id":"proj-rt3u","title":"Issue 548","status":"open","priority":2,"issue_type":"task","created_at":"2026-01-02T03:04:05Z","created_by":"tester","updated_at":"2026-01-02T03:04:05Z","source_repo":".","compaction_level":0,"original_size":0}
{"id":"proj-rwxc","title":"Issue 200","status":"open","priority":2,"issue_type":"task","created_at":"2026-01-02T03:04:05Z","created_by":"tester","updated_at":"2026-01-02T03:04:05Z","source_repo":".","compaction_level":0,"original_size":0}
{"id":"proj-rxbz","title":"Issue 306","status":"open","priority":2,"issue_type":"task","created_at":"2026-01-02T03:04:05Z","created_by":"tester","updated_at":"2026-01-02T03:04:05Z","source_repo":".","compaction_level":0,"original_size":0}
{"id":"proj-rxrh","title":"Issue 490","status":"open","priority":2,"issue_type":"task","created_at":"2026-01-02T03:04:05Z","created_by":"tester","updated_at":"2026-01-02T03:04:05Z","source_repo":".","compaction_level":0,"original_size":0}
{"id":"proj-rzsn","title":"Issue 231","status":"open","priority":2,"issue_type":"task","created_at":"2026-01-02T03:04:05Z","created_by":"tester","updated_at":"2026-01-02T03:04:05Z","source_repo":".","compaction_level":0,"original_size":0}
{"id":"proj-rzz","title":"Issue 69","status":"open","priority":2,"issue_type":"task","created_at":"2026-01-02T03:04:05Z","created_by":"tester","updated_at":"2026-01-02T03:04:05Z","source_repo":".","compaction_level":0,"original_size":0}
{"id":"proj-s2yl","title":"Issue 474","status":"open","priority":2,"issue_type":"task","created_at":"2026-01-02T03:04:05Z","created_by":"tester","updated_at":"2026-01-02T03:04:05Z","source_repo":".","compaction_level":0,"original_size":0}
{"id":"proj-s3it","title":"Issue 931","status":"open","priority":2,"issue_type":"task","created_at":"2026-01-02T03:04:05Z","created_by":"tester","updated_at":"2026-01-02T03:04:05Z","source_repo":".","compaction_level":0,"original_size":0}
{"id":"proj-s59u","title":"Issue 902","status":"open","priority":2,"issue_type":"task","created_at":"2026-01-02T03:04:05Z","created_by":"tester","updated_at":"2026-01-02T03:04:05Z","source_repo":".","compaction_level":0,"original_size":0}
{"id":"proj-s960","title":"Issue 196","status":"open","priority":2,"issue_type":"task","created_at":"2026-01-02T03:04:05Z","created_by":"tester","updated_at":"2026-01-02T03:04:05Z","source_repo":".","compaction_level":0,"original_size":0}
{"id":"proj-s9l2","title":"Issue 647","status":"open","priority":2,"issue_type":"task","created_at":"2026-01-02T03:04:05Z","created_by":"tester","updated_at":"2026-01-02T03:04:05Z","source_repo":".","compaction_level":0,"original_size":0}
{"id":"proj-saap","title":"Issue 534","status":"open","priority":2,"issue_type":"task","created_at":"2026-01-02T03:04:05Z","created_by":"tester","updated_at":"2026-01-02T03:04:05Z","source_repo":".","compaction_level":0,"original_size":0}
{"id":"proj-sb6r","title":"Issue 411","status":"open","priority":2,"issue_type":"task","created_at":"2026-01-02T03:04:05Z","created_by":"tester","updated_at":"2026-01-02T03:04:05Z","source_repo":".","compaction_level":0,"original_size":0}
{"id":"proj-sbgn","title":"Issue 697","status":"open","priority":2,"issue_type":"task","created_at":"2026-01-02T03:04:05Z","created_by":"tester","updated_at":"2026-01-02T03:04:05Z","source_repo":".","compaction_level":0,"original_size":0}
{"id":"proj-scyr","title":"Issue 276","status":"open","priority":2,"issue_type":"task","created_at":"2026-01-02T03:04:05Z","created_by":"tester","updated_at":"2026-01-02T03:04:05Z","source_repo":".","compaction_level":0,"original_size":0}
{"id":"proj-sfi3","title":"Issue 348","status":"open","priority":2,"issue_type":"task","created_at":"2026-01-02T03:04:05Z","created_by":"tester","updated_at":"2026-01-02T03:04:05Z","source_repo":".","compaction_level":0,"original_size":0}
{"id":"proj-sfp3","title":"Issue 313","status":"open","priority":2,"issue_type":"task","created_at":"2026-01-02T03:04:05Z","created_by":"tester","updated_at":"2026-01-02T03:04:05Z","source_repo":".","compaction_level":0,"original_size":0}
{"id":"proj-siz1","title":"Issue 167","status":"open","priority":2,"issue_type":"task","created_at":"2026-01-02T03:04:05Z","created_by":"tester","updated_at":"2026-01-02T03:04:05Z","source_repo":".","compaction_level":0,"original_size":0}
{"id":"proj-sjpk","title":"Issue 754","status":"open","priority":2,"issue_type":"task","created_at":"2026-01-02T03:04:05Z","created_by":"tester","updated_at":"2026-01-02T03:04:05Z","source_repo":".","compaction_level":0,"original_size":0}
{"id":"proj-sm52","title":"Issue 925","status":"open","priority":2,"issue_type":"task","created_at":"2026-01-02T03:04:05Z","created_by":"tester","updated_at":"2026-01-02T03:04:05Z","source_repo":".","compaction_level":0,"original_size":0}
{"id":"proj-sqlg","title":"Issue 942","status":"open","priority":2,"issue_type":"task","created_at":"2026-01-02T03:04:05Z","created_by":"tester","updated_at":"2026-01-02T03:04:05Z","source_repo":".","compaction_level":0,"original_size":0}
{"id":"proj-sqr","title":"Issue 31","status":"open","priority":2,"issue_type":"task","created_at":"2026-01-02T03:04:05Z","created_by":"tester","updated_at":"2026-01-02T03:04:05Z","source_repo":".","compaction_level":0,"original_size":0}
{"id":"proj-sryx","title":"Issue 600","status":"open","priority":2,"issue_type":"task","created_at":"2026-01-02T03:04:05Z","created_by":"tester","updated_at":"2026-01-02T03:04:05Z","source_repo":".","compaction_level":0,"original_size":0}
{"id":"proj-sswy","title":"Issue 618","status":"open","priority":2,"issue_type":"task","created_at":"2026-01-02T03:04:05Z","created_by":"tester","updated_at":"2026-01-02T03:04:05Z","source_repo":".","compaction_level":0,"original_size":0}
{"id":"proj-st2o","title":"Issue 496","status":"open","priority":2,"issue_type":"task","created_at":"2026-01-02T03:04:05Z","created_by":"tester","updated_at":"2026-01-02T03:04:05Z","source_repo":".","compaction_level":0,"original_size":0}
{"id":"proj-suvz","title":"Issue 884","status":"open","priority":2,"issue_type":"task","created_at":"2026-01-02T03:04:05Z","created_by":"tester","updated_at":"2026-01-02T03:04:05Z","source_repo":".","compaction_level":0,"original_size":0}
{"id":"proj-suw","title":"Issue 6","status":"open","priority":2,"issue_type":"task","created_at":"2026-01-02T03:04:05Z","created_by":"tester","updated_at":"2026-01-02T03:04:05Z","source_repo":".","compaction_level":0,"original_size":0}
{"id":"proj-sv1","title":"Issue 132","status":"open","priority":2,"issue_type":"task","created_at":"2026-01-02T03:04:05Z","created_by":"tester","updated_at":"2026-01-02T03:04:05Z","source_repo":".","compaction_level":0,"original_size":0}
{"id":"proj-t1n4","title":"Issue 719","status":"open","priority":2,"issue_type":"task","created_at":"2026-01-02T03:04:05Z","created_by":"tester","updated_at":"2026-01-02T03:04:05Z","source_repo":".","compaction_level":0,"original_size":0}
{"id":"proj-t2m2","title":"Issue 774","status":"open","priority":2,"issue_type":"task","created_at":"2026-01-02T03:04:05Z","created_by":"tester","updated_at":"2026-01-02T03:04:05Z","source_repo":".","compaction_level":0,"original_size":0}
{"id":"proj-t38","title":"Issue 107","status":"open","priority":2,"issue_type":"task","created_at":"2026-01-02T03:04:05Z","created_by":"tester","updated_at":"2026-01-02T03:04:05Z","source_repo":".","compaction_level":0,"original_size":0}
{"id":"proj-t4cb","title":"Issue 281","status":"open","priority":2,"issue_type":"task","created_at":"2026-01-02T03:04:05Z","created_by":"tester","updated_at":"2026-01-02T03:04:05Z","source_repo":".","compaction_level":0,"original_size":0}
{"id":"proj-t6fe","title":"Issue 469","status":"open","priority":2,"issue_type":"task","created_at":"2026-01-02T03:04:05Z","created_by":"tester","updated_at":"2026-01-02T03:04:05Z","source_repo":".","compaction_level":0,"original_size":0}
{"id":"proj-t96i","title":"Issue 514","status":"open","priority":2,"issue_type":"task","created_at":"2026-01-02T03:04:05Z","created_by":"tester","updated_at":"2026-01-02T03:04:05Z","source_repo":".","compaction_level":0,"original_size":0}
{"id":"proj-t9me","title":"Issue 561","status":"open","priority":2,"issue_type":"task","created_at":"2026-01-02T03:04:05Z","created_by":"tester","updated_at":"2026-01-02T03:04:05Z","source_repo":".","compaction_level":0,"original_size":0}
{"id":"proj-tau2","title":"Issue 667","status":"open","priority":2,"issue_type":"task","created_at":"2026-01-02T03:04:05Z","created_by":"tester","updated_at":"2026-01-02T03:04:05Z","source_repo":".","compaction_level":0,"original_size":0}
{"id":"proj-tb2h","title":"Issue 822","status":"open","priority":2,"issue_type":"task","created_at":"2026-01-02T03:04:05Z","created_by":"tester","updated_at":"2026-01-02T03:04:05Z","source_repo":".","compaction_level":0,"original_size":0}
{"id":"proj-tgc4","title":"Issue 918","status":"open","priority":2,"issue_type":"task","created_at":"2026-01-02T03:04:05Z","created_by":"tester","updated_at":"2026-01-02T03:04:05Z","source_repo":".","compaction_level":0,"original_size":0}
{"id":"proj-ti0l","title":"Issue 788","status":"open","priority":2,"issue_type":"task","created_at":"2026-01-02T03:04:05Z","created_by":"tester","updated_at":"2026-01-02T03:04:05Z","source_repo":".","compaction_level":0,"original_size":0}
{"id":"proj-tlip","title":"Issue 593","status":"open","priority":2,"issue_type":"task","created_at":"2026-01-02T03:04:05Z","created_by":"tester","updated_at":"2026-01-02T03:04:05Z","source_repo":".","compaction_level":0,"original_size":0}
{"id":"proj-tlrc","title":"Issue 724","status":"open","priority":2,"issue_type":"task","created_at":"2026-01-02T03:04:05Z","created_by":"tester","updated_at":"2026-01-02T03:04:05Z","source_repo":".","compaction_level":0,"original_size":0}
{"id":"proj-tma","title":"Issue 102","status":"open","priority":2,"issue_type":"task","created_at":"2026-01-02T03:04:05Z","created_by":"tester","updated_at":"2026-01-02T03:04:05Z","source_repo":".","compaction_level":0,"original_size":0}
{"id":"proj-toj8","title":"Issue 599","status":"open","priority":2,"issue_type":"task","created_at":"2026-01-02T03:04:05Z","created_by":"tester","updated_at":"2026-01-02T03:04:05Z","source_repo":".","compaction_level":0,"original_size":0}
{"id":"proj-tp7e","title":"Issue 550","status":"open","priority":2,"issue_type":"task","created_at":"2026-01-02T03:04:05Z","created_by":"tester","updated_at":"2026-01-02T03:04:05Z","source_repo":".","compaction_level":0,"original_size":0}
{"id":"proj-tpv5","title":"Issue 341","status":"open","priority":2,"issue_type":"task","created_at":"2026-01-02T03:04:05Z","created_by":"tester","updated_at":"2026-01-02T03:04:05Z","source_repo":".","compaction_level":0,"original_size":0}
{"id":"proj-tqkb","title":"Issue 961","status":"open","priority":2,"issue_type":"task","created_at":"2026-01-02T03:04:05Z","created_by":"tester","updated_at":"2026-01-02T03:04:05Z","source_repo":".","compaction_level":0,"original_size":0}
{"id":"proj-tr2f","title":"Issue 947","status":"open","priority":2,"issue_type":"task","created_at":"2026-01-02T03:04:05Z","created_by":"tester","updated_at":"2026-01-02T03:04:05Z","source_repo":".","compaction_level":0,"original_size":0}
{"id":"proj-trxw","title":"Issue 797","status":"open","priority":2,"issue_type":"task","created_at":"2026-01-02T03:04:05Z","created_by":"tester","updated_at":"2026-01-02T03:04:05Z","source_repo":".","compaction_level":0,"original_size":0}
{"id":"proj-tu4v","title":"Issue 894","status":"open","priority":2,"issue_type":"task","created_at":"2026-01-02T03:04:05Z","created_by":"tester","updated_at":"2026-01-02T03:04:05Z","source_repo":".","compaction_level":0,"original_size":0}
{"id":"proj-tujt","title":"Issue 448","status":"open","priority":2,"issue_type":"task","created_at":"2026-01-02T03:04:05Z","created_by":"tester","updated_at":"2026-01-02T03:04:05Z","source_repo":".","compaction_level":0,"original_size":0}
{"id":"proj-tvcz","title":"Issue 613","status":"open","priority":2,"issue_type":"task","created_at":"2026-01-02T03:04:05Z","created_by":"tester","updated_at":"2026-01-02T03:04:05Z","source_repo":".","compaction_level":0,"original_size":0}
{"id":"proj-twb","title":"Issue 118","status":"open","priority":2,"issue_type":"task","created_at":"2026-01-02T03:04:05Z","created_by":"tester","updated_at":"2026-01-02T03:04:05Z","source_repo":".","compaction_level":0,"original_size":0}
{"id":"proj-tz94","title":"Issue 462","status":"open","priority":2,"issue_type":"task","created_at":"2026-01-02T03:04:05Z","created_by":"tester","updated_at":"2026-01-02T03:04:05Z","source_repo":".","compaction_level":0,"original_size":0}
{"id":"proj-u0p","title":"Issue 38","status":"open","priority":2,"issue_type":"task","created_at":"2026-01-02T03:04:05Z","created_by":"tester","updated_at":"2026-01-02T03:04:05Z","source_repo":".","compaction_level":0,"original_size":0}
{"id":"proj-u0wk","title":"Issue 577","status":"open","priority":2,"issue_type":"task","created_at":"2026-01-02T03:04:05Z","created_by":"tester","updated_at":"2026-01-02T03:04:05Z","source_repo":".","compaction_level":0,"original_size":0}
{"id":"proj-u20v","title":"Issue 954","status":"open","priority":2,"issue_type":"task","created_at":"2026-01-02T03:04:05Z","created_by":"tester","updated_at":"2026-01-02T03:04:05Z","source_repo":".","compaction_level":0,"original_size":0}
{"id":"proj-u33d","title":"Issue 890","status":"open","priority":2,"issue_type":"task","created_at":"2026-01-02T03:04:05Z","created_by":"tester","updated_at":"2026-01-02T03:04:05Z","source_repo":".","compaction_level":0,"original_size":0}
{"id":"proj-u465","title":"Issue 329","status":"open","priority":2,"issue_type":"task","created_at":"2026-01-02T03:04:05Z","created_by":"tester","updated_at":"2026-01-02T03:04:05Z","source_repo":".","compaction_level":0,"original_size":0}
{"id":"proj-u4gt","title":"Issue 654","status":"open","priority":2,"issue_type":"task","created_at":"2026-01-02T03:04:05Z","created_by":"tester","updated_at":"2026-01-02T03:04:05Z","source_repo":".","compaction_level":0,"original_size":0}
{"id":"proj-u54b","title":"Issue 466","status":"open","priority":2,"issue_type":"task","created_at":"2026-01-02T03:04:05Z","created_by":"tester","updated_at":"2026-01-02T03:04:05Z","source_repo":".","compaction_level":0,"original_size":0}
{"id":"proj-u5hv","title":"Issue 489","status":"open","priority":2,"issue_type":"task","created_at":"2026-01-02T03:04:05Z","created_by":"tester","updated_at":"2026-01-02T03:04:05Z","source_repo":".","compaction_level":0,"original_size":0}
{"id":"proj-u5uw","title":"Issue 819","status":"open","priority":2,"issue_type":"task","created_at":"2026-01-02T03:04:05Z","created_by":"tester","updated_at":"2026-01-02T03:04:05Z","source_repo":".","compaction_level":0,"original_size":0}
{"id":"proj-u63","title":"Issue 28","status":"open","priority":2,"issue_type":"task","created_at":"2026-01-02T03:04:05Z","created_by":"tester","updated_at":"2026-01-02T03:04:05Z","source_repo":".","compaction_level":0,"original_size":0}
{"id":"proj-u939","title":"Issue 696","status":"open","priority":2,"issue_type":"task","created_at":"2026-01-02T03:04:05Z","created_by":"tester","updated_at":"2026-01-02T03:04:05Z","source_repo":".","compaction_level":0,"original_size":0}
{"id":"proj-u9q","title":"Issue 44","status":"open","priority":2,"issue_type":"task","created_at":"2026-01-02T03:04:05Z","created_by":"tester","updated_at":"2026-01-02T03:04:05Z","source_repo":".","compaction_level":0,"original_size":0}
{"id":"proj-uare","title":"Issue 530","status":"open","priority":2,"issue_type":"task","created_at":"2026-01-02T03:04:05Z","created_by":"tester","updated_at":"2026-01-02T03:04:05Z","source_repo":".","compaction_level":0,"original_size":0}
{"id":"proj-ubz","title":"Issue 12","status":"open","priority":2,"issue_type":"task","created_at":"2026-01-02T03:04:05Z","created_by":"tester","updated_at":"2026-01-02T03:04:05Z","source_repo":".","compaction_level":0,"original_size":0}
{"id":"proj-ueom","title":"Issue 952","status":"open","priority":2,"issue_type":"task","created_at":"2026-01-02T03:04:05Z","created_by":"tester","updated_at":"2026-01-02T03:04:05Z","source_repo":".","compaction_level":0,"original_size":0}
{"id":"proj-uff","title":"Issue 117","status":"open","priority":2,"issue_type":"task","created_at":"2026-01-02T03:04:05Z","created_by":"tester","updated_at":"2026-01-02T03:04:05Z","source_repo":".","compaction_level":0,"original_size":0}
{"id":"proj-ug0","title":"Issue 98","status":"open","priority":2,"issue_type":"task","created_at":"2026-01-02T03:04:05Z","created_by":"tester","updated_at":"2026-01-02T03:04:05Z","source_repo":".","compaction_level":0,"original_size":0}
{"id":"proj-ugg3","title":"Issue 683","status":"open","priority":2,"issue_type":"task","created_at":"2026-01-02T03:04:05Z","created_by":"tester","updated_at":"2026-01-02T03:04:05Z","source_repo":".","compaction_level":0,"original_size":0}
{"id":"proj-ugrk","title":"Issue 607","status":"open","priority":2,"issue_type":"task","created_at":"2026-01-02T03:04:05Z","created_by":"tester","updated_at":"2026-01-02T03:04:05Z","source_repo":".","compaction_level":0,"original_size":0}
{"id":"proj-ugyl","title":"Issue 435","status":"open","priority":2,"issue_type":"task","created_at":"2026-01-02T03:04:05Z","created_by":"tester","updated_at":"2026-01-02T03:04:05Z","source_repo":".","compaction_level":0,"original_size":0}
{"id":"proj-ui24","title":"Issue 406","status":"open","priority":2,"issue_type":"task","created_at":"2026-01-02T03:04:05Z","created_by":"tester","updated_at":"2026-01-02T03:04:05Z","source_repo":".","compaction_level":0,"original_size":0}
{"id":"proj-ui68","title":"Issue 748","status":"open","priority":2,"issue_type":"task","created_at":"2026-01-02T03:04:05Z","created_by":"tester","updated_at":"2026-01-02T03:04:05Z","source_repo":".","compaction_level":0,"original_size":0}
{"id":"proj-ujlk","title":"Issue 289","status":"open","priority":2,"issue_type":"task","created_at":"2026-01-02T03:04:05Z","created_by":"tester","updated_at":"2026-01-02T03:04:05Z","source_repo":".","compaction_level":0,"original_size":0}
{"id":"proj-uknw","title":"Issue 278","status":"open","priority":2,"issue_type":"task","created_at":"2026-01-02T03:04:05Z","created_by":"tester","updated_at":"2026-01-02T03:04:05Z","source_repo":".","compaction_level":0,"original_size":0}
{"id":"proj-ukzo","title":"Issue 798","status":"open","priority":2,"issue_type":"task","created_at":"2026-01-02T03:04:05Z","created_by":"tester","updated_at":"2026-01-02T03:04:05Z","source_repo":".","compaction_level":0,"original_size":0}
{"id":"proj-umdn","title":"Issue 594","status":"open","priority":2,"issue_type":"task","created_at":"2026-01-02T03:04:05Z","created_by":"tester","updated_at":"2026-01-02T03:04:05Z","source_repo":".","compaction_level":0,"original_size":0}
{"id":"proj-umh","title":"Issue 134","status":"open","priority":2,"issue_type":"task","created_at":"2026-01-02T03:04:05Z","created_by":"tester","updated_at":"2026-01-02T03:04:05Z","source_repo":".","compaction_level":0,"original_size":0}
{"id":"proj-unj","title":"Issue 60","status":"open","priority":2,"issue_type":"task","created_at":"2026-01-02T03:04:05Z","created_by":"tester","updated_at":"2026-01-02T03:04:05Z","source_repo":".","compaction_level":0,"original_size":0}
{"id":"proj-uoe9","title":"Issue 633","status":"open","priority":2,"issue_type":"task","created_at":"2026-01-02T03:04:05Z","created_by":"tester","updated_at":"2026-01-02T03:04:05Z","source_repo":".","compaction_level":0,"original_size":0}
{"id":"proj-uq4","title":"Issue 77","status":"open","priority":2,"issue_type":"task","created_at":"2026-01-02T03:04:05Z","created_by":"tester","updated_at":"2026-01-02T03:04:05Z","source_repo":".","compaction_level":0,"original_size":0}
{"id":"proj-urn8","title":"Issue 349","status":"open","priority":2,"issue_type":"task","created_at":"2026-01-02T03:04:05Z","created_by":"tester","updated_at":"2026-01-02T03:04:05Z","source_repo":".","compaction_level":0,"original_size":0}
{"id":"proj-utt7","title":"Issue 982","status":"open","priority":2,"issue_type":"task","created_at":"2026-01-02T03:04:05Z","created_by":"tester","updated_at":"2026-01-02T03:04:05Z","source_repo":".","compaction_level":0,"original_size":0}
{"id":"proj-uvo","title":"Issue 25","status":"open","priority":2,"issue_type":"task","created_at":"2026-01-02T03:04:05Z","created_by":"tester","updated_at":"2026-01-02T03:04:05Z","source_repo":".","compaction_level":0,"original_size":0}
{"id":"proj-uy74","title":"Issue 624","status":"open","priority":2,"issue_type":"task","created_at":"2026-01-02T03:04:05Z","created_by":"tester","updated_at":"2026-01-02T03:04:05Z","source_repo":".","compaction_level":0,"original_size":0}
{"id":"proj-uz5c","title":"Issue 198","status":"open","priority":2,"issue_type":"task","created_at":"2026-01-02T03:04:05Z","created_by":"tester","updated_at":"2026-01-02T03:04:05Z","source_repo":".","compaction_level":0,"original_size":0}
{"id":"proj-uzki","title":"Issue 334","status":"open","priority":2,"issue_type":"task","created_at":"2026-01-02T03:04:05Z","created_by":"tester","updated_at":"2026-01-02T03:04:05Z","source_repo":".","compaction_level":0,"original_size":0}
{"id":"proj-v0iw","title":"Issue 166","status":"open","priority":2,"issue_type":"task","created_at":"2026-01-02T03:04:05Z","created_by":"tester","updated_at":"2026-01-02T03:04:05Z","source_repo":".","compaction_level":0,"original_size":0}
{"id":"proj-v1ng","title":"Issue 756","status":"open","priority":2,"issue_type":"task","created_at":"2026-01-02T03:04:05Z","created_by":"tester","updated_at":"2026-01-02T03:04:05Z","source_repo":".","compaction_level":0,"original_size":0}
{"id":"proj-v260","title":"Issue 283","status":"open","priority":2,"issue_type":"task","created_at":"2026-01-02T03:04:05Z","created_by":"tester","updated_at":"2026-01-02T03:04:05Z","source_repo":".","compaction_level":0,"original_size":0}
{"id":"proj-v4k","title":"Issue 16","status":"open","priority":2,"issue_type":"task","created_at":"2026-01-02T03:04:05Z","created_by":"tester","updated_at":"2026-01-02T03:04:05Z","source_repo":".","compaction_level":0,"original_size":0}
{"id":"proj-v4ty","title":"Issue 709","status":"open","priority":2,"issue_type":"task","created_at":"2026-01-02T03:04:05Z","created_by":"tester","updated_at":"2026-01-02T03:04:05Z","source_repo":".","compaction_level":0,"original_size":0}
{"id":"proj-v6if","title":"Issue 928","status":"open","priority":2,"issue_type":"task","created_at":"2026-01-02T03:04:05Z","created_by":"tester","updated_at":"2026-01-02T03:04:05Z","source_repo":".","compaction_level":0,"original_size":0}
{"id":"proj-v7sh","title":"Issue 273","status":"open","priority":2,"issue_type":"task","created_at":"2026-01-02T03:04:05Z","created_by":"tester","updated_at":"2026-01-02T03:04:05Z","source_repo":".","compaction_level":0,"original_size":0}
{"id":"proj-v9au","title":"Issue 597","status":"open","priority":2,"issue_type":"task","created_at":"2026-01-02T03:04:05Z","created_by":"tester","updated_at":"2026-01-02T03:04:05Z","source_repo":".","compaction_level":0,"original_size":0}
{"id":"proj-vc9w","title":"Issue 383","status":"open","priority":2,"issue_type":"task","created_at":"2026-01-02T03:04:05Z","created_by":"tester","updated_at":"2026-01-02T03:04:05Z","source_repo":".","compaction_level":0,"original_size":0}
{"id":"proj-vdmp","title":"Issue 629","status":"open","priority":2,"issue_type":"task","created_at":"2026-01-02T03:04:05Z","created_by":"tester","updated_at":"2026-01-02T03:04:05Z","source_repo":".","compaction_level":0,"original_size":0}
{"id":"proj-ve72","title":"Issue 935","status":"open","priority":2,"issue_type":"task","created_at":"2026-01-02T03:04:05Z","created_by":"tester","updated_at":"2026-01-02T03:04:05Z","source_repo":".","compaction_level":0,"original_size":0}
{"id":"proj-vfq8","title":"Issue 320","status":"open","priority":2,"issue_type":"task","created_at":"2026-01-02T03:04:05Z","created_by":"tester","updated_at":"2026-01-02T03:04:05Z","source_repo":".","compaction_level":0,"original_size":0}
{"id":"proj-vguh","title":"Issue 726","status":"open","priority":2,"issue_type":"task","created_at":"2026-01-02T03:04:05Z","created_by":"tester","updated_at":"2026-01-02T03:04:05Z","source_repo":".","compaction_level":0,"original_size":0}
{"id":"proj-vhgw","title":"Issue 706","status":"open","priority":2,"issue_type":"task","created_at":"2026-01-02T03:04:05Z","created_by":"tester","updated_at":"2026-01-02T03:04:05Z","source_repo":".","compaction_level":0,"original_size":0}
{"id":"proj-vig7","title":"Issue 979","status":"open","priority":2,"issue_type":"task","created_at":"2026-01-02T03:04:05Z","created_by":"tester","updated_at":"2026-01-02T03:04:05Z","source_repo":".","compaction_level":0,"original_size":0}
{"id":"proj-vjpj","title":"Issue 718","status":"open","priority":2,"issue_type":"task","created_at":"2026-01-02T03:04:05Z","created_by":"tester","updated_at":"2026-01-02T03:04:05Z","source_repo":".","compaction_level":0,"original_size":0}
{"id":"proj-vkkn","title":"Issue 592","status":"open","priority":2,"issue_type":"task","created_at":"2026-01-02T03:04:05Z","created_by":"tester","updated_at":"2026-01-02T03:04:05Z","source_repo":".","compaction_level":0,"original_size":0}
{"id":"proj-vkur","title":"Issue 509","status":"open","priority":2,"issue_type":"task","created_at":"2026-01-02T03:04:05Z","created_by":"tester","updated_at":"2026-01-02T03:04:05Z","source_repo":".","compaction_level":0,"original_size":0}
{"id":"proj-vm78","title":"Issue 441","status":"open","priority":2,"issue_type":"task","created_at":"2026-01-02T03:04:05Z","created_by":"tester","updated_at":"2026-01-02T03:04:05Z","source_repo":".","compaction_level":0,"original_size":0}
{"id":"proj-vmst","title":"Issue 569","status":"open","priority":2,"issue_type":"task","created_at":"2026-01-02T03:04:05Z","created_by":"tester","updated_at":"2026-01-02T03:04:05Z","source_repo":".","compaction_level":0,"original_size":0}
{"id":"proj-vnv4","title":"Issue 545","status":"open","priority":2,"issue_type":"task","created_at":"2026-01-02T03:04:05Z","created_by":"tester","updated_at":"2026-01-02T03:04:05Z","source_repo":".","compaction_level":0,"original_size":0}
{"id":"proj-voco","title":"Issue 584","status":"open","priority":2,"issue_type":"task","created_at":"2026-01-02T03:04:05Z","created_by":"tester","updated_at":"2026-01-02T03:04:05Z","source_repo":".","compaction_level":0,"original_size":0}
{"id":"proj-vrn","title":"Issue 128","status":"open","priority":2,"issue_type":"task","created_at":"2026-01-02T03:04:05Z","created_by":"tester","updated_at":"2026-01-02T03:04:05Z","source_repo":".","compaction_level":0,"original_size":0}
{"id":"proj-vsi3","title":"Issue 711","status":"open","priority":2,"issue_type":"task","created_at":"2026-01-02T03:04:05Z","created_by":"tester","updated_at":"2026-01-02T03:04:05Z","source_repo":".","compaction_level":0,"original_size":0}
{"id":"proj-vsk","title":"Issue 159","status":"open","priority":2,"issue_type":"task","created_at":"2026-01-02T03:04:05Z","created_by":"tester","updated_at":"2026-01-02T03:04:05Z","source_repo":".","compaction_level":0,"original_size":0}
{"id":"proj-vtqe","title":"Issue 821","status":"open","priority":2,"issue_type":"task","created_at":"2026-01-02T03:04:05Z","created_by":"tester","updated_at":"2026-01-02T03:04:05Z","source_repo":".","compaction_level":0,"original_size":0}
{"id":"proj-vuou","title":"Issue 286","status":"open","priority":2,"issue_type":"task","created_at":"2026-01-02T03:04:05Z","created_by":"tester","updated_at":"2026-01-02T03:04:05Z","source_repo":".","compaction_level":0,"original_size":0}
{"id":"proj-vyaa","title":"Issue 470","status":"open","priority":2,"issue_type":"task","created_at":"2026-01-02T03:04:05Z","created_by":"tester","updated_at":"2026-01-02T03:04:05Z","source_repo":".","compaction_level":0,"original_size":0}
{"id":"proj-vz5e","title":"Issue 532","status":"open","priority":2,"issue_type":"task","created_at":"2026-01-02T03:04:05Z","created_by":"tester","updated_at":"2026-01-02T03:04:05Z","source_repo":".","compaction_level":0,"original_size":0}
{"id":"proj-vz9w","title":"Issue 542","status":"open","priority":2,"issue_type":"task","created_at":"2026-01-02T03:04:05Z","created_by":"tester","updated_at":"2026-01-02T03:04:05Z","source_repo":".","compaction_level":0,"original_size":0}
{"id":"proj-w0ko","title":"Issue 730","status":"open","priority":2,"issue_type":"task","created_at":"2026-01-02T03:04:05Z","created_by":"tester","updated_at":"2026-01-02T03:04:05Z","source_repo":".","compaction_level":0,"original_size":0}
{"id":"proj-w2g4","title":"Issue 574","status":"open","priority":2,"issue_type":"task","created_at":"2026-01-02T03:04:05Z","created_by":"tester","updated_at":"2026-01-02T03:04:05Z","source_repo":".","compaction_level":0,"original_size":0}
{"id":"proj-w2yl","title":"Issue 658","status":"open","priority":2,"issue_type":"task","created_at":"2026-01-02T03:04:05Z","created_by":"tester","updated_at":"2026-01-02T03:04:05Z","source_repo":".","compaction_level":0,"original_size":0}
{"id":"proj-w3bb","title":"Issue 586","status":"open","priority":2,"issue_type":"task","created_at":"2026-01-02T03:04:05Z","created_by":"tester","updated_at":"2026-01-02T03:04:05Z","source_repo":".","compaction_level":0,"original_size":0}
{"id":"proj-w4wx","title":"Issue 216","status":"open","priority":2,"issue_type":"task","created_at":"2026-01-02T03:04:05Z","created_by":"tester","updated_at":"2026-01-02T03:04:05Z","source_repo":".","compaction_level":0,"original_size":0}
{"id":"proj-w52","title":"Issue 45","status":"open","priority":2,"issue_type":"task","created_at":"2026-01-02T03:04:05Z","created_by":"tester","updated_at":"2026-01-02T03:04:05Z","source_repo":".","compaction_level":0,"original_size":0}
{"id":"proj-w70f","title":"Issue 837","status":"open","priority":2,"issue_type":"task","created_at":"2026-01-02T03:04:05Z","created_by":"tester","updated_at":"2026-01-02T03:04:05Z","source_repo":".","compaction_level":0,"original_size":0}
{"id":"proj-w87","title":"Issue 66","status":"open","priority":2,"issue_type":"task","created_at":"2026-01-02T03:04:05Z","created_by":"tester","updated_at":"2026-01-02T03:04:05Z","source_repo":".","compaction_level":0,"original_size":0}
{"id":"proj-wda8","title":"Issue 720","status":"open","priority":2,"issue_type":"task","created_at":"2026-01-02T03:04:05Z","created_by":"tester","updated_at":"2026-01-02T03:04:05Z","source_repo":".","compaction_level":0,"original_size":0}
{"id":"proj-wev3","title":"Issue 495","status":"open","priority":2,"issue_type":"task","created_at":"2026-01-02T03:04:05Z","created_by":"tester","updated_at":"2026-01-02T03:04:05Z","source_repo":".","compaction_level":0,"original_size":0}
{"id":"proj-wf4e","title":"Issue 951","status":"open","priority":2,"issue_type":"task","created_at":"2026-01-02T03:04:05Z","created_by":"tester","updated_at":"2026-01-02T03:04:05Z","source_repo":".","compaction_level":0,"original_size":0}
{"id":"proj-wg4a","title":"Issue 615","status":"open","priority":2,"issue_type":"task","created_at":"2026-01-02T03:04:05Z","created_by":"tester","updated_at":"2026-01-02T03:04:05Z","source_repo":".","compaction_level":0,"original_size":0}
{"id":"proj-wg6j","title":"Issue 423","status":"open","priority":2,"issue_type":"task","created_at":"2026-01-02T03:04:05Z","created_by":"tester","updated_at":"2026-01-02T03:04:05Z","source_repo":".","compaction_level":0,"original_size":0}
{"id":"proj-whd4","title":"Issue 880","status":"open","priority":2,"issue_type":"task","created_at":"2026-01-02T03:04:05Z","created_by":"tester","updated_at":"2026-01-02T03:04:05Z","source_repo":".","compaction_level":0,"original_size":0}
{"id":"proj-whzd","title":"Issue 885","status":"open","priority":2,"issue_type":"task","created_at":"2026-01-02T03:04:05Z","created_by":"tester","updated_at":"2026-01-02T03:04:05Z","source_repo":".","compaction_level":0,"original_size":0}
{"id":"proj-widh","title":"Issue 478","status":"open","priority":2,"issue_type":"task","created_at":"2026-01-02T03:04:05Z","created_by":"tester","updated_at":"2026-01-02T03:04:05Z","source_repo":".","compaction_level":0,"original_size":0}
{"id":"proj-wilr","title":"Issue 864","status":"open","priority":2,"issue_type":"task","created_at":"2026-01-02T03:04:05Z","created_by":"tester","updated_at":"2026-01-02T03:04:05Z","source_repo":".","compaction_level":0,"original_size":0}
{"id":"proj-wir6","title":"Issue 896","status":"open","priority":2,"issue_type":"task","created_at":"2026-01-02T03:04:05Z","created_by":"tester","updated_at":"2026-01-02T03:04:05Z","source_repo":".","compaction_level":0,"original_size":0}
{"id":"proj-wjyj","title":"Issue 773","status":"open","priority":2,"issue_type":"task","created_at":"2026-01-02T03:04:05Z","created_by":"tester","updated_at":"2026-01-02T03:04:05Z","source_repo":".","compaction_level":0,"original_size":0}
{"id":"proj-wk6m","title":"Issue 715","status":"open","priority":2,"issue_type":"task","created_at":"2026-01-02T03:04:05Z","created_by":"tester","updated_at":"2026-01-02T03:04:05Z","source_repo":".","compaction_level":0,"original_size":0}
{"id":"proj-wmuy","title":"Issue 866","status":"open","priority":2,"issue_type":"task","created_at":"2026-01-02T03:04:05Z","created_by":"tester","updated_at":"2026-01-02T03:04:05Z","source_repo":".","compaction_level":0,"original_size":0}
{"id":"proj-wn25","title":"Issue 939","status":"open","priority":2,"issue_type":"task","created_at":"2026-01-02T03:04:05Z","created_by":"tester","updated_at":"2026-01-02T03:04:05Z","source_repo":".","compaction_level":0,"original_size":0}
{"id":"proj-wpff","title":"Issue 205","status":"open","priority":2,"issue_type":"task","created_at":"2026-01-02T03:04:05Z","created_by":"tester","updated_at":"2026-01-02T03:04:05Z","source_repo":".","compaction_level":0,"original_size":0}
{"id":"proj-wqpz","title":"Issue 566","status":"open","priority":2,"issue_type":"task","created_at":"2026-01-02T03:04:05Z","created_by":"tester","updated_at":"2026-01-02T03:04:05Z","source_repo":".","compaction_level":0,"original_size":0}
{"id":"proj-wr6n","title":"Issue 573","status":"open","priority":2,"issue_type":"task","created_at":"2026-01-02T03:04:05Z","created_by":"tester","updated_at":"2026-01-02T03:04:05Z","source_repo":".","compaction_level":0,"original_size":0}
{"id":"proj-wt5h","title":"Issue 588","status":"open","priority":2,"issue_type":"task","created_at":"2026-01-02T03:04:05Z","created_by":"tester","updated_at":"2026-01-02T03:04:05Z","source_repo":".","compaction_level":0,"original_size":0}
{"id":"proj-wu86","title":"Issue 974","status":"open","priority":2,"issue_type":"task","created_at":"2026-01-02T03:04:05Z","created_by":"tester","updated_at":"2026-01-02T03:04:05Z","source_repo":".","compaction_level":0,"original_size":0}
{"id":"proj-wve","title":"Issue 5","status":"open","priority":2,"issue_type":"task","created_at":"2026-01-02T03:04:05Z","created_by":"tester","updated_at":"2026-01-02T03:04:05Z","source_repo":".","compaction_level":0,"original_size":0}
{"id":"proj-ww87","title":"Issue 891","status":"open","priority":2,"issue_type":"task","created_at":"2026-01-02T03:04:05Z","created_by":"tester","updated_at":"2026-01-02T03:04:05Z","source_repo":".","compaction_level":0,"original_size":0}
{"id":"proj-wwy","title":"Issue 81","status":"open","priority":2,"issue_type":"task","created_at":"2026-01-02T03:04:05Z","created_by":"tester","updated_at":"2026-01-02T03:04:05Z","source_repo":".","compaction_level":0,"original_size":0}
{"id":"proj-wx1","title":"Issue 122","status":"open","priority":2,"issue_type":"task","created_at":"2026-01-02T03:04:05Z","created_by":"tester","updated_at":"2026-01-02T03:04:05Z","source_repo":".","compaction_level":0,"original_size":0}
{"id":"proj-wxk","title":"Issue 34","status":"open","priority":2,"issue_type":"task","created_at":"2026-01-02T03:04:05Z","created_by":"tester","updated_at":"2026-01-02T03:04:05Z","source_repo":".","compaction_level":0,"original_size":0}
{"id":"proj-wynz","title":"Issue 587","status":"open","priority":2,"issue_type":"task","created_at":"2026-01-02T03:04:05Z","created_by":"tester","updated_at":"2026-01-02T03:04:05Z","source_repo":".","compaction_level":0,"original_size":0}
{"id":"proj-x0l","title":"Issue 11","status":"open","priority":2,"issue_type":"task","created_at":"2026-01-02T03:04:05Z","created_by":"tester","updated_at":"2026-01-02T03:04:05Z","source_repo":".","compaction_level":0,"original_size":0}
{"id":"proj-x1c","title":"Issue 139","status":"open","priority":2,"issue_type":"task","created_at":"2026-01-02T03:04:05Z","created_by":"tester","updated_at":"2026-01-02T03:04:05Z","source_repo":".","compaction_level":0,"original_size":0}
{"id":"proj-x28s","title":"Issue 903","status":"open","priority":2,"issue_type":"task","created_at":"2026-01-02T03:04:05Z","created_by":"tester","updated_at":"2026-01-02T03:04:05Z","source_repo":".","compaction_level":0,"original_size":0}
{"id":"proj-x2oy","title":"Issue 871","status":"open","priority":2,"issue_type":"task","created_at":"2026-01-02T03:04:05Z","created_by":"tester","updated_at":"2026-01-02T03:04:05Z","source_repo":".","compaction_level":0,"original_size":0}
{"id":"proj-x2w7","title":"Issue 655","status":"open","priority":2,"issue_type":"task","created_at":"2026-01-02T03:04:05Z","created_by":"tester","updated_at":"2026-01-02T03:04:05Z","source_repo":".","compaction_level":0,"original_size":0}
{"id":"proj-x4oi","title":"Issue 913","status":"open","priority":2,"issue_type":"task","created_at":"2026-01-02T03:04:05Z","created_by":"tester","updated_at":"2026-01-02T03:04:05Z","source_repo":".","compaction_level":0,"original_size":0}
{"id":"proj-x50p","title":"Issue 944","status":"open","priority":2,"issue_type":"task","created_at":"2026-01-02T03:04:05Z","created_by":"tester","updated_at":"2026-01-02T03:04:05Z","source_repo":".","compaction_level":0,"original_size":0}
{"id":"proj-x6ig","title":"Issue 330","status":"open","priority":2,"issue_type":"task","created_at":"2026-01-02T03:04:05Z","created_by":"tester","updated_at":"2026-01-02T03:04:05Z","source_repo":".","compaction_level":0,"original_size":0}
{"id":"proj-xae","title":"Issue 106","status":"open","priority":2,"issue_type":"task","created_at":"2026-01-02T03:04:05Z","created_by":"tester","updated_at":"2026-01-02T03:04:05Z","source_repo":".","compaction_level":0,"original_size":0}
{"id":"proj-xc9b","title":"Issue 410","status":"open","priority":2,"issue_type":"task","created_at":"2026-01-02T03:04:05Z","created_by":"tester","updated_at":"2026-01-02T03:04:05Z","source_repo":".","compaction_level":0,"original_size":0}
{"id":"proj-xdf1","title":"Issue 499","status":"open","priority":2,"issue_type":"task","created_at":"2026-01-02T03:04:05Z","created_by":"tester","updated_at":"2026-01-02T03:04:05Z","source_repo":".","compaction_level":0,"original_size":0}
{"id":"proj-xdkr","title":"Issue 563","status":"open","priority":2,"issue_type":"task","created_at":"2026-01-02T03:04:05Z","created_by":"tester","updated_at":"2026-01-02T03:04:05Z","source_repo":".","compaction_level":0,"original_size":0}
{"id":"proj-xe5v","title":"Issue 752","status":"open","priority":2,"issue_type":"task","created_at":"2026-01-02T03:04:05Z","created_by":"tester","updated_at":"2026-01-02T03:04:05Z","source_repo":".","compaction_level":0,"original_size":0}
{"id":"proj-xf9b","title":"Issue 304","status":"open","priority":2,"issue_type":"task","created_at":"2026-01-02T03:04:05Z","created_by":"tester","updated_at":"2026-01-02T03:04:05Z","source_repo":".","compaction_level":0,"original_size":0}
{"id":"proj-xfso","title":"Issue 685","status":"open","priority":2,"issue_type":"task","created_at":"2026-01-02T03:04:05Z","created_by":"tester","updated_at":"2026-01-02T03:04:05Z","source_repo":".","compaction_level":0,"original_size":0}
{"id":"proj-xgz","title":"Issue 126","status":"open","priority":2,"issue_type":"task","created_at":"2026-01-02T03:04:05Z","created_by":"tester","updated_at":"2026-01-02T03:04:05Z","source_repo":".","compaction_level":0,"original_size":0}
{"id":"proj-xh5y","title":"Issue 762","status":"open","priority":2,"issue_type":"task","created_at":"2026-01-02T03:04:05Z","created_by":"tester","updated_at":"2026-01-02T03:04:05Z","source_repo":".","compaction_level":0,"original_size":0}
{"id":"proj-xh7w","title":"Issue 445","status":"open","priority":2,"issue_type":"task","created_at":"2026-01-02T03:04:05Z","created_by":"tester","updated_at":"2026-01-02T03:04:05Z","source_repo":".","compaction_level":0,"original_size":0}
{"id":"proj-xhbx","title":"Issue 454","status":"open","priority":2,"issue_type":"task","created_at":"2026-01-02T03:04:05Z","created_by":"tester","updated_at":"2026-01-02T03:04:05Z","source_repo":".","compaction_level":0,"original_size":0}
{"id":"proj-xj0y","title":"Issue 687","status":"open","priority":2,"issue_type":"task","created_at":"2026-01-02T03:04:05Z","created_by":"tester","updated_at":"2026-01-02T03:04:05Z","source_repo":".","compaction_level":0,"original_size":0}
{"id":"proj-xke7","title":"Issue 429","status":"open","priority":2,"issue_type":"task","created_at":"2026-01-02T03:04:05Z","created_by":"tester","updated_at":"2026-01-02T03:04:05Z","source_repo":".","compaction_level":0,"original_size":0}
{"id":"proj-xkw4","title":"Issue 591","status":"open","priority":2,"issue_type":"task","created_at":"2026-01-02T03:04:05Z","created_by":"tester","updated_at":"2026-01-02T03:04:05Z","source_repo":".","compaction_level":0,"original_size":0}
{"id":"proj-xnfi","title":"Issue 845","status":"open","priority":2,"issue_type":"task","created_at":"2026-01-02T03:04:05Z","created_by":"tester","updated_at":"2026-01-02T03:04:05Z","source_repo":".","compaction_level":0,"original_size":0}
{"id":"proj-xo1","title":"Issue 144","status":"open","priority":2,"issue_type":"task","created_at":"2026-01-02T03:04:05Z","created_by":"tester","updated_at":"2026-01-02T03:04:05Z","source_repo":".","compaction_level":0,"original_size":0}
{"id":"proj-xo3c","title":"Issue 860","status":"open","priority":2,"issue_type":"task","created_at":"2026-01-02T03:04:05Z","created_by":"tester","updated_at":"2026-01-02T03:04:05Z","source_repo":".","compaction_level":0,"original_size":0}
{"id":"proj-xpzi","title":"Issue 483","status":"open","priority":2,"issue_type":"task","created_at":"2026-01-02T03:04:05Z","created_by":"tester","updated_at":"2026-01-02T03:04:05Z","source_repo":".","compaction_level":0,"original_size":0}
{"id":"proj-xx6r","title":"Issue 415","status":"open","priority":2,"issue_type":"task","created_at":"2026-01-02T03:04:05Z","created_by":"tester","updated_at":"2026-01-02T03:04:05Z","source_repo":".","compaction_level":0,"original_size":0}
{"id":"proj-xxo","title":"Issue 24","status":"open","priority":2,"issue_type":"task","created_at":"2026-01-02T03:04:05Z","created_by":"tester","updated_at":"2026-01-02T03:04:05Z","source_repo":".","compaction_level":0,"original_size":0}
{"id":"proj-xxy","title":"Issue 123","status":"open","priority":2,"issue_type":"task","created_at":"2026-01-02T03:04:05Z","created_by":"tester","updated_at":"2026-01-02T03:04:05Z","source_repo":".","compaction_level":0,"original_size":0}
{"id":"proj-y0ll","title":"Issue 288","status":"open","priority":2,"issue_type":"task","created_at":"2026-01-02T03:04:05Z","created_by":"tester","updated_at":"2026-01-02T03:04:05Z","source_repo":".","compaction_level":0,"original_size":0}
{"id":"proj-y2ch","title":"Issue 449","status":"open","priority":2,"issue_type":"task","created_at":"2026-01-02T03:04:05Z","created_by":"tester","updated_at":"2026-01-02T03:04:05Z","source_repo":".","compaction_level":0,"original_size":0}
{"id":"proj-y2fw","title":"Issue 849","status":"open","priority":2,"issue_type":"task","created_at":"2026-01-02T03:04:05Z","created_by":"tester","updated_at":"2026-01-02T03:04:05Z","source_repo":".","compaction_level":0,"original_size":0}
{"id":"proj-y2js","title":"Issue 387","status":"open","priority":2,"issue_type":"task","created_at":"2026-01-02T03:04:05Z","created_by":"tester","updated_at":"2026-01-02T03:04:05Z","source_repo":".","compaction_level":0,"original_size":0}
{"id":"proj-y2t3","title":"Issue 252","status":"open","priority":2,"issue_type":"task","created_at":"2026-01-02T03:04:05Z","created_by":"tester","updated_at":"2026-01-02T03:04:05Z","source_repo":".","compaction_level":0,"original_size":0}
{"id":"proj-y3c","title":"Issue 10","status":"open","priority":2,"issue_type":"task","created_at":"2026-01-02T03:04:05Z","created_by":"tester","updated_at":"2026-01-02T03:04:05Z","source_repo":".","compaction_level":0,"original_size":0}
{"id":"proj-y4rs","title":"Issue 695","status":"open","priority":2,"issue_type":"task","created_at":"2026-01-02T03:04:05Z","created_by":"tester","updated_at":"2026-01-02T03:04:05Z","source_repo":".","compaction_level":0,"original_size":0}
{"id":"proj-y5mg","title":"Issue 221","status":"open","priority":2,"issue_type":"task","created_at":"2026-01-02T03:04:05Z","created_by":"tester","updated_at":"2026-01-02T03:04:05Z","source_repo":".","compaction_level":0,"original_size":0}
{"id":"proj-y7up","title":"Issue 209","status":"open","priority":2,"issue_type":"task","created_at":"2026-01-02T03:04:05Z","created_by":"tester","updated_at":"2026-01-02T03:04:05Z","source_repo":".","compaction_level":0,"original_size":0}
{"id":"proj-y8q7","title":"Issue 936","status":"open","priority":2,"issue_type":"task","created_at":"2026-01-02T03:04:05Z","created_by":"tester","updated_at":"2026-01-02T03:04:05Z","source_repo":".","compaction_level":0,"original_size":0}
{"id":"proj-y9h","title":"Issue 147","status":"open","priority":2,"issue_type":"task","created_at":"2026-01-02T03:04:05Z","created_by":"tester","updated_at":"2026-01-02T03:04:05Z","source_repo":".","compaction_level":0,"original_size":0}
{"id":"proj-yal4","title":"Issue 635","status":"open","priority":2,"issue_type":"task","created_at":"2026-01-02T03:04:05Z","created_by":"tester","updated_at":"2026-01-02T03:04:05Z","source_repo":".","compaction_level":0,"original_size":0}
{"id":"proj-ybba","title":"Issue 443","status":"open","priority":2,"issue_type":"task","created_at":"2026-01-02T03:04:05Z","created_by":"tester","updated_at":"2026-01-02T03:04:05Z","source_repo":".","compaction_level":0,"original_size":0}
{"id":"proj-ybn","title":"Issue 110","status":"open","priority":2,"issue_type":"task","created_at":"2026-01-02T03:04:05Z","created_by":"tester","updated_at":"2026-01-02T03:04:05Z","source_repo":".","compaction_level":0,"original_size":0}
{"id":"proj-ybqv","title":"Issue 437","status":"open","priority":2,"issue_type":"task","created_at":"2026-01-02T03:04:05Z","created_by":"tester","updated_at":"2026-01-02T03:04:05Z","source_repo":".","compaction_level":0,"original_size":0}
{"id":"proj-yd2","title":"Issue 94","status":"open","priority":2,"issue_type":"task","created_at":"2026-01-02T03:04:05Z","created_by":"tester","updated_at":"2026-01-02T03:04:05Z","source_repo":".","compaction_level":0,"original_size":0}
{"id":"proj-yei4","title":"Issue 397","status":"open","priority":2,"issue_type":"task","created_at":"2026-01-02T03:04:05Z","created_by":"tester","updated_at":"2026-01-02T03:04:05Z","source_repo":".","compaction_level":0,"original_size":0}
{"id":"proj-yfmn","title":"Issue 305","status":"open","priority":2,"issue_type":"task","created_at":"2026-01-02T03:04:05Z","created_by":"tester","updated_at":"2026-01-02T03:04:05Z","source_repo":".","compaction_level":0,"original_size":0}
{"id":"proj-yg1v","title":"Issue 703","status":"open","priority":2,"issue_type":"task","created_at":"2026-01-02T03:04:05Z","created_by":"tester","updated_at":"2026-01-02T03:04:05Z","source_repo":".","compaction_level":0,"original_size":0}
{"id":"proj-yh4u","title":"Issue 564","status":"open","priority":2,"issue_type":"task","created_at":"2026-01-02T03:04:05Z","created_by":"tester","updated_at":"2026-01-02T03:04:05Z","source_repo":".","compaction_level":0,"original_size":0}
{"id":"proj-yhpe","title":"Issue 316","status":"open","priority":2,"issue_type":"task","created_at":"2026-01-02T03:04:05Z","created_by":"tester","updated_at":"2026-01-02T03:04:05Z","source_repo":".","compaction_level":0,"original_size":0}
{"id":"proj-yhzq","title":"Issue 505","status":"open","priority":2,"issue_type":"task","created_at":"2026-01-02T03:04:05Z","created_by":"tester","updated_at":"2026-01-02T03:04:05Z","source_repo":".","compaction_level":0,"original_size":0}
{"id":"proj-ylax","title":"Issue 332","status":"open","priority":2,"issue_type":"task","created_at":"2026-01-02T03:04:05Z","created_by":"tester","updated_at":"2026-01-02T03:04:05Z","source_repo":".","compaction_level":0,"original_size":0}
{"id":"proj-ym6d","title":"Issue 699","status":"open","priority":2,"issue_type":"task","created_at":"2026-01-02T03:04:05Z","created_by":"tester","updated_at":"2026-01-02T03:04:05Z","source_repo":".","compaction_level":0,"original_size":0}
{"id":"proj-yme","title":"Issue 1","status":"open","priority":2,"issue_type":"task","created_at":"2026-01-02T03:04:05Z","created_by":"tester","updated_at":"2026-01-02T03:04:05Z","source_repo":".","compaction_level":0,"original_size":0}
{"id":"proj-yocv","title":"Issue 620","status":"open","priority":2,"issue_type":"task","created_at":"2026-01-02T03:04:05Z","created_by":"tester","updated_at":"2026-01-02T03:04:05Z","source_repo":".","compaction_level":0,"original_size":0}
{"id":"proj-ypmi","title":"Issue 674","status":"open","priority":2,"issue_type":"task","created_at":"2026-01-02T03:04:05Z","created_by":"tester","updated_at":"2026-01-02T03:04:05Z","source_repo":".","compaction_level":0,"original_size":0}
{"id":"proj-yqsd","title":"Issue 863","status":"open","priority":2,"issue_type":"task","created_at":"2026-01-02T03:04:05Z","created_by":"tester","updated_at":"2026-01-02T03:04:05Z","source_repo":".","compaction_level":0,"original_size":0}
{"id":"proj-yr4h","title":"Issue 689","status":"open","priority":2,"issue_type":"task","created_at":"2026-01-02T03:04:05Z","created_by":"tester","updated_at":"2026-01-02T03:04:05Z","source_repo":".","compaction_level":0,"original_size":0}
{"id":"proj-ysaw","title":"Issue 957","status":"open","priority":2,"issue_type":"task","created_at":"2026-01-02T03:04:05Z","created_by":"tester","updated_at":"2026-01-02T03:04:05Z","source_repo":".","compaction_level":0,"original_size":0}
{"id":"proj-yvpa","title":"Issue 254","status":"open","priority":2,"issue_type":"task","created_at":"2026-01-02T03:04:05Z","created_by":"tester","updated_at":"2026-01-02T03:04:05Z","source_repo":".","compaction_level":0,"original_size":0}
{"id":"proj-ywrt","title":"Issue 243","status":"open","priority":2,"issue_type":"task","created_at":"2026-01-02T03:04:05Z","created_by":"tester","updated_at":"2026-01-02T03:04:05Z","source_repo":".","compaction_level":0,"original_size":0}
{"id":"proj-yxie","title":"Issue 538","status":"open","priority":2,"issue_type":"task","created_at":"2026-01-02T03:04:05Z","created_by":"tester","updated_at":"2026-01-02T03:04:05Z","source_repo":".","compaction_level":0,"original_size":0}
{"id":"proj-yyga","title":"Issue 467","status":"open","priority":2,"issue_type":"task","created_at":"2026-01-02T03:04:05Z","created_by":"tester","updated_at":"2026-01-02T03:04:05Z","source_repo":".","compaction_level":0,"original_size":0}
{"id":"proj-z1gj","title":"Issue 627","status":"open","priority":2,"issue_type":"task","created_at":"2026-01-02T03:04:05Z","created_by":"tester","updated_at":"2026-01-02T03:04:05Z","source_repo":".","compaction_level":0,"original_size":0}
{"id":"proj-z233","title":"Issue 524","status":"open","priority":2,"issue_type":"task","created_at":"2026-01-02T03:04:05Z","created_by":"tester","updated_at":"2026-01-02T03:04:05Z","source_repo":".","compaction_level":0,"original_size":0}
{"id":"proj-z25","title":"Issue 49","status":"open","priority":2,"issue_type":"task","created_at":"2026-01-02T03:04:05Z","created_by":"tester","updated_at":"2026-01-02T03:04:05Z","source_repo":".","compaction_level":0,"original_size":0}
{"id":"proj-z3u8","title":"Issue 279","status":"open","priority":2,"issue_type":"task","created_at":"2026-01-02T03:04:05Z","created_by":"tester","updated_at":"2026-01-02T03:04:05Z","source_repo":".","compaction_level":0,"original_size":0}
{"id":"proj-z8i9","title":"Issue 904","status":"open","priority":2,"issue_type":"task","created_at":"2026-01-02T03:04:05Z","created_by":"tester","updated_at":"2026-01-02T03:04:05Z","source_repo":".","compaction_level":0,"original_size":0}
{"id":"proj-z9qf","title":"Issue 759","status":"open","priority":2,"issue_type":"task","created_at":"2026-01-02T03:04:05Z","created_by":"tester","updated_at":"2026-01-02T03:04:05Z","source_repo":".","compaction_level":0,"original_size":0}
{"id":"proj-zb8","title":"Issue 142","status":"open","priority":2,"issue_type":"task","created_at":"2026-01-02T03:04:05Z","created_by":"tester","updated_at":"2026-01-02T03:04:05Z","source_repo":".","compaction_level":0,"original_size":0}
{"id":"proj-zbyw","title":"Issue 267","status":"open","priority":2,"issue_type":"task","created_at":"2026-01-02T03:04:05Z","created_by":"tester","updated_at":"2026-01-02T03:04:05Z","source_repo":".","compaction_level":0,"original_size":0}
{"id":"proj-zc3t","title":"Issue 318","status":"open","priority":2,"issue_type":"task","created_at":"2026-01-02T03:04:05Z","created_by":"tester","updated_at":"2026-01-02T03:04:05Z","source_repo":".","compaction_level":0,"original_size":0}
{"id":"proj-zc8","title":"Issue 133","status":"open","priority":2,"issue_type":"task","created_at":"2026-01-02T03:04:05Z","created_by":"tester","updated_at":"2026-01-02T03:04:05Z","source_repo":".","compaction_level":0,"original_size":0}
{"id":"proj-zcul","title":"Issue 321","status":"open","priority":2,"issue_type":"task","created_at":"2026-01-02T03:04:05Z","created_by":"tester","updated_at":"2026-01-02T03:04:05Z","source_repo":".","compaction_level":0,"original_size":0}
{"id":"proj-ze3h","title":"Issue 543","status":"open","priority":2,"issue_type":"task","created_at":"2026-01-02T03:04:05Z","created_by":"tester","updated_at":"2026-01-02T03:04:05Z","source_repo":".","compaction_level":0,"original_size":0}
{"id":"proj-zgjw","title":"Issue 271","status":"open","priority":2,"issue_type":"task","created_at":"2026-01-02T03:04:05Z","created_by":"tester","updated_at":"2026-01-02T03:04:05Z","source_repo":".","compaction_level":0,"original_size":0}
{"id":"proj-zij2","title":"Issue 844","status":"open","priority":2,"issue_type":"task","created_at":"2026-01-02T03:04:05Z","created_by":"tester","updated_at":"2026-01-02T03:04:05Z","source_repo":".","compaction_level":0,"original_size":0}
{"id":"proj-zizv","title":"Issue 431","status":"open","priority":2,"issue_type":"task","created_at":"2026-01-02T03:04:05Z","created_by":"tester","updated_at":"2026-01-02T03:04:05Z","source_repo":".","compaction_level":0,"original_size":0}
{"id":"proj-zl9v","title":"Issue 717","status":"open","priority":2,"issue_type":"task","created_at":"2026-01-02T03:04:05Z","created_by":"tester","updated_at":"2026-01-02T03:04:05Z","source_repo":".","compaction_level":0,"original_size":0}
{"id":"proj-zlk","title":"Issue 26","status":"open","priority":2,"issue_type":"task","created_at":"2026-01-02T03:04:05Z","created_by":"tester","updated_at":"2026-01-02T03:04:05Z","source_repo":".","compaction_level":0,"original_size":0}
{"id":"proj-znd5","title":"Issue 381","status":"open","priority":2,"issue_type":"task","created_at":"2026-01-02T03:04:05Z","created_by":"tester","updated_at":"2026-01-02T03:04:05Z","source_repo":".","compaction_level":0,"original_size":0}
{"id":"proj-zoha","title":"Issue 740","status":"open","priority":2,"issue_type":"task","created_at":"2026-01-02T03:04:05Z","created_by":"tester","updated_at":"2026-01-02T03:04:05Z","source_repo":".","compaction_level":0,"original_size":0}
{"id":"proj-zona","title":"Issue 436","status":"open","priority":2,"issue_type":"task","created_at":"2026-01-02T03:04:05Z","created_by":"tester","updated_at":"2026-01-02T03:04:05Z","source_repo":".","compaction_level":0,"original_size":0}
{"id":"proj-zow0","title":"Issue 418","status":"open","priority":2,"issue_type":"task","created_at":"2026-01-02T03:04:05Z","created_by":"tester","updated_at":"2026-01-02T03:04:05Z","source_repo":".","compaction_level":0,"original_size":0}
{"id":"proj-zrqq","title":"Issue 652","status":"open","priority":2,"issue_type":"task","created_at":"2026-01-02T03:04:05Z","created_by":"tester","updated_at":"2026-01-02T03:04:05Z","source_repo":".","compaction_level":0,"original_size":0}
{"id":"proj-zsh8","title":"Issue 452","status":"open","priority":2,"issue_type":"task","created_at":"2026-01-02T03:04:05Z","created_by":"tester","updated_at":"2026-01-02T03:04:05Z","source_repo":".","compaction_level":0,"original_size":0}
{"id":"proj-ztkm","title":"Issue 628","status":"open","priority":2,"issue_type":"task","created_at":"2026-01-02T03:04:05Z","created_by":"tester","updated_at":"2026-01-02T03:04:05Z","source_repo":".","compaction_level":0,"original_size":0}
{"id":"proj-zumo","title":"Issue 660","status":"open","priority":2,"issue_type":"task","created_at":"2026-01-02T03:04:05Z","created_by":"tester","updated_at":"2026-01-02T03:04:05Z","source_repo":".","compaction_level":0,"original_size":0}
{"id":"proj-zvt","title":"Issue 3","status":"open","priority":2,"issue_type":"task","created_at":"2026-01-02T03:04:05Z","created_by":"tester","updated_at":"2026-01-02T03:04:05Z","source_repo":".","compaction_level":0,"original_size":0}
{"id":"proj-zyjc","title":"Issue 733","status":"open","priority":2,"issue_type":"task","created_at":"2026-01-02T03:04:05Z","created_by":"tester","updated_at":"2026-01-02T03:04:05Z","source_repo":".","compaction_level":0,"original_size":0}
{"id":"proj-zzp5","title":"Issue 728","status":"open","priority":2,"issue_type":"task","created_at":"2026-01-02T03:04:05Z","created_by":"tester","updated_at":"2026-01-02T03:04:05Z","source_repo":".","compaction_level":0,"original_size":0}
--- .beads/last-touched ---
proj-00qm
