○ proj-a1 · Long texts   [● P2 · OPEN]
Owner: tester · Type: task
Created: 2026-01-01 · Updated: 2026-01-01

word0 word1 word2 word3 word4 word5 word6 word7 word8 word9 word0 word1 word2 word3 word4 word5 word6 word7 word8 word9 word0 word1 word2 word3 word4 word5 word6 word7 word8 word9 word0 word1 word2
word3 word4 word5 word6 word7 word8 word9 word0 word1 word2 word3 word4 word5 word6 word7 word8 word9 word0 word1 word2 word3 word4 word5 word6 word7 word8 word9 word0 word1 word2 word3 word4 word5
word6 word7 word8 word9 word0 word1 word2 word3 word4 word5 word6 word7 word8 word9 word0 word1 word2 word3 word4 word5 word6 word7 word8 word9 word0 word1 word2 word3 word4 word5 word6 word7 word8
word9 word0 word1 word2 word3 word4 word5 word6 word7 word8 word9 word0 word1 word2 word3 word4 word5 word6 word7 word8 word9 word0 word1 word2 word3 word4 word5 word6 word7 word8 word9 word0 word1
word2 word3 word4 word5 word6 word7 word8 word9 word0 word1 word2 word3 word4 word5 word6 word7 word8 word9 word0 word1 word2 word3 word4 word5 word6 word7 word8 word9 word0 word1 word2 word3 word4
word5 word6 word7 word8 word9 word0 word1 word2 word3 word4 word5 word6 word7 word8 word9 word0 word1 word2 word3 word4 word5 word6 word7 word8 word9 word0 word1 word2 word3 word4 word5 word6 word7
word8 word9 word0 word1 word2 word3 word4 word5 word6 word7 word8 word9 word0 word1 word2 word3 word4 word5 word6 word7 word8 word9 word0 word1 word2 word3 word4 word5 word6 word7 word8 word9 word0
word1 word2 word3 word4 word5 word6 word7 word8 word9 word0 word1 word2 word3 word4 word5 word6 word7 word8 word9 word0 word1 word2 word3 word4 word5 word6 word7 word8 word9 word0 word1 word2 word3
word4 word5 word6 word7 word8 word9 word0 word1 word2 word3 word4 word5 word6 word7 word8 word9 word0 word1 word2 word3 word4 word5 word6 word7 word8 word9 word0 word1 word2 word3 word4 word5 word6
word7 word8 word9 word0 word1 word2 word3 word4 word5 word6 word7 word8 word9 word0 word1 word2 word3 word4 word5 word6 word7 word8 word9 word0 word1 word2 word3 word4 word5 word6 word7 word8 word9
word0 word1 word2 word3 word4 word5 word6 word7 word8 word9 word0 word1 word2 word3 word4 word5 word6 word7 word8 word9 word0 word1 word2 word3 word4 word5 word6 word7 word8 word9 word0 word1 word2
word3 word4 word5 word6 word7 word8 word9 word0 word1 word2 word3 word4 word5 word6 word7 word8 word9 word0 word1 word2 word3 word4 word5 word6 word7 word8 word9 word0 word1 word2 word3 word4 word5
word6 word7 word8 word9 word0 word1 word2 word3 word4 word5 word6 word7 word8 word9 word0 word1 word2 word3 word4 word5 word6 word7 word8 word9 word0 word1 word2 word3 word4 word5 word6 word7 word8
word9 word0 word1 word2 word3 word4 word5 word6 word7 word8 word9 word0 word1 word2 word3 word4 word5 word6 word7 word8 word9 word0 word1 word2 word3 word4 word5 word6 word7 word8 word9 word0 word1
word2 word3 word4 word5 word6 word7 word8 word9 word0 word1 word2 word3 word4 word5 word6 word7 word8 word9 word0 word1 word2 word3 word4 word5 word6 word7 word8 word9 word0 word1 word2 word3 word4
word5 word6 word7 word8 word9 word0 word1 word2 word3 word4 word5 word6 word7 word8 word9 word0 word1 word2 word3 word4 word5 word6 word7 word8 word9 word0 word1 word2 word3 word4 word5 word6 word7
word8 word9 word0 word1 word2 word3 word4 word5 word6 word7 word8 word9 word0 word1 word2 word3 word4 word5 word6 word7 word8 word9 word0 word1 word2 word3 word4 word5 word6 word7 word8 word9 word0
word1 word2 word3 word4 word5 word6 word7 word8 word9 word0 word1 word2 word3 word4 word5 word6 word7 word8 word9 word0 word1 word2 word3 word4 word5 word6 word7 word8 word9 word0 word1 word2 word3
word4 word5 word6 word7 word8 word9 word0 word1 word2 word3 word4 word5 word6 word7 word8 word9 word0 word1 word2 word3 word4 word5 word6 word7 word8 word9 word0 word1 word2 word3 word4 word5 word6
word7 word8 word9 word0 word1 word2 word3 word4 word5 word6 word7 word8 word9 word0 word1 word2 word3 word4 word5 word6 word7 word8 word9 word0 word1 word2 word3 word4 word5 word6 word7 word8 word9
word0 word1 word2 word3 word4 word5 word6 word7 word8 word9 word0 word1 word2 word3 word4 word5 word6 word7 word8 word9 word0 word1 word2 word3 word4 word5 word6 word7 word8 word9 word0 word1 word2
word3 word4 word5 word6 word7 word8 word9 word0 word1 word2 word3 word4 word5 word6 word7 word8 word9 word0 word1 word2 word3 word4 word5 word6 word7 word8 word9 word0 word1 word2 word3 word4 word5
word6 word7 word8 word9 word0 word1 word2 word3 word4 word5 word6 word7 word8 word9 word0 word1 word2 word3 word4 word5 word6 word7 word8 word9 word0 word1 word2 word3 word4 word5 word6 word7 word8
word9 word0 word1 word2 word3 word4 word5 word6 word7 word8 word9 word0 word1 word2 word3 word4 word5 word6 word7 word8 word9 word0 word1 word2 word3 word4 word5 word6 word7 word8 word9 word0 word1
word2 word3 word4 word5 word6 word7 word8 word9 word0 word1 word2 word3 word4 word5 word6 word7 word8 word9 word0 word1 word2 word3 word4 word5 word6 word7 word8 word9 word0 word1 word2 word3 word4
word5 word6 word7 word8 word9 word0 word1 word2 word3 word4 word5 word6 word7 word8 word9 word0 word1 word2 word3 word4 word5 word6 word7 word8 word9 word0 word1 word2 word3 word4 word5 word6 word7
word8 word9 word0 word1 word2 word3 word4 word5 word6 word7 word8 word9 word0 word1 word2 word3 word4 word5 word6 word7 word8 word9 word0 word1 word2 word3 word4 word5 word6 word7 word8 word9 word0
word1 word2 word3 word4 word5 word6 word7 word8 word9 word0 word1 word2 word3 word4 word5 word6 word7 word8 word9 word0 word1 word2 word3 word4 word5 word6 word7 word8 word9 word0 word1 word2 word3
word4 word5 word6 word7 word8 word9 word0 word1 word2 word3 word4 word5 word6 word7 word8 word9 word0 word1 word2 word3 word4 word5 word6 word7 word8 word9 word0 word1 word2 word3 word4 word5 word6
word7 word8 word9 word0 word1 word2 word3 word4 word5 word6 word7 word8 word9 word0 word1 word2 word3 word4 word5 word6 word7 word8 word9 word0 word1 word2 word3 word4 word5 word6 word7 word8 word9
word0 word1 word2 word3 word4 word5 word6 word7 word8 word9 word0 word1 word2 word3 word4 word5 word6 word7 word8 word9 word0 word1 word2 word3 word4 word5 word6 word7 word8 word9 word0 word1 word2
word3 word4 word5 word6 word7 word8 word9 word0 word1 word2 word3 word4 word5 word6 word7 word8 word9 word0 word1 word2 word3 word4 word5 word6 word7 word8 word9 word0 word1 word2 word3 word4 word5
word6 word7 word8 word9 word0 word1 word2 word3 word4 word5 word6 word7 word8 word9 word0 word1 word2 word3 word4 word5 word6 word7 word8 word9 word0 word1 word2 word3 word4 word5 word6 word7 word8
word9 word0 word1 word2 word3 word4 word5 word6 word7 word8 word9 word0 word1 word2 word3 word4 word5 word6 word7 word8 word9 word0 word1 word2 word3 word4 word5 word6 word7 word8 word9 word0 word1
word2 word3 word4 word5 word6 word7 word8 word9 word0 word1 word2 word3 word4 word5 word6 word7 word8 word9 word0 word1 word2 word3 word4 word5 word6 word7 word8 word9 word0 word1 word2 word3 word4
word5 word6 word7 word8 word9 word0 word1 word2 word3 word4 word5 word6 word7 word8 word9 word0 word1 word2 word3 word4 word5 word6 word7 word8 word9 word0 word1 word2 word3 word4 word5 word6 word7
word8 word9 word0 word1 word2 word3 word4 word5 word6 word7 word8 word9 word0 word1 word2 word3 word4 word5 word6 word7 word8 word9 word0 word1 word2 word3 word4 word5 word6 word7 word8 word9 word0
word1 word2 word3 word4 word5 word6 word7 word8 word9 word0 word1 word2 word3 word4 word5 word6 word7 word8 word9 word0 word1 word2 word3 word4 word5 word6 word7 word8 word9 word0 word1 word2 word3
word4 word5 word6 word7 word8 word9 word0 word1 word2 word3 word4 word5 word6 word7 word8 word9 word0 word1 word2 word3 word4 word5 word6 word7 word8 word9 word0 word1 word2 word3 word4 word5 word6
word7 word8 word9 word0 word1 word2 word3 word4 word5 word6 word7 word8 word9 word0 word1 word2 word3 word4 word5 word6 word7 word8 word9 word0 word1 word2 word3 word4 word5 word6 word7 word8 word9
word0 word1 word2 word3 word4 word5 word6 word7 word8 word9 word0 word1 word2 word3 word4 word5 word6 word7 word8 word9 word0 word1 word2 word3 word4 word5 word6 word7 word8 word9 word0 word1 word2
word3 word4 word5 word6 word7 word8 word9 word0 word1 word2 word3 word4 word5 word6 word7 word8 word9 word0 word1 word2 word3 word4 word5 word6 word7 word8 word9 word0 word1 word2 word3 word4 word5
word6 word7 word8 word9 word0 word1 word2 word3 word4 word5 word6 word7 word8 word9 word0 word1 word2 word3 word4 word5 word6 word7 word8 word9 word0 word1 word2 word3 word4 word5 word6 word7 word8
word9 word0 word1 word2 word3 word4 word5 word6 word7 word8 word9 word0 word1 word2 word3 word4 word5 word6 word7 word8 word9 word0 word1 word2 word3 word4 word5 word6 word7 word8 word9 word0 word1
word2 word3 word4 word5 word6 word7 word8 word9 word0 word1 word2 word3 word4 word5 word6 word7 word8 word9 word0 word1 word2 word3 word4 word5 word6 word7 word8 word9 word0 word1 word2 word3 word4
word5 word6 word7 word8 word9 word0 word1 word2 word3 word4 word5 word6 word7 word8 word9 word0 word1 word2 word3 word4 word5 word6 word7 word8 word9 word0 word1 word2 word3 word4 word5 word6 word7
word8 word9 word0 word1 word2 word3 word4 word5 word6 word7 word8 word9 word0 word1 word2 word3 word4 word5 word6 word7 word8 word9 word0 word1 word2 word3 word4 word5 word6 word7 word8 word9 word0
word1 word2 word3 word4 word5 word6 word7 word8 word9 word0 word1 word2 word3 word4 word5 word6 word7 word8 word9 word0 word1 word2 word3 word4 word5 word6 word7 word8 word9 word0 word1 word2 word3
word4 word5 word6 word7 word8 word9 word0 word1 word2 word3 word4 word5 word6 word7 word8 word9 word0 word1 word2 word3 word4 word5 word6 word7 word8 word9 word0 word1 word2 word3 word4 word5 word6
word7 word8 word9 word0 word1 word2 word3 word4 word5 word6 word7 word8 word9 word0 word1 word2 word3 word4 word5 word6 word7 word8 word9 word0 word1 word2 word3 word4 word5 word6 word7 word8 word9
word0 word1 word2 word3 word4 word5 word6 word7 word8 word9 word0 word1 word2 word3 word4 word5 word6 word7 word8 word9 word0 word1 word2 word3 word4 word5 word6 word7 word8 word9 word0 word1 word2
word3 word4 word5 word6 word7 word8 word9 word0 word1 word2 word3 word4 word5 word6 word7 word8 word9 word0 word1 word2 word3 word4 word5 word6 word7 word8 word9 word0 word1 word2 word3 word4 word5
word6 word7 word8 word9 word0 word1 word2 word3 word4 word5 word6 word7 word8 word9 word0 word1 word2 word3 word4 word5 word6 word7 word8 word9 word0 word1 word2 word3 word4 word5 word6 word7 word8
word9 word0 word1 word2 word3 word4 word5 word6 word7 word8 word9 word0 word1 word2 word3 word4 word5 word6 word7 word8 word9 word0 word1 word2 word3 word4 word5 word6 word7 word8 word9 word0 word1
word2 word3 word4 word5 word6 word7 word8 word9 word0 word1 word2 word3 word4 word5 word6 word7 word8 word9 word0 word1 word2 word3 word4 word5 word6 word7 word8 word9 word0 word1 word2 word3 word4
word5 word6 word7 word8 word9 word0 word1 word2 word3 word4 word5 word6 word7 word8 word9 word0 word1 word2 word3 word4 word5 word6 word7 word8 word9 word0 word1 word2 word3 word4 word5 word6 word7
word8 word9 word0 word1 word2 word3 word4 word5 word6 word7 word8 word9 word0 word1 word2 word3 word4 word5 word6 word7 word8 word9 word0 word1 word2 word3 word4 word5 word6 word7 word8 word9 word0
word1 word2 word3 word4 word5 word6 word7 word8 word9 word0 word1 word2 word3 word4 word5 word6 word7 word8 word9 word0 word1 word2 word3 word4 word5 word6 word7 word8 word9 word0 word1 word2 word3
word4 word5 word6 word7 word8 word9 word0 word1 word2 word3 word4 word5 word6 word7 word8 word9 word0 word1 word2 word3 word4 word5 word6 word7 word8 word9 word0 word1 word2 word3 word4 word5 word6
word7 word8 word9 word0 word1 word2 word3 word4 word5 word6 word7 word8 word9 word0 word1 word2 word3 word4 word5 word6 word7 word8 word9 word0 word1 word2 word3 word4 word5 word6 word7 word8 word9
word0 word1 word2 word3 word4 word5 word6 word7 word8 word9 word0 word1 word2 word3 word4 word5 word6 word7 word8 word9
word0 word1 word2 word3 word4 word5 word6 word7 word8 word9 word0 word1 word2 word3 word4 word5 word6 word7 word8 word9 word0 word1 word2 word3 word4 word5 word6 word7 word8 word9 word0 word1 word2
word3 word4 word5 word6 word7 word8 word9 word0 word1 word2 word3 word4 word5 word6 word7 word8 word9 word0 word1 word2 word3 word4 word5 word6 word7 word8 word9 word0 word1 word2 word3 word4 word5
word6 word7 word8 word9 word0 word1 word2 word3 word4 word5 word6 word7 word8 word9 word0 word1 word2 word3 word4 word5 word6 word7 word8 word9 word0 word1 word2 word3 word4 word5 word6 word7 word8
word9 word0 word1 word2 word3 word4 word5 word6 word7 word8 word9 word0 word1 word2 word3 word4 word5 word6 word7 word8 word9 word0 word1 word2 word3 word4 word5 word6 word7 word8 word9 word0 word1
word2 word3 word4 word5 word6 word7 word8 word9 word0 word1 word2 word3 word4 word5 word6 word7 word8 word9 word0 word1 word2 word3 word4 word5 word6 word7 word8 word9 word0 word1 word2 word3 word4
word5 word6 word7 word8 word9 word0 word1 word2 word3 word4 word5 word6 word7 word8 word9 word0 word1 word2 word3 word4 word5 word6 word7 word8 word9 word0 word1 word2 word3 word4 word5 word6 word7
word8 word9 word0 word1 word2 word3 word4 word5 word6 word7 word8 word9 word0 word1 word2 word3 word4 word5 word6 word7 word8 word9 word0 word1 word2 word3 word4 word5 word6 word7 word8 word9 word0
word1 word2 word3 word4 word5 word6 word7 word8 word9 word0 word1 word2 word3 word4 word5 word6 word7 word8 word9 word0 word1 word2 word3 word4 word5 word6 word7 word8 word9 word0 word1 word2 word3
word4 word5 word6 word7 word8 word9 word0 word1 word2 word3 word4 word5 word6 word7 word8 word9 word0 word1 word2 word3 word4 word5 word6 word7 word8 word9 word0 word1 word2 word3 word4 word5 word6
word7 word8 word9 word0 word1 word2 word3 word4 word5 word6 word7 word8 word9 word0 word1 word2 word3 word4 word5 word6 word7 word8 word9 word0 word1 word2 word3 word4 word5 word6 word7 word8 word9
word0 word1 word2 word3 word4 word5 word6 word7 word8 word9 word0 word1 word2 word3 word4 word5 word6 word7 word8 word9 word0 word1 word2 word3 word4 word5 word6 word7 word8 word9 word0 word1 word2
word3 word4 word5 word6 word7 word8 word9 word0 word1 word2 word3 word4 word5 word6 word7 word8 word9 word0 word1 word2 word3 word4 word5 word6 word7 word8 word9 word0 word1 word2 word3 word4 word5
word6 word7 word8 word9 word0 word1 word2 word3 word4 word5 word6 word7 word8 word9 word0 word1 word2 word3 word4 word5 word6 word7 word8 word9 word0 word1 word2 word3 word4 word5 word6 word7 word8
word9 word0 word1 word2 word3 word4 word5 word6 word7 word8 word9 word0 word1 word2 word3 word4 word5 word6 word7 word8 word9 word0 word1 word2 word3 word4 word5 word6 word7 word8 word9 word0 word1
word2 word3 word4 word5 word6 word7 word8 word9 word0 word1 word2 word3 word4 word5 word6 word7 word8 word9 word0 word1 word2 word3 word4 word5 word6 word7 word8 word9 word0 word1 word2 word3 word4
word5 word6 word7 word8 word9 word0 word1 word2 word3 word4 word5 word6 word7 word8 word9 word0 word1 word2 word3 word4 word5 word6 word7 word8 word9 word0 word1 word2 word3 word4 word5 word6 word7
word8 word9 word0 word1 word2 word3 word4 word5 word6 word7 word8 word9 word0 word1 word2 word3 word4 word5 word6 word7 word8 word9 word0 word1 word2 word3 word4 word5 word6 word7 word8 word9 word0
word1 word2 word3 word4 word5 word6 word7 word8 word9 word0 word1 word2 word3 word4 word5 word6 word7 word8 word9 word0 word1 word2 word3 word4 word5 word6 word7 word8 word9 word0 word1 word2 word3
word4 word5 word6 word7 word8 word9 word0 word1 word2 word3 word4 word5 word6 word7 word8 word9 word0 word1 word2 word3 word4 word5 word6 word7 word8 word9 word0 word1 word2 word3 word4 word5 word6
word7 word8 word9 word0 word1 word2 word3 word4 word5 word6 word7 word8 word9 word0 word1 word2 word3 word4 word5 word6 word7 word8 word9 word0 word1 word2 word3 word4 word5 word6 word7 word8 word9
word0 word1 word2 word3 word4 word5 word6 word7 word8 word9 word0 word1 word2 word3 word4 word5 word6 word7 word8 word9 word0 word1 word2 word3 word4 word5 word6 word7 word8 word9 word0 word1 word2
word3 word4 word5 word6 word7 word8 word9 word0 word1 word2 word3 word4 word5 word6 word7 word8 word9 word0 word1 word2 word3 word4 word5 word6 word7 word8 word9 word0 word1 word2 word3 word4 word5
word6 word7 word8 word9 word0 word1 word2 word3 word4 word5 word6 word7 word8 word9 word0 word1 word2 word3 word4 word5 word6 word7 word8 word9 word0 word1 word2 word3 word4 word5 word6 word7 word8
word9 word0 word1 word2 word3 word4 word5 word6 word7 word8 word9 word0 word1 word2 word3 word4 word5 word6 word7 word8 word9 word0 word1 word2 word3 word4 word5 word6 word7 word8 word9 word0 word1
word2 word3 word4 word5 word6 word7 word8 word9 word0 word1 word2 word3 word4 word5 word6 word7 word8 word9 word0 word1 word2 word3 word4 word5 word6 word7 word8 word9 word0 word1 word2 word3 word4
word5 word6 word7 word8 word9 word0 word1 word2 word3 word4 word5 word6 word7 word8 word9 word0 word1 word2 word3 word4 word5 word6 word7 word8 word9 word0 word1 word2 word3 word4 word5 word6 word7
word8 word9 word0 word1 word2 word3 word4 word5 word6 word7 word8 word9 word0 word1 word2 word3 word4 word5 word6 word7 word8 word9 word0 word1 word2 word3 word4 word5 word6 word7 word8 word9 word0
word1 word2 word3 word4 word5 word6 word7 word8 word9 word0 word1 word2 word3 word4 word5 word6 word7 word8 word9 word0 word1 word2 word3 word4 word5 word6 word7 word8 word9 word0 word1 word2 word3
word4 word5 word6 word7 word8 word9 word0 word1 word2 word3 word4 word5 word6 word7 word8 word9 word0 word1 word2 word3 word4 word5 word6 word7 word8 word9 word0 word1 word2 word3 word4 word5 word6
word7 word8 word9 word0 word1 word2 word3 word4 word5 word6 word7 word8 word9 word0 word1 word2 word3 word4 word5 word6 word7 word8 word9 word0 word1 word2 word3 word4 word5 word6 word7 word8 word9
word0 word1 word2 word3 word4 word5 word6 word7 word8 word9 word0 word1 word2 word3 word4 word5 word6 word7 word8 word9 word0 word1 word2 word3 word4 word5 word6 word7 word8 word9 word0 word1 word2
word3 word4 word5 word6 word7 word8 word9 word0 word1 word2 word3 word4 word5 word6 word7 word8 word9 word0 word1 word2 word3 word4 word5 word6 word7 word8 word9 word0 word1 word2 word3 word4 word5
word6 word7 word8 word9 word0 word1 word2 word3 word4 word5 word6 word7 word8 word9 word0 word1 word2 word3 word4 word5 word6 word7 word8 word9 word0 word1 word2 word3 word4 word5 word6 word7 word8
word9 word0 word1 word2 word3 word4 word5 word6 word7 word8 word9 word0 word1 word2 word3 word4 word5 word6 word7 word8 word9 word0 word1 word2 word3 word4 word5 word6 word7 word8 word9 word0 word1
word2 word3 word4 word5 word6 word7 word8 word9 word0 word1 word2 word3 word4 word5 word6 word7 word8 word9 word0 word1 word2 word3 word4 word5 word6 word7 word8 word9 word0 word1 word2 word3 word4
word5 word6 word7 word8 word9 word0 word1 word2 word3 word4 word5 word6 word7 word8 word9 word0 word1 word2 word3 word4 word5 word6 word7 word8 word9 word0 word1 word2 word3 word4 word5 word6 word7
word8 word9 word0 word1 word2 word3 word4 word5 word6 word7 word8 word9 word0 word1 word2 word3 word4 word5 word6 word7 word8 word9 word0 word1 word2 word3 word4 word5 word6 word7 word8 word9 word0
word1 word2 word3 word4 word5 word6 word7 word8 word9 word0 word1 word2 word3 word4 word5 word6 word7 word8 word9 word0 word1 word2 word3 word4 word5 word6 word7 word8 word9 word0 word1 word2 word3
word4 word5 word6 word7 word8 word9 word0 word1 word2 word3 word4 word5 word6 word7 word8 word9 word0 word1 word2 word3 word4 word5 word6 word7 word8 word9 word0 word1 word2 word3 word4 word5 word6
word7 word8 word9 word0 word1 word2 word3 word4 word5 word6 word7 word8 word9 word0 word1 word2 word3 word4 word5 word6 word7 word8 word9 word0 word1 word2 word3 word4 word5 word6 word7 word8 word9
word0 word1 word2 word3 word4 word5 word6 word7 word8 word9 word0 word1 word2 word3 word4 word5 word6 word7 word8 word9 word0 word1 word2 word3 word4 word5 word6 word7 word8 word9 word0 word1 word2
word3 word4 word5 word6 word7 word8 word9 word0 word1 word2 word3 word4 word5 word6 word7 word8 word9 word0 word1 word2 word3 word4 word5 word6 word7 word8 word9 word0 word1 word2 word3 word4 word5
word6 word7 word8 word9 word0 word1 word2 word3 word4 word5 word6 word7 word8 word9 word0 word1 word2 word3 word4 word5 word6 word7 word8 word9 word0 word1 word2 word3 word4 word5 word6 word7 word8
word9 word0 word1 word2 word3 word4 word5 word6 word7 word8 word9 word0 word1 word2 word3 word4 word5 word6 word7 word8 word9 word0 word1 word2 word3 word4 word5 word6 word7 word8 word9 word0 word1
word2 word3 word4 word5 word6 word7 word8 word9 word0 word1 word2 word3 word4 word5 word6 word7 word8 word9 word0 word1 word2 word3 word4 word5 word6 word7 word8 word9 word0 word1 word2 word3 word4
word5 word6 word7 word8 word9 word0 word1 word2 word3 word4 word5 word6 word7 word8 word9 word0 word1 word2 word3 word4 word5 word6 word7 word8 word9 word0 word1 word2 word3 word4 word5 word6 word7
word8 word9 word0 word1 word2 word3 word4 word5 word6 word7 word8 word9 word0 word1 word2 word3 word4 word5 word6 word7 word8 word9 word0 word1 word2 word3 word4 word5 word6 word7 word8 word9 word0
word1 word2 word3 word4 word5 word6 word7 word8 word9 word0 word1 word2 word3 word4 word5 word6 word7 word8 word9 word0 word1 word2 word3 word4 word5 word6 word7 word8 word9 word0 word1 word2 word3
word4 word5 word6 word7 word8 word9 word0 word1 word2 word3 word4 word5 word6 word7 word8 word9 word0 word1 word2 word3 word4 word5 word6 word7 word8 word9 word0 word1 word2 word3 word4 word5 word6
word7 word8 word9 word0 word1 word2 word3 word4 word5 word6 word7 word8 word9 word0 word1 word2 word3 word4 word5 word6 word7 word8 word9 word0 word1 word2 word3 word4 word5 word6 word7 word8 word9
word0 word1 word2 word3 word4 word5 word6 word7 word8 word9 word0 word1 word2 word3 word4 word5 word6 word7 word8 word9 word0 word1 word2 word3 word4 word5 word6 word7 word8 word9 word0 word1 word2
word3 word4 word5 word6 word7 word8 word9 word0 word1 word2 word3 word4 word5 word6 word7 word8 word9 word0 word1 word2 word3 word4 word5 word6 word7 word8 word9 word0 word1 word2 word3 word4 word5
word6 word7 word8 word9 word0 word1 word2 word3 word4 word5 word6 word7 word8 word9 word0 word1 word2 word3 word4 word5 word6 word7 word8 word9 word0 word1 word2 word3 word4 word5 word6 word7 word8
word9 word0 word1 word2 word3 word4 word5 word6 word7 word8 word9 word0 word1 word2 word3 word4 word5 word6 word7 word8 word9 word0 word1 word2 word3 word4 word5 word6 word7 word8 word9 word0 word1
word2 word3 word4 word5 word6 word7 word8 word9 word0 word1 word2 word3 word4 word5 word6 word7 word8 word9 word0 word1 word2 word3 word4 word5 word6 word7 word8 word9 word0 word1 word2 word3 word4
word5 word6 word7 word8 word9 word0 word1 word2 word3 word4 word5 word6 word7 word8 word9 word0 word1 word2 word3 word4 word5 word6 word7 word8 word9 word0 word1 word2 word3 word4 word5 word6 word7
word8 word9 word0 word1 word2 word3 word4 word5 word6 word7 word8 word9 word0 word1 word2 word3 word4 word5 word6 word7 word8 word9 word0 word1 word2 word3 word4 word5 word6 word7 word8 word9 word0
word1 word2 word3 word4 word5 word6 word7 word8 word9 word0 word1 word2 word3 word4 word5 word6 word7 word8 word9 word0 word1 word2 word3 word4 word5 word6 word7 word8 word9 word0 word1 word2 word3
word4 word5 word6 word7 word8 word9 word0 word1 word2 word3 word4 word5 word6 word7 word8 word9 word0 word1 word2 word3 word4 word5 word6 word7 word8 word9 word0 word1 word2 word3 word4 word5 word6
word7 word8 word9 word0 word1 word2 word3 word4 word5 word6 word7 word8 word9 word0 word1 word2 word3 word4 word5 word6 word7 word8 word9 word0 word1 word2 word3 word4 word5 word6 word7 word8 word9
word0 word1 word2 word3 word4 word5 word6 word7 word8 word9 word0 word1 word2 word3 word4 word5 word6 word7 word8 word9
word0 word1 word2 word3 word4 word5 word6 word7 word8 word9 word0 word1 word2 word3 word4 word5 word6 word7 word8 word9 word0 word1 word2 word3 word4 word5 word6 word7 word8 word9 word0 word1 word2
word3 word4 word5 word6 word7 word8 word9 word0 word1 word2 word3 word4 word5 word6 word7 word8 word9 word0 word1 word2 word3 word4 word5 word6 word7 word8 word9 word0 word1 word2 word3 word4 word5
word6 word7 word8 word9 word0 word1 word2 word3 word4 word5 word6 word7 word8 word9 word0 word1 word2 word3 word4 word5 word6 word7 word8 word9 word0 word1 word2 word3 word4 word5 word6 word7 word8
word9 word0 word1 word2 word3 word4 word5 word6 word7 word8 word9 word0 word1 word2 word3 word4 word5 word6 word7 word8 word9 word0 word1 word2 word3 word4 word5 word6 word7 word8 word9 word0 word1
word2 word3 word4 word5 word6 word7 word8 word9 word0 word1 word2 word3 word4 word5 word6 word7 word8 word9 word0 word1 word2 word3 word4 word5 word6 word7 word8 word9 word0 word1 word2 word3 word4
word5 word6 word7 word8 word9 word0 word1 word2 word3 word4 word5 word6 word7 word8 word9 word0 word1 word2 word3 word4 word5 word6 word7 word8 word9 word0 word1 word2 word3 word4 word5 word6 word7
word8 word9 word0 word1 word2 word3 word4 word5 word6 word7 word8 word9 word0 word1 word2 word3 word4 word5 word6 word7 word8 word9 word0 word1 word2 word3 word4 word5 word6 word7 word8 word9 word0
word1 word2 word3 word4 word5 word6 word7 word8 word9 word0 word1 word2 word3 word4 word5 word6 word7 word8 word9 word0 word1 word2 word3 word4 word5 word6 word7 word8 word9 word0 word1 word2 word3
word4 word5 word6 word7 word8 word9 word0 word1 word2 word3 word4 word5 word6 word7 word8 word9 word0 word1 word2 word3 word4 word5 word6 word7 word8 word9 word0 word1 word2 word3 word4 word5 word6
word7 word8 word9 word0 word1 word2 word3 word4 word5 word6 word7 word8 word9 word0 word1 word2 word3 word4 word5 word6 word7 word8 word9 word0 word1 word2 word3 word4 word5 word6 word7 word8 word9
word0 word1 word2 word3 word4 word5 word6 word7 word8 word9 word0 word1 word2 word3 word4 word5 word6 word7 word8 word9 word0 word1 word2 word3 word4 word5 word6 word7 word8 word9 word0 word1 word2
word3 word4 word5 word6 word7 word8 word9 word0 word1 word2 word3 word4 word5 word6 word7 word8 word9 word0 word1 word2 word3 word4 word5 word6 word7 word8 word9 word0 word1 word2 word3 word4 word5
word6 word7 word8 word9 word0 word1 word2 word3 word4 word5 word6 word7 word8 word9 word0 word1 word2 word3 word4 word5 word6 word7 word8 word9 word0 word1 word2 word3 word4 word5 word6 word7 word8
word9 word0 word1 word2 word3 word4 word5 word6 word7 word8 word9 word0 word1 word2 word3 word4 word5 word6 word7 word8 word9 word0 word1 word2 word3 word4 word5 word6 word7 word8 word9 word0 word1
word2 word3 word4 word5 word6 word7 word8 word9 word0 word1 word2 word3 word4 word5 word6 word7 word8 word9 word0 word1 word2 word3 word4 word5 word6 word7 word8 word9 word0 word1 word2 word3 word4
word5 word6 word7 word8 word9 word0 word1 word2 word3 word4 word5 word6 word7 word8 word9 word0 word1 word2 word3 word4 word5 word6 word7 word8 word9 word0 word1 word2 word3 word4 word5 word6 word7
word8 word9 word0 word1 word2 word3 word4 word5 word6 word7 word8 word9 word0 word1 word2 word3 word4 word5 word6 word7 word8 word9 word0 word1 word2 word3 word4 word5 word6 word7 word8 word9 word0
word1 word2 word3 word4 word5 word6 word7 word8 word9 word0 word1 word2 word3 word4 word5 word6 word7 word8 word9 word0 word1 word2 word3 word4 word5 word6 word7 word8 word9 word0 word1 word2 word3
word4 word5 word6 word7 word8 word9 word0 word1 word2 word3 word4 word5 word6 word7 word8 word9 word0 word1 word2 word3 word4 word5 word6 word7 word8 word9 word0 word1 word2 word3 word4 word5 word6
word7 word8 word9 word0 word1 word2 word3 word4 word5 word6 word7 word8 word9 word0 word1 word2 word3 word4 word5 word6 word7 word8 word9 word0 word1 word2 word3 word4 word5 word6 word7 word8 word9
word0 word1 word2 word3 word4 word5 word6 word7 word8 word9 word0 word1 word2 word3 word4 word5 word6 word7 word8 word9 word0 word1 word2 word3 word4 word5 word6 word7 word8 word9 word0 word1 word2
word3 word4 word5 word6 word7 word8 word9 word0 word1 word2 word3 word4 word5 word6 word7 word8 word9 word0 word1 word2 word3 word4 word5 word6 word7 word8 word9 word0 word1 word2 word3 word4 word5
word6 word7 word8 word9 word0 word1 word2 word3 word4 word5 word6 word7 word8 word9 word0 word1 word2 word3 word4 word5 word6 word7 word8 word9 word0 word1 word2 word3 word4 word5 word6 word7 word8
word9 word0 word1 word2 word3 word4 word5 word6 word7 word8 word9 word0 word1 word2 word3 word4 word5 word6 word7 word8 word9 word0 word1 word2 word3 word4 word5 word6 word7 word8 word9 word0 word1
word2 word3 word4 word5 word6 word7 word8 word9 word0 word1 word2 word3 word4 word5 word6 word7 word8 word9 word0 word1 word2 word3 word4 word5 word6 word7 word8 word9 word0 word1 word2 word3 word4
word5 word6 word7 word8 word9 word0 word1 word2 word3 word4 word5 word6 word7 word8 word9 word0 word1 word2 word3 word4 word5 word6 word7 word8 word9 word0 word1 word2 word3 word4 word5 word6 word7
word8 word9 word0 word1 word2 word3 word4 word5 word6 word7 word8 word9 word0 word1 word2 word3 word4 word5 word6 word7 word8 word9 word0 word1 word2 word3 word4 word5 word6 word7 word8 word9 word0
word1 word2 word3 word4 word5 word6 word7 word8 word9 word0 word1 word2 word3 word4 word5 word6 word7 word8 word9 word0 word1 word2 word3 word4 word5 word6 word7 word8 word9 word0 word1 word2 word3
word4 word5 word6 word7 word8 word9 word0 word1 word2 word3 word4 word5 word6 word7 word8 word9 word0 word1 word2 word3 word4 word5 word6 word7 word8 word9 word0 word1 word2 word3 word4 word5 word6
word7 word8 word9 word0 word1 word2 word3 word4 word5 word6 word7 word8 word9 word0 word1 word2 word3 word4 word5 word6 word7 word8 word9 word0 word1 word2 word3 word4 word5 word6 word7 word8 word9
word0 word1 word2 word3 word4 word5 word6 word7 word8 word9 word0 word1 word2 word3 word4 word5 word6 word7 word8 word9 word0 word1 word2 word3 word4 word5 word6 word7 word8 word9 word0 word1 word2
word3 word4 word5 word6 word7 word8 word9 word0 word1 word2 word3 word4 word5 word6 word7 word8 word9 word0 word1 word2 word3 word4 word5 word6 word7 word8 word9 word0 word1 word2 word3 word4 word5
word6 word7 word8 word9 word0 word1 word2 word3 word4 word5 word6 word7 word8 word9 word0 word1 word2 word3 word4 word5 word6 word7 word8 word9 word0 word1 word2 word3 word4 word5 word6 word7 word8
word9 word0 word1 word2 word3 word4 word5 word6 word7 word8 word9 word0 word1 word2 word3 word4 word5 word6 word7 word8 word9 word0 word1 word2 word3 word4 word5 word6 word7 word8 word9 word0 word1
word2 word3 word4 word5 word6 word7 word8 word9 word0 word1 word2 word3 word4 word5 word6 word7 word8 word9 word0 word1 word2 word3 word4 word5 word6 word7 word8 word9 word0 word1 word2 word3 word4
word5 word6 word7 word8 word9 word0 word1 word2 word3 word4 word5 word6 word7 word8 word9 word0 word1 word2 word3 word4 word5 word6 word7 word8 word9 word0 word1 word2 word3 word4 word5 word6 word7
word8 word9 word0 word1 word2 word3 word4 word5 word6 word7 word8 word9 word0 word1 word2 word3 word4 word5 word6 word7 word8 word9 word0 word1 word2 word3 word4 word5 word6 word7 word8 word9 word0
word1 word2 word3 word4 word5 word6 word7 word8 word9 word0 word1 word2 word3 word4 word5 word6 word7 word8 word9 word0 word1 word2 word3 word4 word5 word6 word7 word8 word9 word0 word1 word2 word3
word4 word5 word6 word7 word8 word9 word0 word1 word2 word3 word4 word5 word6 word7 word8 word9 word0 word1 word2 word3 word4 word5 word6 word7 word8 word9 word0 word1 word2 word3 word4 word5 word6
word7 word8 word9 word0 word1 word2 word3 word4 word5 word6 word7 word8 word9 word0 word1 word2 word3 word4 word5 word6 word7 word8 word9 word0 word1 word2 word3 word4 word5 word6 word7 word8 word9
word0 word1 word2 word3 word4 word5 word6 word7 word8 word9 word0 word1 word2 word3 word4 word5 word6 word7 word8 word9 word0 word1 word2 word3 word4 word5 word6 word7 word8 word9 word0 word1 word2
word3 word4 word5 word6 word7 word8 word9 word0 word1 word2 word3 word4 word5 word6 word7 word8 word9 word0 word1 word2 word3 word4 word5 word6 word7 word8 word9 word0 word1 word2 word3 word4 word5
word6 word7 word8 word9 word0 word1 word2 word3 word4 word5 word6 word7 word8 word9 word0 word1 word2 word3 word4 word5 word6 word7 word8 word9 word0 word1 word2 word3 word4 word5 word6 word7 word8
word9 word0 word1 word2 word3 word4 word5 word6 word7 word8 word9 word0 word1 word2 word3 word4 word5 word6 word7 word8 word9 word0 word1 word2 word3 word4 word5 word6 word7 word8 word9 word0 word1
word2 word3 word4 word5 word6 word7 word8 word9 word0 word1 word2 word3 word4 word5 word6 word7 word8 word9 word0 word1 word2 word3 word4 word5 word6 word7 word8 word9 word0 word1 word2 word3 word4
word5 word6 word7 word8 word9 word0 word1 word2 word3 word4 word5 word6 word7 word8 word9 word0 word1 word2 word3 word4 word5 word6 word7 word8 word9 word0 word1 word2 word3 word4 word5 word6 word7
word8 word9 word0 word1 word2 word3 word4 word5 word6 word7 word8 word9 word0 word1 word2 word3 word4 word5 word6 word7 word8 word9 word0 word1 word2 word3 word4 word5 word6 word7 word8 word9 word0
word1 word2 word3 word4 word5 word6 word7 word8 word9 word0 word1 word2 word3 word4 word5 word6 word7 word8 word9 word0 word1 word2 word3 word4 word5 word6 word7 word8 word9 word0 word1 word2 word3
word4 word5 word6 word7 word8 word9 word0 word1 word2 word3 word4 word5 word6 word7 word8 word9 word0 word1 word2 word3 word4 word5 word6 word7 word8 word9 word0 word1 word2 word3 word4 word5 word6
word7 word8 word9 word0 word1 word2 word3 word4 word5 word6 word7 word8 word9 word0 word1 word2 word3 word4 word5 word6 word7 word8 word9 word0 word1 word2 word3 word4 word5 word6 word7 word8 word9
word0 word1 word2 word3 word4 word5 word6 word7 word8 word9 word0 word1 word2 word3 word4 word5 word6 word7 word8 word9 word0 word1 word2 word3 word4 word5 word6 word7 word8 word9 word0 word1 word2
word3 word4 word5 word6 word7 word8 word9 word0 word1 word2 word3 word4 word5 word6 word7 word8 word9 word0 word1 word2 word3 word4 word5 word6 word7 word8 word9 word0 word1 word2 word3 word4 word5
word6 word7 word8 word9 word0 word1 word2 word3 word4 word5 word6 word7 word8 word9 word0 word1 word2 word3 word4 word5 word6 word7 word8 word9 word0 word1 word2 word3 word4 word5 word6 word7 word8
word9 word0 word1 word2 word3 word4 word5 word6 word7 word8 word9 word0 word1 word2 word3 word4 word5 word6 word7 word8 word9 word0 word1 word2 word3 word4 word5 word6 word7 word8 word9 word0 word1
word2 word3 word4 word5 word6 word7 word8 word9 word0 word1 word2 word3 word4 word5 word6 word7 word8 word9 word0 word1 word2 word3 word4 word5 word6 word7 word8 word9 word0 word1 word2 word3 word4
word5 word6 word7 word8 word9 word0 word1 word2 word3 word4 word5 word6 word7 word8 word9 word0 word1 word2 word3 word4 word5 word6 word7 word8 word9 word0 word1 word2 word3 word4 word5 word6 word7
word8 word9 word0 word1 word2 word3 word4 word5 word6 word7 word8 word9 word0 word1 word2 word3 word4 word5 word6 word7 word8 word9 word0 word1 word2 word3 word4 word5 word6 word7 word8 word9 word0
word1 word2 word3 word4 word5 word6 word7 word8 word9 word0 word1 word2 word3 word4 word5 word6 word7 word8 word9 word0 word1 word2 word3 word4 word5 word6 word7 word8 word9 word0 word1 word2 word3
word4 word5 word6 word7 word8 word9 word0 word1 word2 word3 word4 word5 word6 word7 word8 word9 word0 word1 word2 word3 word4 word5 word6 word7 word8 word9 word0 word1 word2 word3 word4 word5 word6
word7 word8 word9 word0 word1 word2 word3 word4 word5 word6 word7 word8 word9 word0 word1 word2 word3 word4 word5 word6 word7 word8 word9 word0 word1 word2 word3 word4 word5 word6 word7 word8 word9
word0 word1 word2 word3 word4 word5 word6 word7 word8 word9 word0 word1 word2 word3 word4 word5 word6 word7 word8 word9
word0 word1 word2 word3 word4 word5 word6 word7 word8 word9 word0 word1 word2 word3 word4 word5 word6 word7 word8 word9 word0 word1 word2 word3 word4 word5 word6 word7 word8 word9 word0 word1 word2
word3 word4 word5 word6 word7 word8 word9 word0 word1 word2 word3 word4 word5 word6 word7 word8 word9 word0 word1 word2 word3 word4 word5 word6 word7 word8 word9 word0 word1 word2 word3 word4 word5
word6 word7 word8 word9 word0 word1 word2 word3 word4 word5 word6 word7 word8 word9 word0 word1 word2 word3 word4 word5 word6 word7 word8 word9 word0 word1 word2 word3 word4 word5 word6 word7 word8
word9 word0 word1 word2 word3 word4 word5 word6 word7 word8 word9 word0 word1 word2 word3 word4 word5 word6 word7 word8 word9 word0 word1 word2 word3 word4 word5 word6 word7 word8 word9 word0 word1
word2 word3 word4 word5 word6 word7 word8 word9 word0 word1 word2 word3 word4 word5 word6 word7 word8 word9 word0 word1 word2 word3 word4 word5 word6 word7 word8 word9 word0 word1 word2 word3 word4
word5 word6 word7 word8 word9 word0 word1 word2 word3 word4 word5 word6 word7 word8 word9 word0 word1 word2 word3 word4 word5 word6 word7 word8 word9 word0 word1 word2 word3 word4 word5 word6 word7
word8 word9 word0 word1 word2 word3 word4 word5 word6 word7 word8 word9 word0 word1 word2 word3 word4 word5 word6 word7 word8 word9 word0 word1 word2 word3 word4 word5 word6 word7 word8 word9 word0
word1 word2 word3 word4 word5 word6 word7 word8 word9 word0 word1 word2 word3 word4 word5 word6 word7 word8 word9 word0 word1 word2 word3 word4 word5 word6 word7 word8 word9 word0 word1 word2 word3
word4 word5 word6 word7 word8 word9 word0 word1 word2 word3 word4 word5 word6 word7 word8 word9 word0 word1 word2 word3 word4 word5 word6 word7 word8 word9 word0 word1 word2 word3 word4 word5 word6
word7 word8 word9 word0 word1 word2 word3 word4 word5 word6 word7 word8 word9 word0 word1 word2 word3 word4 word5 word6 word7 word8 word9 word0 word1 word2 word3 word4 word5 word6 word7 word8 word9
word0 word1 word2 word3 word4 word5 word6 word7 word8 word9 word0 word1 word2 word3 word4 word5 word6 word7 word8 word9 word0 word1 word2 word3 word4 word5 word6 word7 word8 word9 word0 word1 word2
word3 word4 word5 word6 word7 word8 word9 word0 word1 word2 word3 word4 word5 word6 word7 word8 word9 word0 word1 word2 word3 word4 word5 word6 word7 word8 word9 word0 word1 word2 word3 word4 word5
word6 word7 word8 word9 word0 word1 word2 word3 word4 word5 word6 word7 word8 word9 word0 word1 word2 word3 word4 word5 word6 word7 word8 word9 word0 word1 word2 word3 word4 word5 word6 word7 word8
word9 word0 word1 word2 word3 word4 word5 word6 word7 word8 word9 word0 word1 word2 word3 word4 word5 word6 word7 word8 word9 word0 word1 word2 word3 word4 word5 word6 word7 word8 word9 word0 word1
word2 word3 word4 word5 word6 word7 word8 word9 word0 word1 word2 word3 word4 word5 word6 word7 word8 word9 word0 word1 word2 word3 word4 word5 word6 word7 word8 word9 word0 word1 word2 word3 word4
word5 word6 word7 word8 word9 word0 word1 word2 word3 word4 word5 word6 word7 word8 word9 word0 word1 word2 word3 word4 word5 word6 word7 word8 word9 word0 word1 word2 word3 word4 word5 word6 word7
word8 word9 word0 word1 word2 word3 word4 word5 word6 word7 word8 word9 word0 word1 word2 word3 word4 word5 word6 word7 word8 word9 word0 word1 word2 word3 word4 word5 word6 word7 word8 word9 word0
word1 word2 word3 word4 word5 word6 word7 word8 word9 word0 word1 word2 word3 word4 word5 word6 word7 word8 word9 word0 word1 word2 word3 word4 word5 word6 word7 word8 word9 word0 word1 word2 word3
word4 word5 word6 word7 word8 word9 word0 word1 word2 word3 word4 word5 word6 word7 word8 word9 word0 word1 word2 word3 word4 word5 word6 word7 word8 word9 word0 word1 word2 word3 word4 word5 word6
word7 word8 word9 word0 word1 word2 word3 word4 word5 word6 word7 word8 word9 word0 word1 word2 word3 word4 word5 word6 word7 word8 word9 word0 word1 word2 word3 word4 word5 word6 word7 word8 word9
word0 word1 word2 word3 word4 word5 word6 word7 word8 word9 word0 word1 word2 word3 word4 word5 word6 word7 word8 word9 word0 word1 word2 word3 word4 word5 word6 word7 word8 word9 word0 word1 word2
word3 word4 word5 word6 word7 word8 word9 word0 word1 word2 word3 word4 word5 word6 word7 word8 word9 word0 word1 word2 word3 word4 word5 word6 word7 word8 word9 word0 word1 word2 word3 word4 word5
word6 word7 word8 word9 word0 word1 word2 word3 word4 word5 word6 word7 word8 word9 word0 word1 word2 word3 word4 word5 word6 word7 word8 word9 word0 word1 word2 word3 word4 word5 word6 word7 word8
word9 word0 word1 word2 word3 word4 word5 word6 word7 word8 word9 word0 word1 word2 word3 word4 word5 word6 word7 word8 word9 word0 word1 word2 word3 word4 word5 word6 word7 word8 word9 word0 word1
word2 word3 word4 word5 word6 word7 word8 word9 word0 word1 word2 word3 word4 word5 word6 word7 word8 word9 word0 word1 word2 word3 word4 word5 word6 word7 word8 word9 word0 word1 word2 word3 word4
word5 word6 word7 word8 word9 word0 word1 word2 word3 word4 word5 word6 word7 word8 word9 word0 word1 word2 word3 word4 word5 word6 word7 word8 word9 word0 word1 word2 word3 word4 word5 word6 word7
word8 word9 word0 word1 word2 word3 word4 word5 word6 word7 word8 word9 word0 word1 word2 word3 word4 word5 word6 word7 word8 word9 word0 word1 word2 word3 word4 word5 word6 word7 word8 word9 word0
word1 word2 word3 word4 word5 word6 word7 word8 word9 word0 word1 word2 word3 word4 word5 word6 word7 word8 word9 word0 word1 word2 word3 word4 word5 word6 word7 word8 word9 word0 word1 word2 word3
word4 word5 word6 word7 word8 word9 word0 word1 word2 word3 word4 word5 word6 word7 word8 word9 word0 word1 word2 word3 word4 word5 word6 word7 word8 word9 word0 word1 word2 word3 word4 word5 word6
word7 word8 word9 word0 word1 word2 word3 word4 word5 word6 word7 word8 word9 word0 word1 word2 word3 word4 word5 word6 word7 word8 word9 word0 word1 word2 word3 word4 word5 word6 word7 word8 word9
word0 word1 word2 word3 word4 word5 word6 word7 word8 word9 word0 word1 word2 word3 word4 word5 word6 word7 word8 word9 word0 word1 word2 word3 word4 word5 word6 word7 word8 word9 word0 word1 word2
word3 word4 word5 word6 word7 word8 word9 word0 word1 word2 word3 word4 word5 word6 word7 word8 word9 word0 word1 word2 word3 word4 word5 word6 word7 word8 word9 word0 word1 word2 word3 word4 word5
word6 word7 word8 word9 word0 word1 word2 word3 word4 word5 word6 word7 word8 word9 word0 word1 word2 word3 word4 word5 word6 word7 word8 word9 word0 word1 word2 word3 word4 word5 word6 word7 word8
word9 word0 word1 word2 word3 word4 word5 word6 word7 word8 word9 word0 word1 word2 word3 word4 word5 word6 word7 word8 word9 word0 word1 word2 word3 word4 word5 word6 word7 word8 word9 word0 word1
word2 word3 word4 word5 word6 word7 word8 word9 word0 word1 word2 word3 word4 word5 word6 word7 word8 word9 word0 word1 word2 word3 word4 word5 word6 word7 word8 word9 word0 word1 word2 word3 word4
word5 word6 word7 word8 word9 word0 word1 word2 word3 word4 word5 word6 word7 word8 word9 word0 word1 word2 word3 word4 word5 word6 word7 word8 word9 word0 word1 word2 word3 word4 word5 word6 word7
word8 word9 word0 word1 word2 word3 word4 word5 word6 word7 word8 word9 word0 word1 word2 word3 word4 word5 word6 word7 word8 word9 word0 word1 word2 word3 word4 word5 word6 word7 word8 word9 word0
word1 word2 word3 word4 word5 word6 word7 word8 word9 word0 word1 word2 word3 word4 word5 word6 word7 word8 word9 word0 word1 word2 word3 word4 word5 word6 word7 word8 word9 word0 word1 word2 word3
word4 word5 word6 word7 word8 word9 word0 word1 word2 word3 word4 word5 word6 word7 word8 word9 word0 word1 word2 word3 word4 word5 word6 word7 word8 word9 word0 word1 word2 word3 word4 word5 word6
word7 word8 word9 word0 word1 word2 word3 word4 word5 word6 word7 word8 word9 word0 word1 word2 word3 word4 word5 word6 word7 word8 word9 word0 word1 word2 word3 word4 word5 word6 word7 word8 word9
word0 word1 word2 word3 word4 word5 word6 word7 word8 word9 word0 word1 word2 word3 word4 word5 word6 word7 word8 word9 word0 word1 word2 word3 word4 word5 word6 word7 word8 word9 word0 word1 word2
word3 word4 word5 word6 word7 word8 word9 word0 word1 word2 word3 word4 word5 word6 word7 word8 word9 word0 word1 word2 word3 word4 word5 word6 word7 word8 word9 word0 word1 word2 word3 word4 word5
word6 word7 word8 word9 word0 word1 word2 word3 word4 word5 word6 word7 word8 word9 word0 word1 word2 word3 word4 word5 word6 word7 word8 word9 word0 word1 word2 word3 word4 word5 word6 word7 word8
word9 word0 word1 word2 word3 word4 word5 word6 word7 word8 word9 word0 word1 word2 word3 word4 word5 word6 word7 word8 word9 word0 word1 word2 word3 word4 word5 word6 word7 word8 word9 word0 word1
word2 word3 word4 word5 word6 word7 word8 word9 word0 word1 word2 word3 word4 word5 word6 word7 word8 word9 word0 word1 word2 word3 word4 word5 word6 word7 word8 word9 word0 word1 word2 word3 word4
word5 word6 word7 word8 word9 word0 word1 word2 word3 word4 word5 word6 word7 word8 word9 word0 word1 word2 word3 word4 word5 word6 word7 word8 word9 word0 word1 word2 word3 word4 word5 word6 word7
word8 word9 word0 word1 word2 word3 word4 word5 word6 word7 word8 word9 word0 word1 word2 word3 word4 word5 word6 word7 word8 word9 word0 word1 word2 word3 word4 word5 word6 word7 word8 word9 word0
word1 word2 word3 word4 word5 word6 word7 word8 word9 word0 word1 word2 word3 word4 word5 word6 word7 word8 word9 word0 word1 word2 word3 word4 word5 word6 word7 word8 word9 word0 word1 word2 word3
word4 word5 word6 word7 word8 word9 word0 word1 word2 word3 word4 word5 word6 word7 word8 word9 word0 word1 word2 word3 word4 word5 word6 word7 word8 word9 word0 word1 word2 word3 word4 word5 word6
word7 word8 word9 word0 word1 word2 word3 word4 word5 word6 word7 word8 word9 word0 word1 word2 word3 word4 word5 word6 word7 word8 word9 word0 word1 word2 word3 word4 word5 word6 word7 word8 word9
word0 word1 word2 word3 word4 word5 word6 word7 word8 word9 word0 word1 word2 word3 word4 word5 word6 word7 word8 word9 word0 word1 word2 word3 word4 word5 word6 word7 word8 word9 word0 word1 word2
word3 word4 word5 word6 word7 word8 word9 word0 word1 word2 word3 word4 word5 word6 word7 word8 word9 word0 word1 word2 word3 word4 word5 word6 word7 word8 word9 word0 word1 word2 word3 word4 word5
word6 word7 word8 word9 word0 word1 word2 word3 word4 word5 word6 word7 word8 word9 word0 word1 word2 word3 word4 word5 word6 word7 word8 word9 word0 word1 word2 word3 word4 word5 word6 word7 word8
word9 word0 word1 word2 word3 word4 word5 word6 word7 word8 word9 word0 word1 word2 word3 word4 word5 word6 word7 word8 word9 word0 word1 word2 word3 word4 word5 word6 word7 word8 word9 word0 word1
word2 word3 word4 word5 word6 word7 word8 word9 word0 word1 word2 word3 word4 word5 word6 word7 word8 word9 word0 word1 word2 word3 word4 word5 word6 word7 word8 word9 word0 word1 word2 word3 word4
word5 word6 word7 word8 word9 word0 word1 word2 word3 word4 word5 word6 word7 word8 word9 word0 word1 word2 word3 word4 word5 word6 word7 word8 word9 word0 word1 word2 word3 word4 word5 word6 word7
word8 word9 word0 word1 word2 word3 word4 word5 word6 word7 word8 word9 word0 word1 word2 word3 word4 word5 word6 word7 word8 word9 word0 word1 word2 word3 word4 word5 word6 word7 word8 word9 word0
word1 word2 word3 word4 word5 word6 word7 word8 word9 word0 word1 word2 word3 word4 word5 word6 word7 word8 word9 word0 word1 word2 word3 word4 word5 word6 word7 word8 word9 word0 word1 word2 word3
word4 word5 word6 word7 word8 word9 word0 word1 word2 word3 word4 word5 word6 word7 word8 word9 word0 word1 word2 word3 word4 word5 word6 word7 word8 word9 word0 word1 word2 word3 word4 word5 word6
word7 word8 word9 word0 word1 word2 word3 word4 word5 word6 word7 word8 word9 word0 word1 word2 word3 word4 word5 word6 word7 word8 word9 word0 word1 word2 word3 word4 word5 word6 word7 word8 word9
word0 word1 word2 word3 word4 word5 word6 word7 word8 word9 word0 word1 word2 word3 word4 word5 word6 word7 word8 word9
word0 word1 word2 word3 word4 word5 word6 word7 word8 word9 word0 word1 word2 word3 word4 word5 word6 word7 word8 word9 word0 word1 word2 word3 word4 word5 word6 word7 word8 word9 word0 word1 word2
word3 word4 word5 word6 word7 word8 word9 word0 word1 word2 word3 word4 word5 word6 word7 word8 word9 word0 word1 word2 word3 word4 word5 word6 word7 word8 word9 word0 word1 word2 word3 word4 word5
word6 word7 word8 word9 word0 word1 word2 word3 word4 word5 word6 word7 word8 word9 word0 word1 word2 word3 word4 word5 word6 word7 word8 word9 word0 word1 word2 word3 word4 word5 word6 word7 word8
word9 word0 word1 word2 word3 word4 word5 word6 word7 word8 word9 word0 word1 word2 word3 word4 word5 word6 word7 word8 word9 word0 word1 word2 word3 word4 word5 word6 word7 word8 word9 word0 word1
word2 word3 word4 word5 word6 word7 word8 word9 word0 word1 word2 word3 word4 word5 word6 word7 word8 word9 word0 word1 word2 word3 word4 word5 word6 word7 word8 word9 word0 word1 word2 word3 word4
word5 word6 word7 word8 word9 word0 word1 word2 word3 word4 word5 word6 word7 word8 word9 word0 word1 word2 word3 word4 word5 word6 word7 word8 word9 word0 word1 word2 word3 word4 word5 word6 word7
word8 word9 word0 word1 word2 word3 word4 word5 word6 word7 word8 word9 word0 word1 word2 word3 word4 word5 word6 word7 word8 word9 word0 word1 word2 word3 word4 word5 word6 word7 word8 word9 word0
word1 word2 word3 word4 word5 word6 word7 word8 word9 word0 word1 word2 word3 word4 word5 word6 word7 word8 word9 word0 word1 word2 word3 word4 word5 word6 word7 word8 word9 word0 word1 word2 word3
word4 word5 word6 word7 word8 word9 word0 word1 word2 word3 word4 word5 word6 word7 word8 word9 word0 word1 word2 word3 word4 word5 word6 word7 word8 word9 word0 word1 word2 word3 word4 word5 word6
word7 word8 word9 word0 word1 word2 word3 word4 word5 word6 word7 word8 word9 word0 word1 word2 word3 word4 word5 word6 word7 word8 word9 word0 word1 word2 word3 word4 word5 word6 word7 word8 word9
word0 word1 word2 word3 word4 word5 word6 word7 word8 word9 word0 word1 word2 word3 word4 word5 word6 word7 word8 word9 word0 word1 word2 word3 word4 word5 word6 word7 word8 word9 word0 word1 word2
word3 word4 word5 word6 word7 word8 word9 word0 word1 word2 word3 word4 word5 word6 word7 word8 word9 word0 word1 word2 word3 word4 word5 word6 word7 word8 word9 word0 word1 word2 word3 word4 word5
word6 word7 word8 word9 word0 word1 word2 word3 word4 word5 word6 word7 word8 word9 word0 word1 word2 word3 word4 word5 word6 word7 word8 word9 word0 word1 word2 word3 word4 word5 word6 word7 word8
word9 word0 word1 word2 word3 word4 word5 word6 word7 word8 word9 word0 word1 word2 word3 word4 word5 word6 word7 word8 word9 word0 word1 word2 word3 word4 word5 word6 word7 word8 word9 word0 word1
word2 word3 word4 word5 word6 word7 word8 word9 word0 word1 word2 word3 word4 word5 word6 word7 word8 word9 word0 word1 word2 word3 word4 word5 word6 word7 word8 word9 word0 word1 word2 word3 word4
word5 word6 word7 word8 word9 word0 word1 word2 word3 word4 word5 word6 word7 word8 word9 word0 word1 word2 word3 word4 word5 word6 word7 word8 word9 word0 word1 word2 word3 word4 word5 word6 word7
word8 word9 word0 word1 word2 word3 word4 word5 word6 word7 word8 word9 word0 word1 word2 word3 word4 word5 word6 word7 word8 word9 word0 word1 word2 word3 word4 word5 word6 word7 word8 word9 word0
word1 word2 word3 word4 word5 word6 word7 word8 word9 word0 word1 word2 word3 word4 word5 word6 word7 word8 word9 word0 word1 word2 word3 word4 word5 word6 word7 word8 word9 word0 word1 word2 word3
word4 word5 word6 word7 word8 word9 word0 word1 word2 word3 word4 word5 word6 word7 word8 word9 word0 word1 word2 word3 word4 word5 word6 word7 word8 word9 word0 word1 word2 word3 word4 word5 word6
word7 word8 word9 word0 word1 word2 word3 word4 word5 word6 word7 word8 word9 word0 word1 word2 word3 word4 word5 word6 word7 word8 word9 word0 word1 word2 word3 word4 word5 word6 word7 word8 word9
word0 word1 word2 word3 word4 word5 word6 word7 word8 word9 word0 word1 word2 word3 word4 word5 word6 word7 word8 word9 word0 word1 word2 word3 word4 word5 word6 word7 word8 word9 word0 word1 word2
word3 word4 word5 word6 word7 word8 word9 word0 word1 word2 word3 word4 word5 word6 word7 word8 word9 word0 word1 word2 word3 word4 word5 word6 word7 word8 word9 word0 word1 word2 word3 word4 word5
word6 word7 word8 word9 word0 word1 word2 word3 word4 word5 word6 word7 word8 word9 word0 word1 word2 word3 word4 word5 word6 word7 word8 word9 word0 word1 word2 word3 word4 word5 word6 word7 word8
word9 word0 word1 word2 word3 word4 word5 word6 word7 word8 word9 word0 word1 word2 word3 word4 word5 word6 word7 word8 word9 word0 word1 word2 word3 word4 word5 word6 word7 word8 word9 word0 word1
word2 word3 word4 word5 word6 word7 word8 word9 word0 word1 word2 word3 word4 word5 word6 word7 word8 word9 word0 word1 word2 word3 word4 word5 word6 word7 word8 word9 word0 word1 word2 word3 word4
word5 word6 word7 word8 word9 word0 word1 word2 word3 word4 word5 word6 word7 word8 word9 word0 word1 word2 word3 word4 word5 word6 word7 word8 word9 word0 word1 word2 word3 word4 word5 word6 word7
word8 word9 word0 word1 word2 word3 word4 word5 word6 word7 word8 word9 word0 word1 word2 word3 word4 word5 word6 word7 word8 word9 word0 word1 word2 word3 word4 word5 word6 word7 word8 word9 word0
word1 word2 word3 word4 word5 word6 word7 word8 word9 word0 word1 word2 word3 word4 word5 word6 word7 word8 word9 word0 word1 word2 word3 word4 word5 word6 word7 word8 word9 word0 word1 word2 word3
word4 word5 word6 word7 word8 word9 word0 word1 word2 word3 word4 word5 word6 word7 word8 word9 word0 word1 word2 word3 word4 word5 word6 word7 word8 word9 word0 word1 word2 word3 word4 word5 word6
word7 word8 word9 word0 word1 word2 word3 word4 word5 word6 word7 word8 word9 word0 word1 word2 word3 word4 word5 word6 word7 word8 word9 word0 word1 word2 word3 word4 word5 word6 word7 word8 word9
word0 word1 word2 word3 word4 word5 word6 word7 word8 word9 word0 word1 word2 word3 word4 word5 word6 word7 word8 word9 word0 word1 word2 word3 word4 word5 word6 word7 word8 word9 word0 word1 word2
word3 word4 word5 word6 word7 word8 word9 word0 word1 word2 word3 word4 word5 word6 word7 word8 word9 word0 word1 word2 word3 word4 word5 word6 word7 word8 word9 word0 word1 word2 word3 word4 word5
word6 word7 word8 word9 word0 word1 word2 word3 word4 word5 word6 word7 word8 word9 word0 word1 word2 word3 word4 word5 word6 word7 word8 word9 word0 word1 word2 word3 word4 word5 word6 word7 word8
word9 word0 word1 word2 word3 word4 word5 word6 word7 word8 word9 word0 word1 word2 word3 word4 word5 word6 word7 word8 word9 word0 word1 word2 word3 word4 word5 word6 word7 word8 word9 word0 word1
word2 word3 word4 word5 word6 word7 word8 word9 word0 word1 word2 word3 word4 word5 word6 word7 word8 word9 word0 word1 word2 word3 word4 word5 word6 word7 word8 word9 word0 word1 word2 word3 word4
word5 word6 word7 word8 word9 word0 word1 word2 word3 word4 word5 word6 word7 word8 word9 word0 word1 word2 word3 word4 word5 word6 word7 word8 word9 word0 word1 word2 word3 word4 word5 word6 word7
word8 word9 word0 word1 word2 word3 word4 word5 word6 word7 word8 word9 word0 word1 word2 word3 word4 word5 word6 word7 word8 word9 word0 word1 word2 word3 word4 word5 word6 word7 word8 word9 word0
word1 word2 word3 word4 word5 word6 word7 word8 word9 word0 word1 word2 word3 word4 word5 word6 word7 word8 word9 word0 word1 word2 word3 word4 word5 word6 word7 word8 word9 word0 word1 word2 word3
word4 word5 word6 word7 word8 word9 word0 word1 word2 word3 word4 word5 word6 word7 word8 word9 word0 word1 word2 word3 word4 word5 word6 word7 word8 word9 word0 word1 word2 word3 word4 word5 word6
word7 word8 word9 word0 word1 word2 word3 word4 word5 word6 word7 word8 word9 word0 word1 word2 word3 word4 word5 word6 word7 word8 word9 word0 word1 word2 word3 word4 word5 word6 word7 word8 word9
word0 word1 word2 word3 word4 word5 word6 word7 word8 word9 word0 word1 word2 word3 word4 word5 word6 word7 word8 word9 word0 word1 word2 word3 word4 word5 word6 word7 word8 word9 word0 word1 word2
word3 word4 word5 word6 word7 word8 word9 word0 word1 word2 word3 word4 word5 word6 word7 word8 word9 word0 word1 word2 word3 word4 word5 word6 word7 word8 word9 word0 word1 word2 word3 word4 word5
word6 word7 word8 word9 word0 word1 word2 word3 word4 word5 word6 word7 word8 word9 word0 word1 word2 word3 word4 word5 word6 word7 word8 word9 word0 word1 word2 word3 word4 word5 word6 word7 word8
word9 word0 word1 word2 word3 word4 word5 word6 word7 word8 word9 word0 word1 word2 word3 word4 word5 word6 word7 word8 word9 word0 word1 word2 word3 word4 word5 word6 word7 word8 word9 word0 word1
word2 word3 word4 word5 word6 word7 word8 word9 word0 word1 word2 word3 word4 word5 word6 word7 word8 word9 word0 word1 word2 word3 word4 word5 word6 word7 word8 word9 word0 word1 word2 word3 word4
word5 word6 word7 word8 word9 word0 word1 word2 word3 word4 word5 word6 word7 word8 word9 word0 word1 word2 word3 word4 word5 word6 word7 word8 word9 word0 word1 word2 word3 word4 word5 word6 word7
word8 word9 word0 word1 word2 word3 word4 word5 word6 word7 word8 word9 word0 word1 word2 word3 word4 word5 word6 word7 word8 word9 word0 word1 word2 word3 word4 word5 word6 word7 word8 word9 word0
word1 word2 word3 word4 word5 word6 word7 word8 word9 word0 word1 word2 word3 word4 word5 word6 word7 word8 word9 word0 word1 word2 word3 word4 word5 word6 word7 word8 word9 word0 word1 word2 word3
word4 word5 word6 word7 word8 word9 word0 word1 word2 word3 word4 word5 word6 word7 word8 word9 word0 word1 word2 word3 word4 word5 word6 word7 word8 word9 word0 word1 word2 word3 word4 word5 word6
word7 word8 word9 word0 word1 word2 word3 word4 word5 word6 word7 word8 word9 word0 word1 word2 word3 word4 word5 word6 word7 word8 word9 word0 word1 word2 word3 word4 word5 word6 word7 word8 word9
word0 word1 word2 word3 word4 word5 word6 word7 word8 word9 word0 word1 word2 word3 word4 word5 word6 word7 word8 word9 word0 word1 word2 word3 word4 word5 word6 word7 word8 word9 word0 word1 word2
word3 word4 word5 word6 word7 word8 word9 word0 word1 word2 word3 word4 word5 word6 word7 word8 word9 word0 word1 word2 word3 word4 word5 word6 word7 word8 word9 word0 word1 word2 word3 word4 word5
word6 word7 word8 word9 word0 word1 word2 word3 word4 word5 word6 word7 word8 word9 word0 word1 word2 word3 word4 word5 word6 word7 word8 word9 word0 word1 word2 word3 word4 word5 word6 word7 word8
word9 word0 word1 word2 word3 word4 word5 word6 word7 word8 word9 word0 word1 word2 word3 word4 word5 word6 word7 word8 word9 word0 word1 word2 word3 word4 word5 word6 word7 word8 word9 word0 word1
word2 word3 word4 word5 word6 word7 word8 word9 word0 word1 word2 word3 word4 word5 word6 word7 word8 word9 word0 word1 word2 word3 word4 word5 word6 word7 word8 word9 word0 word1 word2 word3 word4
word5 word6 word7 word8 word9 word0 word1 word2 word3 word4 word5 word6 word7 word8 word9 word0 word1 word2 word3 word4 word5 word6 word7 word8 word9 word0 word1 word2 word3 word4 word5 word6 word7
word8 word9 word0 word1 word2 word3 word4 word5 word6 word7 word8 word9 word0 word1 word2 word3 word4 word5 word6 word7 word8 word9 word0 word1 word2 word3 word4 word5 word6 word7 word8 word9 word0
word1 word2 word3 word4 word5 word6 word7 word8 word9 word0 word1 word2 word3 word4 word5 word6 word7 word8 word9 word0 word1 word2 word3 word4 word5 word6 word7 word8 word9 word0 word1 word2 word3
word4 word5 word6 word7 word8 word9 word0 word1 word2 word3 word4 word5 word6 word7 word8 word9 word0 word1 word2 word3 word4 word5 word6 word7 word8 word9 word0 word1 word2 word3 word4 word5 word6
word7 word8 word9 word0 word1 word2 word3 word4 word5 word6 word7 word8 word9 word0 word1 word2 word3 word4 word5 word6 word7 word8 word9 word0 word1 word2 word3 word4 word5 word6 word7 word8 word9
word0 word1 word2 word3 word4 word5 word6 word7 word8 word9 word0 word1 word2 word3 word4 word5 word6 word7 word8 word9
word0 word1 word2 word3 word4 word5 word6 word7 word8 word9 word0 word1 word2 word3 word4 word5 word6 word7 word8 word9 word0 word1 word2 word3 word4 word5 word6 word7 word8 word9 word0 word1 word2
word3 word4 word5 word6 word7 word8 word9 word0 word1 word2 word3 word4 word5 word6 word7 word8 word9 word0 word1 word2 word3 word4 word5 word6 word7 word8 word9 word0 word1 word2 word3 word4 word5
word6 word7 word8 word9 word0 word1 word2 word3 word4 word5 word6 word7 word8 word9 word0 word1 word2 word3 word4 word5 word6 word7 word8 word9 word0 word1 word2 word3 word4 word5 word6 word7 word8
word9 word0 word1 word2 word3 word4 word5 word6 word7 word8 word9 word0 word1 word2 word3 word4 word5 word6 word7 word8 word9 word0 word1 word2 word3 word4 word5 word6 word7 word8 word9 word0 word1
word2 word3 word4 word5 word6 word7 word8 word9 word0 word1 word2 word3 word4 word5 word6 word7 word8 word9 word0 word1 word2 word3 word4 word5 word6 word7 word8 word9 word0 word1 word2 word3 word4
word5 word6 word7 word8 word9 word0 word1 word2 word3 word4 word5 word6 word7 word8 word9 word0 word1 word2 word3 word4 word5 word6 word7 word8 word9 word0 word1 word2 word3 word4 word5 word6 word7
word8 word9 word0 word1 word2 word3 word4 word5 word6 word7 word8 word9 word0 word1 word2 word3 word4 word5 word6 word7 word8 word9 word0 word1 word2 word3 word4 word5 word6 word7 word8 word9 word0
word1 word2 word3 word4 word5 word6 word7 word8 word9 word0 word1 word2 word3 word4 word5 word6 word7 word8 word9 word0 word1 word2 word3 word4 word5 word6 word7 word8 word9 word0 word1 word2 word3
word4 word5 word6 word7 word8 word9 word0 word1 word2 word3 word4 word5 word6 word7 word8 word9 word0 word1 word2 word3 word4 word5 word6 word7 word8 word9 word0 word1 word2 word3 word4 word5 word6
word7 word8 word9 word0 word1 word2 word3 word4 word5 word6 word7 word8 word9 word0 word1 word2 word3 word4 word5 word6 word7 word8 word9 word0 word1 word2 word3 word4 word5 word6 word7 word8 word9
word0 word1 word2 word3 word4 word5 word6 word7 word8 word9 word0 word1 word2 word3 word4 word5 word6 word7 word8 word9 word0 word1 word2 word3 word4 word5 word6 word7 word8 word9 word0 word1 word2
word3 word4 word5 word6 word7 word8 word9 word0 word1 word2 word3 word4 word5 word6 word7 word8 word9 word0 word1 word2 word3 word4 word5 word6 word7 word8 word9 word0 word1 word2 word3 word4 word5
word6 word7 word8 word9 word0 word1 word2 word3 word4 word5 word6 word7 word8 word9 word0 word1 word2 word3 word4 word5 word6 word7 word8 word9 word0 word1 word2 word3 word4 word5 word6 word7 word8
word9 word0 word1 word2 word3 word4 word5 word6 word7 word8 word9 word0 word1 word2 word3 word4 word5 word6 word7 word8 word9 word0 word1 word2 word3 word4 word5 word6 word7 word8 word9 word0 word1
word2 word3 word4 word5 word6 word7 word8 word9 word0 word1 word2 word3 word4 word5 word6 word7 word8 word9 word0 word1 word2 word3 word4 word5 word6 word7 word8 word9 word0 word1 word2 word3 word4
word5 word6 word7 word8 word9 word0 word1 word2 word3 word4 word5 word6 word7 word8 word9 word0 word1 word2 word3 word4 word5 word6 word7 word8 word9 word0 word1 word2 word3 word4 word5 word6 word7
word8 word9 word0 word1 word2 word3 word4 word5 word6 word7 word8 word9 word0 word1 word2 word3 word4 word5 word6 word7 word8 word9 word0 word1 word2 word3 word4 word5 word6 word7 word8 word9 word0
word1 word2 word3 word4 word5 word6 word7 word8 word9 word0 word1 word2 word3 word4 word5 word6 word7 word8 word9 word0 word1 word2 word3 word4 word5 word6 word7 word8 word9 word0 word1 word2 word3
word4 word5 word6 word7 word8 word9 word0 word1 word2 word3 word4 word5 word6 word7 word8 word9 word0 word1 word2 word3 word4 word5 word6 word7 word8 word9 word0 word1 word2 word3 word4 word5 word6
word7 word8 word9 word0 word1 word2 word3 word4 word5 word6 word7 word8 word9 word0 word1 word2 word3 word4 word5 word6 word7 word8 word9 word0 word1 word2 word3 word4 word5 word6 word7 word8 word9
word0 word1 word2 word3 word4 word5 word6 word7 word8 word9 word0 word1 word2 word3 word4 word5 word6 word7 word8 word9 word0 word1 word2 word3 word4 word5 word6 word7 word8 word9 word0 word1 word2
word3 word4 word5 word6 word7 word8 word9 word0 word1 word2 word3 word4 word5 word6 word7 word8 word9 word0 word1 word2 word3 word4 word5 word6 word7 word8 word9 word0 word1 word2 word3 word4 word5
word6 word7 word8 word9 word0 word1 word2 word3 word4 word5 word6 word7 word8 word9 word0 word1 word2 word3 word4 word5 word6 word7 word8 word9 word0 word1 word2 word3 word4 word5 word6 word7 word8
word9 word0 word1 word2 word3 word4 word5 word6 word7 word8 word9 word0 word1 word2 word3 word4 word5 word6 word7 word8 word9 word0 word1 word2 word3 word4 word5 word6 word7 word8 word9 word0 word1
word2 word3 word4 word5 word6 word7 word8 word9 word0 word1 word2 word3 word4 word5 word6 word7 word8 word9 word0 word1 word2 word3 word4 word5 word6 word7 word8 word9 word0 word1 word2 word3 word4
word5 word6 word7 word8 word9 word0 word1 word2 word3 word4 word5 word6 word7 word8 word9 word0 word1 word2 word3 word4 word5 word6 word7 word8 word9 word0 word1 word2 word3 word4 word5 word6 word7
word8 word9 word0 word1 word2 word3 word4 word5 word6 word7 word8 word9 word0 word1 word2 word3 word4 word5 word6 word7 word8 word9 word0 word1 word2 word3 word4 word5 word6 word7 word8 word9 word0
word1 word2 word3 word4 word5 word6 word7 word8 word9 word0 word1 word2 word3 word4 word5 word6 word7 word8 word9 word0 word1 word2 word3 word4 word5 word6 word7 word8 word9 word0 word1 word2 word3
word4 word5 word6 word7 word8 word9 word0 word1 word2 word3 word4 word5 word6 word7 word8 word9 word0 word1 word2 word3 word4 word5 word6 word7 word8 word9 word0 word1 word2 word3 word4 word5 word6
word7 word8 word9 word0 word1 word2 word3 word4 word5 word6 word7 word8 word9 word0 word1 word2 word3 word4 word5 word6 word7 word8 word9 word0 word1 word2 word3 word4 word5 word6 word7 word8 word9
word0 word1 word2 word3 word4 word5 word6 word7 word8 word9 word0 word1 word2 word3 word4 word5 word6 word7 word8 word9 word0 word1 word2 word3 word4 word5 word6 word7 word8 word9 word0 word1 word2
word3 word4 word5 word6 word7 word8 word9 word0 word1 word2 word3 word4 word5 word6 word7 word8 word9 word0 word1 word2 word3 word4 word5 word6 word7 word8 word9 word0 word1 word2 word3 word4 word5
word6 word7 word8 word9 word0 word1 word2 word3 word4 word5 word6 word7 word8 word9 word0 word1 word2 word3 word4 word5 word6 word7 word8 word9 word0 word1 word2 word3 word4 word5 word6 word7 word8
word9 word0 word1 word2 word3 word4 word5 word6 word7 word8 word9 word0 word1 word2 word3 word4 word5 word6 word7 word8 word9 word0 word1 word2 word3 word4 word5 word6 word7 word8 word9 word0 word1
word2 word3 word4 word5 word6 word7 word8 word9 word0 word1 word2 word3 word4 word5 word6 word7 word8 word9 word0 word1 word2 word3 word4 word5 word6 word7 word8 word9 word0 word1 word2 word3 word4
word5 word6 word7 word8 word9 word0 word1 word2 word3 word4 word5 word6 word7 word8 word9 word0 word1 word2 word3 word4 word5 word6 word7 word8 word9 word0 word1 word2 word3 word4 word5 word6 word7
word8 word9 word0 word1 word2 word3 word4 word5 word6 word7 word8 word9 word0 word1 word2 word3 word4 word5 word6 word7 word8 word9 word0 word1 word2 word3 word4 word5 word6 word7 word8 word9 word0
word1 word2 word3 word4 word5 word6 word7 word8 word9 word0 word1 word2 word3 word4 word5 word6 word7 word8 word9 word0 word1 word2 word3 word4 word5 word6 word7 word8 word9 word0 word1 word2 word3
word4 word5 word6 word7 word8 word9 word0 word1 word2 word3 word4 word5 word6 word7 word8 word9 word0 word1 word2 word3 word4 word5 word6 word7 word8 word9 word0 word1 word2 word3 word4 word5 word6
word7 word8 word9 word0 word1 word2 word3 word4 word5 word6 word7 word8 word9 word0 word1 word2 word3 word4 word5 word6 word7 word8 word9 word0 word1 word2 word3 word4 word5 word6 word7 word8 word9
word0 word1 word2 word3 word4 word5 word6 word7 word8 word9 word0 word1 word2 word3 word4 word5 word6 word7 word8 word9 word0 word1 word2 word3 word4 word5 word6 word7 word8 word9 word0 word1 word2
word3 word4 word5 word6 word7 word8 word9 word0 word1 word2 word3 word4 word5 word6 word7 word8 word9 word0 word1 word2 word3 word4 word5 word6 word7 word8 word9 word0 word1 word2 word3 word4 word5
word6 word7 word8 word9 word0 word1 word2 word3 word4 word5 word6 word7 word8 word9 word0 word1 word2 word3 word4 word5 word6 word7 word8 word9 word0 word1 word2 word3 word4 word5 word6 word7 word8
word9 word0 word1 word2 word3 word4 word5 word6 word7 word8 word9 word0 word1 word2 word3 word4 word5 word6 word7 word8 word9 word0 word1 word2 word3 word4 word5 word6 word7 word8 word9 word0 word1
word2 word3 word4 word5 word6 word7 word8 word9 word0 word1 word2 word3 word4 word5 word6 word7 word8 word9 word0 word1 word2 word3 word4 word5 word6 word7 word8 word9 word0 word1 word2 word3 word4
word5 word6 word7 word8 word9 word0 word1 word2 word3 word4 word5 word6 word7 word8 word9 word0 word1 word2 word3 word4 word5 word6 word7 word8 word9 word0 word1 word2 word3 word4 word5 word6 word7
word8 word9 word0 word1 word2 word3 word4 word5 word6 word7 word8 word9 word0 word1 word2 word3 word4 word5 word6 word7 word8 word9 word0 word1 word2 word3 word4 word5 word6 word7 word8 word9 word0
word1 word2 word3 word4 word5 word6 word7 word8 word9 word0 word1 word2 word3 word4 word5 word6 word7 word8 word9 word0 word1 word2 word3 word4 word5 word6 word7 word8 word9 word0 word1 word2 word3
word4 word5 word6 word7 word8 word9 word0 word1 word2 word3 word4 word5 word6 word7 word8 word9 word0 word1 word2 word3 word4 word5 word6 word7 word8 word9 word0 word1 word2 word3 word4 word5 word6
word7 word8 word9 word0 word1 word2 word3 word4 word5 word6 word7 word8 word9 word0 word1 word2 word3 word4 word5 word6 word7 word8 word9 word0 word1 word2 word3 word4 word5 word6 word7 word8 word9
word0 word1 word2 word3 word4 word5 word6 word7 word8 word9 word0 word1 word2 word3 word4 word5 word6 word7 word8 word9 word0 word1 word2 word3 word4 word5 word6 word7 word8 word9 word0 word1 word2
word3 word4 word5 word6 word7 word8 word9 word0 word1 word2 word3 word4 word5 word6 word7 word8 word9 word0 word1 word2 word3 word4 word5 word6 word7 word8 word9 word0 word1 word2 word3 word4 word5
word6 word7 word8 word9 word0 word1 word2 word3 word4 word5 word6 word7 word8 word9 word0 word1 word2 word3 word4 word5 word6 word7 word8 word9 word0 word1 word2 word3 word4 word5 word6 word7 word8
word9 word0 word1 word2 word3 word4 word5 word6 word7 word8 word9 word0 word1 word2 word3 word4 word5 word6 word7 word8 word9 word0 word1 word2 word3 word4 word5 word6 word7 word8 word9 word0 word1
word2 word3 word4 word5 word6 word7 word8 word9 word0 word1 word2 word3 word4 word5 word6 word7 word8 word9 word0 word1 word2 word3 word4 word5 word6 word7 word8 word9 word0 word1 word2 word3 word4
word5 word6 word7 word8 word9 word0 word1 word2 word3 word4 word5 word6 word7 word8 word9 word0 word1 word2 word3 word4 word5 word6 word7 word8 word9 word0 word1 word2 word3 word4 word5 word6 word7
word8 word9 word0 word1 word2 word3 word4 word5 word6 word7 word8 word9 word0 word1 word2 word3 word4 word5 word6 word7 word8 word9 word0 word1 word2 word3 word4 word5 word6 word7 word8 word9 word0
word1 word2 word3 word4 word5 word6 word7 word8 word9 word0 word1 word2 word3 word4 word5 word6 word7 word8 word9 word0 word1 word2 word3 word4 word5 word6 word7 word8 word9 word0 word1 word2 word3
word4 word5 word6 word7 word8 word9 word0 word1 word2 word3 word4 word5 word6 word7 word8 word9 word0 word1 word2 word3 word4 word5 word6 word7 word8 word9 word0 word1 word2 word3 word4 word5 word6
word7 word8 word9 word0 word1 word2 word3 word4 word5 word6 word7 word8 word9 word0 word1 word2 word3 word4 word5 word6 word7 word8 word9 word0 word1 word2 word3 word4 word5 word6 word7 word8 word9
word0 word1 word2 word3 word4 word5 word6 word7 word8 word9 word0 word1 word2 word3 word4 word5 word6 word7 word8 word9
word0 word1 word2 word3 word4 word5 word6 word7 word8 word9 word0 word1 word2 word3 word4 word5 word6 word7 word8 word9 word0 word1 word2 word3 word4 word5 word6 word7 word8 word9 word0 word1 word2
word3 word4 word5 word6 word7 word8 word9 word0 word1 word2 word3 word4 word5 word6 word7 word8 word9 word0 word1 word2 word3 word4 word5 word6 word7 word8 word9 word0 word1 word2 word3 word4 word5
word6 word7 word8 word9 word0 word1 word2 word3 word4 word5 word6 word7 word8 word9 word0 word1 word2 word3 word4 word5 word6 word7 word8 word9 word0 word1 word2 word3 word4 word5 word6 word7 word8
word9 word0 word1 word2 word3 word4 word5 word6 word7 word8 word9 word0 word1 word2 word3 word4 word5 word6 word7 word8 word9 word0 word1 word2 word3 word4 word5 word6 word7 word8 word9 word0 word1
word2 word3 word4 word5 word6 word7 word8 word9 word0 word1 word2 word3 word4 word5 word6 word7 word8 word9 word0 word1 word2 word3 word4 word5 word6 word7 word8 word9 word0 word1 word2 word3 word4
word5 word6 word7 word8 word9 word0 word1 word2 word3 word4 word5 word6 word7 word8 word9 word0 word1 word2 word3 word4 word5 word6 word7 word8 word9 word0 word1 word2 word3 word4 word5 word6 word7
word8 word9 word0 word1 word2 word3 word4 word5 word6 word7 word8 word9 word0 word1 word2 word3 word4 word5 word6 word7 word8 word9 word0 word1 word2 word3 word4 word5 word6 word7 word8 word9 word0
word1 word2 word3 word4 word5 word6 word7 word8 word9 word0 word1 word2 word3 word4 word5 word6 word7 word8 word9 word0 word1 word2 word3 word4 word5 word6 word7 word8 word9 word0 word1 word2 word3
word4 word5 word6 word7 word8 word9 word0 word1 word2 word3 word4 word5 word6 word7 word8 word9 word0 word1 word2 word3 word4 word5 word6 word7 word8 word9 word0 word1 word2 word3 word4 word5 word6
word7 word8 word9 word0 word1 word2 word3 word4 word5 word6 word7 word8 word9 word0 word1 word2 word3 word4 word5 word6 word7 word8 word9 word0 word1 word2 word3 word4 word5 word6 word7 word8 word9
word0 word1 word2 word3 word4 word5 word6 word7 word8 word9 word0 word1 word2 word3 word4 word5 word6 word7 word8 word9 word0 word1 word2 word3 word4 word5 word6 word7 word8 word9 word0 word1 word2
word3 word4 word5 word6 word7 word8 word9 word0 word1 word2 word3 word4 word5 word6 word7 word8 word9 word0 word1 word2 word3 word4 word5 word6 word7 word8 word9 word0 word1 word2 word3 word4 word5
word6 word7 word8 word9 word0 word1 word2 word3 word4 word5 word6 word7 word8 word9 word0 word1 word2 word3 word4 word5 word6 word7 word8 word9 word0 word1 word2 word3 word4 word5 word6 word7 word8
word9 word0 word1 word2 word3 word4 word5 word6 word7 word8 word9 word0 word1 word2 word3 word4 word5 word6 word7 word8 word9 word0 word1 word2 word3 word4 word5 word6 word7 word8 word9 word0 word1
word2 word3 word4 word5 word6 word7 word8 word9 word0 word1 word2 word3 word4 word5 word6 word7 word8 word9 word0 word1 word2 word3 word4 word5 word6 word7 word8 word9 word0 word1 word2 word3 word4
word5 word6 word7 word8 word9 word0 word1 word2 word3 word4 word5 word6 word7 word8 word9 word0 word1 word2 word3 word4 word5 word6 word7 word8 word9 word0 word1 word2 word3 word4 word5 word6 word7
word8 word9 word0 word1 word2 word3 word4 word5 word6 word7 word8 word9 word0 word1 word2 word3 word4 word5 word6 word7 word8 word9 word0 word1 word2 word3 word4 word5 word6 word7 word8 word9 word0
word1 word2 word3 word4 word5 word6 word7 word8 word9 word0 word1 word2 word3 word4 word5 word6 word7 word8 word9 word0 word1 word2 word3 word4 word5 word6 word7 word8 word9 word0 word1 word2 word3
word4 word5 word6 word7 word8 word9 word0 word1 word2 word3 word4 word5 word6 word7 word8 word9 word0 word1 word2 word3 word4 word5 word6 word7 word8 word9 word0 word1 word2 word3 word4 word5 word6
word7 word8 word9 word0 word1 word2 word3 word4 word5 word6 word7 word8 word9 word0 word1 word2 word3 word4 word5 word6 word7 word8 word9 word0 word1 word2 word3 word4 word5 word6 word7 word8 word9
word0 word1 word2 word3 word4 word5 word6 word7 word8 word9 word0 word1 word2 word3 word4 word5 word6 word7 word8 word9 word0 word1 word2 word3 word4 word5 word6 word7 word8 word9 word0 word1 word2
word3 word4 word5 word6 word7 word8 word9 word0 word1 word2 word3 word4 word5 word6 word7 word8 word9 word0 word1 word2 word3 word4 word5 word6 word7 word8 word9 word0 word1 word2 word3 word4 word5
word6 word7 word8 word9 word0 word1 word2 word3 word4 word5 word6 word7 word8 word9 word0 word1 word2 word3 word4 word5 word6 word7 word8 word9 word0 word1 word2 word3 word4 word5 word6 word7 word8
word9 word0 word1 word2 word3 word4 word5 word6 word7 word8 word9 word0 word1 word2 word3 word4 word5 word6 word7 word8 word9 word0 word1 word2 word3 word4 word5 word6 word7 word8 word9 word0 word1
word2 word3 word4 word5 word6 word7 word8 word9 word0 word1 word2 word3 word4 word5 word6 word7 word8 word9 word0 word1 word2 word3 word4 word5 word6 word7 word8 word9 word0 word1 word2 word3 word4
word5 word6 word7 word8 word9 word0 word1 word2 word3 word4 word5 word6 word7 word8 word9 word0 word1 word2 word3 word4 word5 word6 word7 word8 word9 word0 word1 word2 word3 word4 word5 word6 word7
word8 word9 word0 word1 word2 word3 word4 word5 word6 word7 word8 word9 word0 word1 word2 word3 word4 word5 word6 word7 word8 word9 word0 word1 word2 word3 word4 word5 word6 word7 word8 word9 word0
word1 word2 word3 word4 word5 word6 word7 word8 word9 word0 word1 word2 word3 word4 word5 word6 word7 word8 word9 word0 word1 word2 word3 word4 word5 word6 word7 word8 word9 word0 word1 word2 word3
word4 word5 word6 word7 word8 word9 word0 word1 word2 word3 word4 word5 word6 word7 word8 word9 word0 word1 word2 word3 word4 word5 word6 word7 word8 word9 word0 word1 word2 word3 word4 word5 word6
word7 word8 word9 word0 word1 word2 word3 word4 word5 word6 word7 word8 word9 word0 word1 word2 word3 word4 word5 word6 word7 word8 word9 word0 word1 word2 word3 word4 word5 word6 word7 word8 word9
word0 word1 word2 word3 word4 word5 word6 word7 word8 word9 word0 word1 word2 word3 word4 word5 word6 word7 word8 word9 word0 word1 word2 word3 word4 word5 word6 word7 word8 word9 word0 word1 word2
word3 word4 word5 word6 word7 word8 word9 word0 word1 word2 word3 word4 word5 word6 word7 word8 word9 word0 word1 word2 word3 word4 word5 word6 word7 word8 word9 word0 word1 word2 word3 word4 word5
word6 word7 word8 word9 word0 word1 word2 word3 word4 word5 word6 word7 word8 word9 word0 word1 word2 word3 word4 word5 word6 word7 word8 word9 word0 word1 word2 word3 word4 word5 word6 word7 word8
word9 word0 word1 word2 word3 word4 word5 word6 word7 word8 word9 word0 word1 word2 word3 word4 word5 word6 word7 word8 word9 word0 word1 word2 word3 word4 word5 word6 word7 word8 word9 word0 word1
word2 word3 word4 word5 word6 word7 word8 word9 word0 word1 word2 word3 word4 word5 word6 word7 word8 word9 word0 word1 word2 word3 word4 word5 word6 word7 word8 word9 word0 word1 word2 word3 word4
word5 word6 word7 word8 word9 word0 word1 word2 word3 word4 word5 word6 word7 word8 word9 word0 word1 word2 word3 word4 word5 word6 word7 word8 word9 word0 word1 word2 word3 word4 word5 word6 word7
word8 word9 word0 word1 word2 word3 word4 word5 word6 word7 word8 word9 word0 word1 word2 word3 word4 word5 word6 word7 word8 word9 word0 word1 word2 word3 word4 word5 word6 word7 word8 word9 word0
word1 word2 word3 word4 word5 word6 word7 word8 word9 word0 word1 word2 word3 word4 word5 word6 word7 word8 word9 word0 word1 word2 word3 word4 word5 word6 word7 word8 word9 word0 word1 word2 word3
word4 word5 word6 word7 word8 word9 word0 word1 word2 word3 word4 word5 word6 word7 word8 word9 word0 word1 word2 word3 word4 word5 word6 word7 word8 word9 word0 word1 word2 word3 word4 word5 word6
word7 word8 word9 word0 word1 word2 word3 word4 word5 word6 word7 word8 word9 word0 word1 word2 word3 word4 word5 word6 word7 word8 word9 word0 word1 word2 word3 word4 word5 word6 word7 word8 word9
word0 word1 word2 word3 word4 word5 word6 word7 word8 word9 word0 word1 word2 word3 word4 word5 word6 word7 word8 word9 word0 word1 word2 word3 word4 word5 word6 word7 word8 word9 word0 word1 word2
word3 word4 word5 word6 word7 word8 word9 word0 word1 word2 word3 word4 word5 word6 word7 word8 word9 word0 word1 word2 word3 word4 word5 word6 word7 word8 word9 word0 word1 word2 word3 word4 word5
word6 word7 word8 word9 word0 word1 word2 word3 word4 word5 word6 word7 word8 word9 word0 word1 word2 word3 word4 word5 word6 word7 word8 word9 word0 word1 word2 word3 word4 word5 word6 word7 word8
word9 word0 word1 word2 word3 word4 word5 word6 word7 word8 word9 word0 word1 word2 word3 word4 word5 word6 word7 word8 word9 word0 word1 word2 word3 word4 word5 word6 word7 word8 word9 word0 word1
word2 word3 word4 word5 word6 word7 word8 word9 word0 word1 word2 word3 word4 word5 word6 word7 word8 word9 word0 word1 word2 word3 word4 word5 word6 word7 word8 word9 word0 word1 word2 word3 word4
word5 word6 word7 word8 word9 word0 word1 word2 word3 word4 word5 word6 word7 word8 word9 word0 word1 word2 word3 word4 word5 word6 word7 word8 word9 word0 word1 word2 word3 word4 word5 word6 word7
word8 word9 word0 word1 word2 word3 word4 word5 word6 word7 word8 word9 word0 word1 word2 word3 word4 word5 word6 word7 word8 word9 word0 word1 word2 word3 word4 word5 word6 word7 word8 word9 word0
word1 word2 word3 word4 word5 word6 word7 word8 word9 word0 word1 word2 word3 word4 word5 word6 word7 word8 word9 word0 word1 word2 word3 word4 word5 word6 word7 word8 word9 word0 word1 word2 word3
word4 word5 word6 word7 word8 word9 word0 word1 word2 word3 word4 word5 word6 word7 word8 word9 word0 word1 word2 word3 word4 word5 word6 word7 word8 word9 word0 word1 word2 word3 word4 word5 word6
word7 word8 word9 word0 word1 word2 word3 word4 word5 word6 word7 word8 word9 word0 word1 word2 word3 word4 word5 word6 word7 word8 word9 word0 word1 word2 word3 word4 word5 word6 word7 word8 word9
word0 word1 word2 word3 word4 word5 word6 word7 word8 word9 word0 word1 word2 word3 word4 word5 word6 word7 word8 word9 word0 word1 word2 word3 word4 word5 word6 word7 word8 word9 word0 word1 word2
word3 word4 word5 word6 word7 word8 word9 word0 word1 word2 word3 word4 word5 word6 word7 word8 word9 word0 word1 word2 word3 word4 word5 word6 word7 word8 word9 word0 word1 word2 word3 word4 word5
word6 word7 word8 word9 word0 word1 word2 word3 word4 word5 word6 word7 word8 word9 word0 word1 word2 word3 word4 word5 word6 word7 word8 word9 word0 word1 word2 word3 word4 word5 word6 word7 word8
word9 word0 word1 word2 word3 word4 word5 word6 word7 word8 word9 word0 word1 word2 word3 word4 word5 word6 word7 word8 word9 word0 word1 word2 word3 word4 word5 word6 word7 word8 word9 word0 word1
word2 word3 word4 word5 word6 word7 word8 word9 word0 word1 word2 word3 word4 word5 word6 word7 word8 word9 word0 word1 word2 word3 word4 word5 word6 word7 word8 word9 word0 word1 word2 word3 word4
word5 word6 word7 word8 word9 word0 word1 word2 word3 word4 word5 word6 word7 word8 word9 word0 word1 word2 word3 word4 word5 word6 word7 word8 word9 word0 word1 word2 word3 word4 word5 word6 word7
word8 word9 word0 word1 word2 word3 word4 word5 word6 word7 word8 word9 word0 word1 word2 word3 word4 word5 word6 word7 word8 word9 word0 word1 word2 word3 word4 word5 word6 word7 word8 word9 word0
word1 word2 word3 word4 word5 word6 word7 word8 word9 word0 word1 word2 word3 word4 word5 word6 word7 word8 word9 word0 word1 word2 word3 word4 word5 word6 word7 word8 word9 word0 word1 word2 word3
word4 word5 word6 word7 word8 word9 word0 word1 word2 word3 word4 word5 word6 word7 word8 word9 word0 word1 word2 word3 word4 word5 word6 word7 word8 word9 word0 word1 word2 word3 word4 word5 word6
word7 word8 word9 word0 word1 word2 word3 word4 word5 word6 word7 word8 word9 word0 word1 word2 word3 word4 word5 word6 word7 word8 word9 word0 word1 word2 word3 word4 word5 word6 word7 word8 word9
word0 word1 word2 word3 word4 word5 word6 word7 word8 word9 word0 word1 word2 word3 word4 word5 word6 word7 word8 word9

Notes:
note note note note note note note note note note note note note note note note note note note note note note note note note note note note note note note note note note note note note note note note
note note note note note note note note note note note note note note note note note note note note note note note note note note note note note note note note note note note note note note note note
note note note note note note note note note note note note note note note note note note note note note note note note note note note note note note note note note note note note note note note note
note note note note note note note note note note note note note note note note note note note note note note note note note note note note note note note note note note note note note note note note
note note note note note note note note note note note note note note note note note note note note note note note note note note note note note note note note note note note note note note note note
note note note note note note note note note note note note note note note note note note note note note note note note note note note note note note note note note note note note note note note note
note note note note note note note note note note note note note note note note note note note note note note note note note note note note note note note note note note note note note note note note
note note note note note note note note note note note note note note note note note note note note note note note note note note note note note note note note note note note note note note note note
note note note note note note note note note note note note note note note note note note note note note note note note note note note note note note note note note note note note note note note note
note note note note note note note note note note note note note note note note note note note note note note note note note note note note note note note note note note note note note note note note
note note note note note note note note note note note note note note note note note note note note note note note note note note note note note note note note note note note note note note note note
note note note note note note note note note note note note note note note note note note note note note note note note note note note note note note note note note note note note note note note note
note note note note note note note note note note note note note note note note note note note note note note note note note note note note note note note note note note note note note note note note
note note note note note note note note note note note note note note note note note note note note note note note note note note note note note note note note note note note note note note note note
note note note note note note note note note note note note note note note note note note note note note note note note note note note note note note note note note note note note note note note note
note note note note note note note note note note note note note note note note note note note note note note note note note note note note note note note note note note note note note note note note
note note note note note note note note note note note note note note note note note note note note note note note note note note note note note note note note note note note note note note note note
note note note note note note note note note note note note note note note note note note note note note note note note note note note note note note note note note note note note note note note note
note note note note note note note note note note note note note note note note note note note note note note note note note note note note note note note note note note note note note note note note
note note note note note note note note note note note note note note note note note note note note note note note note note note note note note note note note note note note note note note note note
note note note note note note note note note note note note note note note note note note note note note note note note note note note note note note note note note note note note note note note note
note note note note note note note note note note note note note note note note note note note note note note note note note note note note note note note note note note note note note note note note
note note note note note note note note note note note note note note note note note note note note note note note note note note note note note note note note note note note note note note note note
note note note note note note note note note note note note note note note note note note note note note note note note note note note note note note note note note note note note note note note note
note note note note note note note note note note note note note note note note note note note note note note note note note note note note note note note note note note note note note note note note
note note note note note note note note note note note note note note note note note note note note note note note note note note note note note note note note note note note note note note note note
note note note note note note note note note note note note note note note note note note note note note note note note note note note note note note note note note note note note note note note note
note note note note note note note note note note note note note note note note note note note note note note note note note note note note note note note note note note note note note note note note
note note note note note note note note note note note note note note note note note note note note note note note note note note note note note note note note note note note note note note note note
note note note note note note note note note note note note note note note note note note note note note note note note note note note note note note note note note note note note note note note note
note note note note note note note note note note note note note note note note note note note note note note note note note note note note note note note note note note note note note note note note
note note note note note note note note note note note note note note note note note note note note note note note note note note note note note note note note note note note note note note note note
note note note note note note note note note note note note note note note note note note note note note note note note note note note note note note note note note note note note note note note note
note note note note note note note note note note note note note note note note note note note note note note note note note note note note note note note note note note note note note note note note
note note note note note note note note note note note note note note note note note note note note note note note note note note note note note note note note note note note note note note note note
note note note note note note note note note note note note note note note note note note note note note note note note note note note note note note note note note note note note note note note note
note note note note note note note note note note note note note note note note note note note note note note note note note note note note note note note note note note note note note note note note
note note note note note note note note note note note note note note note note note note note note note note note note note note note note note note note note note note note note note note note note
note note note note note note note note note note note note note note note note note note note note note note note note note note note note note note note note note note note note note note note note
note note note note note note note note note note note note note note note note note note note note note note note note note note note note note note note note note note note note note note note note
note note note note note note note note note note note note note note note note note note note note note note note note note note note note note note note note note note note note note note note note
note note note note note note note note note note note note note note note note note note note note note note note note note note note note note note note note note note note note note note note note
note note note note note note note note note note note note note note note note note note note note note note note note note note note note note note note note note note note note note note note note
note note note note note note note note note note note note note note note note note note note note note note note note note note note note note note note note note note note note note note note note
note note note note note note note note note note note note note note note note note note note note note note note note note note note note note note note note note note note note note note note note
note note note note note note note note note note note note note note note note note note note note note note note note note note note note note note note note note note note note note note note note
note note note note note note note note note note note note note note note note note note note note note note note note note note note note note note note note note note note note note note note note
note note note note note note note note note note note note note note note note note note note note note note note note note note note note note note note note note note note note note note note note
note note note note note note note note note note note note note note note note note note note note note note note note note note note note note note note note note note note note note note note note
note note note note note note note note note note note note note note note note note note note note note note note note note note note note note note note note note note note note note note note note
note note note note note note note note note note note note note note note note note note note note note note note note note note note note note note note note note note note note note note note note
note note note note note note note note note note note note note note note note note note note note note note note note note note note note note note note note note note note note note note note note
note note note note note note note note note note note note note note note note note note note note note note note note note note note note note note note note note note note note note note note note
note note note note note note note note note note note note note note note note note note note note note note note note note note note note note note note note note note note note note note note note
note note note note note note note note note note note note note note note note note note note note note note note note note note note note note note note note note note note note note note note note
note note note note note note note note note note note note note note note note note note note note note note note note note note note note note note note note note note note note note note note note
note note note note note note note note note note note note note note note note note note note note note note note note note note note note note note note note note note note note note note note note
note note note note note note note note note note note note note note note note note note note note note note note note note note note note note note note note note note note note note note note note
note note note note note note note note note note note note note note note note note note note note note note note note note note note note note note note note note note note note note note note note
note note note note note note note note note note note note note note note note note note note note note note note note note note note note note note note note note note note note note note note note
note note note note note note note note note note note note note note note note note note note note note note note note note note note note note note note note note note note note note note note note
note note note note note note note note note note note note note note note note note note note note note note note note note note note note note note note note note note note note note note note note
note note note note note note note note note note note note note note note note note note note note note note note note note note note note note note note note note note note note note note note note
note note note note note note note note note note note note note note note note note note note note note note note note note note note note note note note note note note note note note note note note
note note note note note note note note note note note note note note note note note note note note note note note note note note note note note note note note note note note note note note note note
note note note note note note note note note note note note note note note note note note note note note note note note note note note note note note note note note note note note note note note note
note note note note note note note note note note note note note note note note note note note note note note note note note note note note note note note note note note note note note note note note
note note note note note note note note note note note note note note note note note note note note note note note note note note note note note note note note note note note note note note note note
note note note note note note note note note note note note note note note note note note note note note note note note note note note note note note note note note note note note note note note note
note note note note note note note note note note note note note note note note note note note note note note note note note note note note note note note note note note note note note note note note
note note note note note note note note note note note note note note note note note note note note note note note note note note note note note note note note note note note note note note note note
note note note note note note note note note note note note note note note note note note note note note note note note note note note note note note note note note note note note note note note note
note note note note note note note note note note note note note note note note note note note note note note note note note note note note note note note note note note note note note note note note
note note note note note note note note note note note note note note note note note note note note note note note note note note note note note note note note note note note note note note note note
note note note note note note note note note note note note note note note note note note note note note note note note note note note note note note note note note note note note note note note note
note note note note note note note note note note note note note note note note note note note note note note note note note note note note note note note note note note note note note note note note
note note note note note note note note note note note note note note note note note note note note note note note note note note note note note note note note note note note note note note note note
note note note note note note note note note note note note note note note note note note note note note note note note note note note note note note note note note note note note note note note note
note note note note note note note note note note note note note note note note note note note note note note note note note note note note note note note note note note note note note note note note
note note note note note note note note note note note note note note note note note note note note note note note note note note note note note note note note note note note note note note note note
note note note note note note note note note note note note note note note note note note note note note note note note note note note note note note note note note note note note note note note note
note note note note note note note note note note note note note note note note note note note note note note note note note note note note note note note note note note note note note note note note
note note note note note note note note note note note note note note note note note note note note note note note note note note note note note note note note note note note note note note note note
note note note note note note note note note note note note note note note note note note note note note note note note note note note note note note note note note note note note note note note note
note note note note note note note note note note note note note note note note note note note note note note note note note note note note note note note note note note note note note note note note
note note note note note note note note note note note note note note note note note note note note note note note note note note note note note note note note note note note note note note note note
note note note note note note note note note note note note note note note note note note note note note note note note note note note note note note note note note note note note note note note note
note note note note note note note note note note note note note note note note note note note note note note note note note note note note note note note note note note note note note note note note
note note note note note note note note note note note note note note note note note note note note note note note note note note note note note note note note note note note note note note note note
note note note note note note note note note note note note note note note note note note note note note note note note note note note note note note note note note note note note note note note note
note note note note note note note note note note note note note note note note note note note note note note note note note note note note note note note note note note note note note note note note
note note note note note note note note note note note note note note note note note note note note note note note note note note note note note note note note note note note note note note note note
note note note note note note note note note note note note note note note note note note note note note note note note note note note note note note note note note note note note note note note note
note note note note note note note note note note note note note note note note note note note note note note note note note note note note note note note note note note note note note note note note
note note note note note note note note note note note note note note note note note note note note note note note note note note note note note note note note note note note note note note note note
note note note note note note note note note note note note note note note note note note note note note note note note note note note note note note note note note note note note note note note note
note note note note note note note note note note note note note note note note note note note note note note note note note note note note note note note note note note note note note note note note
note note note note note note note note note note note note note note note note note note note note note note note note note note note note note note note note note note note note note note note note
note note note note note note note note note note note note note note note note note note note note note note note note note note note note note note note note note note note note note note note note
note note note note note note note note note note note note note note note note note note note note note note note note note note note note note note note note note note note note note note note note
note note note note note note note note note note note note note note note note note note note note note note note note note note note note note note note note note note note note note note note note
note note note note note note note note note note note note note note note note note note note note note note note note note note note note note note note note note note note note note note note note
note note note note note note note note note note note note note note note note note note note note note note note note note note note note note note note note note note note note note note note note
note note note note note note note note note note note note note note note note note note note note note note note note note note note note note note note note note note note note note note note note
note note note note note note note note note note note note note note note note note note note note note note note note note note note note note note note note note note note note note note note note
note note note note note note note note note note note note note note note note note note note note note note note note note note note note note note note note note note note note note note note note
note note note note note note note note note note note note note note note note note note note note note note note note note note note note note note note note note note note note note note note note
note note note note note note note note note note note note note note note note note note note note note note note note note note note note note note note note note note note note note note note note
note note note note note note note note note note note note note note note note note note note note note note note note note note note note note note note note note note note note note note note note
note note note note note note note note note note note note note note note note note note note note note note note note note note note note note note note note note note note note note note note note
note note note note note note note note note note note note note note note note note note note note note note note note note note note note note note note note note note note note note note note note
note note note note note note note note note note note note note note note note note note note note note note note note note note note note note note note note note note note note note note note note
note note note note note note note note note note note note note note note note note note note note note note note note note note note note note note note note note note note note note note note note
note note note note note note note note note note note note note note note note note note note note note note note note note note note note note note note note note note note note note note note note
note note note note note note note note note note note note note note note note note note note note note note note note note note note note note note note note note note note note note note note note
note note note note note note note note note note note note note note note note note note note note note note note note note note note note note note note note note note note note note note note note
note note note note note note note note note note note note note note note note note note note note note note note note note note note note note note note note note note note note note note note note
note note note note note note note note note note note note note note note note note note note note note note note note note note note note note note note note note note note note note note note note
note note note note note note note note note note note note note note note note note note note note note note note note note note note note note note note note note note note note note note note note
note note note note note note note note note note note note note note note note note note note note note note note note note note note note note note note note note note note note note note note note
note note note note note note note note note note note note note note note note note note note note note note note note note note note note note note note note note note note note note note note note
note note note note note note note note note note note note note note note note note note note note note note note note note note note note note note note note note note note note note note note note
note note note note note note note note note note note note note note note note note note note note note note note note note note note note note note note note note note note note note note note note
note note note note note note note note note note note note note note note note note note note note note note note note note note note note note note note note note note note note note note note note
note note note note note note note note note note note note note note note note note note note note note note note note note note note note note note note note note note note note note note note note
note note note note note note note note note note note note note note note note note note note note note note note note note note note note note note note note note note note note note note note note
note note note note note note note note note note note note note note note note note note note note note note note note note note note note note note note note note note note note note note note note
note note note note note note note note note note note note note note note note note note note note note note note note note note note note note note note note note note note note note note note note
note note note note note note note note note note note note note note note note note note note note note note note note note note note note note note note note note note note note note note note note
note note note note note note note note note note note note note note note note note note note note note note note note note note note note note note note note note note note note note note note note
note note note note note note note note note note note note note note note note note note note note note note note note note note note note note note note note note note note note note note note note
note note note note note note note note note note note note note note note note note note note note note note note note note note note note note note note note note note note note note note note note
note note note note note note note note note note note note note note note note note note note note note note note note note note note note note note note note note note note note note note note note
note note note note note note note note note note note note note note note note note note note note note note note note note note note note note note note note note note note note note note note note
note note note note note note note note note note note note note note note note note note note note note note note note note note note note note note note note note note note note note note note note
note note note note note note note note note note note note note note note note note note note note note note note note note note note note note note note note note note note note note note note note
note note note note note note note note note note note note note note note note note note note note note note note note note note note note note note note note note note note note note note note note
note note note note note note note note note note note note note note note note note note note note note note note note note note note note note note note note note note note note note note note note
note note note note note note note note note note note note note note note note note note note note note note note note note note note note note note note note note note note note note note note note
note note note note note note note note note note note note note note note note note note note note note note note note note note note note note note note note note note note note note note note note
note note note note note note note note note note note note note note note note note note note note note note note note note note note note note note note note note note note note note note note note
note note note note note note note note note note note note note note note note note note note note note note note note note note note note note note note note note note note note note note note note
note note note note note note note note note note note note note note note note note note note note note note note note note note note note note note note note note note note note note note note note
note note note note note note note note note note note note note note note note note note note note note note note note note note note note note note note note note note note note note note note note
note note note note note note note note note note note note note note note note note note note note note note note note note note note note note note note note note note note note note note note note
note note note note note note note note note note note note note note note note note note note note note note note note note note note note note note note note note note note note note note note note
note note note note note note note note note note note note note note note note note note note note note note note note note note note note note note note note note note note note note note note note
note note note note note note note note note note note note note note note note note note note note note note note note note note note note note note note note note note note note note note note note
note note note note note note note note note note note note note note note note note note note note note note note note note note note note note note note note note note note note note note note note
note note note note note note note note note note note note note note note note note note note note note note note note note note note note note note note note note note note note note note note note
note note note note note note note note note note note note note note note note note note note note note note note note note note note note note note note note note note note note note note note note
note note note note note note note note note note note note note note note note note note note note note note note note note note note note note note note note note note note note note note note note
note note note note note note note note note note note note note note note note note note note note note note note note note note note note note note note note note note note note note note note note
note note note note note note note note note note note note note note note note note note note note note note note note note note note note note note note note note note note note note note note note
note note note note note note note note note note note note note note note note note note note note note note note note note note note note note note note note note note note note note note note note
note note note note note note note note note note note note note note note note note note note note note note note note note note note note note note note note note note note note note note note note
note note note note note note note note note note note note note note note note note note note note note note note note note note note note note note note note note note note note note note note note
note note note note note note note note note note note note note note note note note note note note note note note note note note note note note note note note note note note note note note note note
note note note note note note note note note note note note note note note note note note note note note note note note note note note note note note note note note note note note note note note note
note note note note note note note note note note note note note note note note note note note note note note note note note note note note note note note note note note note note note note note note
note note note note note note note note note note note note note note note note note note note note note note note note note note note note note note note note note note note note note note note note
note note note note note note note note note note note note note note note note note note note note note note note note note note note note note note note note note note note note note note note note
note note note note note note note note note note note note note note note note note note note note note note note note note note note note note note note note note note note note note note note note
note note note note note note note note note note note note note note note note note note note note note note note note note note note note note note note note note note note note note note note note
note note note note note note note note note note note note note note note note note note note note note note note note note note note note note note note note note note note note note note note note
note note note note note note note note note note note note note note note note note note note note note note note note note note note note note note note note note note note note note note note note
note note note note note note note note note note note note note note note note note note note note note note note note note note note note note note note note note note note note note note note note
note note note note note note note note note note note note note note note note note note note note note note note note note note note note note note note note note note note note note note note note
note note note note note note note note note note note note note note note note note note note note note note note note note note note note note note note note note note note note note note note note
note note note note note note note note note note note note note note note note note note note note note note note note note note note note note note note note note note note note note note note note
note note note note note note note note note note note note note note note note note note note note note note note note note note note note note note note note note note note note note note note note
note note note note note note note note note note note note note note note note note note note note note note note note note note note note note note note note note note note note note note note note
note note note note note note note note note note note note note note note note note note note note note note note note note note note note note note note note note note note note note note note note
note note note note note note note note note note note note note note note note note note note note note note note note note note note note note note note note note note note note note note note note
note note note note note note note note note note note note note note note note note note note note note note note note note note note note note note note note note note note note note note note note
note note note note note note note note note note note note note note note note note note note note note note note note note note note note note note note note note note note note note note note note
note note note note note note note note note note note note note note note note note note note note note note note note note note note note note note note note note note note note note note note note
note note note note note note note note note note note note note note note note note note note note note note note note note note note note note note note note note note note note note note note note
note note note note note note note note note note note note note note note note note note note note note note note note note note note note note note note note note note note note note note note note
note note note note note note note note note note note note note note note note note note note note note note note note note note note note note note note note note note note note note note note note
note note note note note note note note note note note note note note note note note note note note note note note note note note note note note note note note note note note note note note note note
note note note note note note note note note note note note note note note note note note note note note note note note note note note note note note note note note note note note note note note note
note note note note note note note note note note note note note note note note note note note note note note note note note note note note note note note note note note note note note note note note
note note note note note note note note note note note note note note note note note note note note note note note note note note note note note note note note note note note note note note note note
note note note note note note note note note note note note note note note note note note note note note note note note note note note note note note note note note note note note note note note note
note note note note note note note note note note note note note note note note note note note note note note note note note note note note note note note note note note note note note note note note
note note note note note note note note note note note note note note note note note note note note note note note note note note note note note note note note note note note note note note note note
note note note note note note note note note note note note note note note note note note note note note note note note note note note note note note note note note note note note note note note note
note note note note note note note note note note note note note note note note note note note note note note note note note note note note note note note note note note note note note note note note
note note note note note note note note note note note note note note note note note note note note note note note note note note note note note note note note note note note note note note note note
note note note note note note note note note note note note note note note note note note note note note note note note note note note note note note note note note note note note note note note note
note note note note note note note note note note note note note note note note note note note note note note note note note note note note note note note note note note note note note note note note
note note note note note note note note note note note note note note note note note note note note note note note note note note note note note note note note note note note note note note note note
note note note note note note note note note note note note note note note note note note note note note note note note note note note note note note note note note note note note note note note note
note note note note note note note note note note note note note note note note note note note note note note note note note note note note note note note note note note note note note note note note
note note note note note note note note note note note note note note note note note note note note note note note note note note note note note note note note note note note note note note note note
note note note note note note note note note note note note note note note note note note note note note note note note note note note note note note note note note note note note note note note note
note note note note note note note note note note note note note note note note note note note note note note note note note note note note note note note note note note note note note note note note
note note note note note note note note note note note note note note note note note note note note note note note note note note note note note note note note note note note note note note note note
note note note note note note note note note note note note note note note note note note note note note note note note note note note note note note note note note note note note note note note note

Dependencies:
  -> proj-b1 (blocks) - Short word

Comments:
  [2026-01-01 10:00 UTC] tester: say say say say say say say say say say say say say say say say say say say say say say say say say say say say say say say say say say say say say say say say say say say say say say say say say say
say say say say say say say say say say say say say say say say say say say say say say say say say say say say say say say say say say say say say say say say say say say say say say say say say say
say say say say say say say say say say say say say say say say say say say say say say say say say say say say say say say say say say say say say say say say say say say say say say say say say say
say say say say say say say say say say say say say say say say say say say say say say say say say say say say say say say say say say say say say say say say say say say say say say say say say say
say say say say say say say say say say say say say say say say say say say say say say say say say say say say say say say say say say say say say say say say say say say say say say say say say say
say say say say say say say say say say say say say say say say say say say say say say say say say say say say say say say say say say say say say say say say say say say say say say say say say say
say say say say say say say say say say say say say say say say say say say say say say say say say say say say say say say say say say say say say say say say say say say say say say say say say say
say say say say say say say say say say say say say say say say say say say say say say say say say say say say say say say say say say say say say say say say say say say say say say say say say say
say say say say say say say say say say say say say say say say say say say say say say say say say say say say say say say say say say say say say say say say say say say say say say say say say say
say say say say say say say say say say say say say say say say say say say say say say say say say say say say say say say say say say say say say say say say say say say say say say say say say say
say say say say say say say say say say say say say say say say say say say say say say say say say say say say say say say say say say say say say say say say say say say say say say say say say say
say say say say say say say say say say say say say say say say say say say say say say say say say say say say say say say say say say say say say say say say say say say say say say say say say say
say say say say say say say say say say say say say say say say say say say say say say say say say say say say say say say say say say say say say say say say say say say say say say say say say say
say say say say say say say say say say say say say say say say say say say say say say say say say say say say say say say say say say say say say say say say say say say say say say say say say say
say say say say say say say say say say say say say say say say say say say say say say say say say say say say say say say say say say say say say say say say say say say say say say say say say say
say say say say say say say say say say say say say say say say say say say say say say say say say say say say say say say say say say say say say say say say say say say say say say say say say say
say say say say say say say say say say say say say say say say say say say say say say say say say say say say say say say say say say say say say say say say say say say say say say say say say say
say say say say say say say say say say say say say say say say say say say say say say say say say say say say say say say say say say say say say say say say say say say say say say say say say say
say say say say say say say say say say say say say say say say say say say say say say say say say say say say say say say say say say say say say say say say say say say say say say say say say say
say say say say say say say say say say say say say say say say say say say say say say say say say say say say say say say say say say say say say say say say say say say say say say say say say say
say say say say say say say say say say say say say say say say say say say say say say say say say say say say say say say say say say say say say say say say say say say say say say say say say say
say say say say say say say say say say say say say say say say say say say say say say say say say say say say say say say say say say say say say say say say say say say say say say say say say say
say say say say say say say say say say say say say say say say say say say say say say say say say say say say say say say say say say say say say say say say say say say say say say say say say say
say say say say say say say say say say say say say say say say say say say say say say say say say say say say say say say say say say say say say say say say say say say say say say say say say say
say say say say say say say say say say say say say say say say say say say say say say say say say say say say say say say say say say say say say say say say say say say say say say say say say say
say say say say say say say say say say say say say say say say say say say say say say say say say say say say say say say say say say say say say say say say say say say say say say say say say say
say say say say say say say say say say say say say say say say say say say say say say say say say say say say say say say say say say say say say say say say say say say say say say say say say say
say say say say say say say say say say say say say say say say say say say say say say say say say say say say say say say say say say say say say say say say say say say say say say say say say say
say say say say say say say say say say say say say say say say say say say say say say say say say say say say say say say say say say say say say say say say say say say say say say say say say say
say say say say say say say say say say say say say say say say say say say say say say say say say say say say say say say say say say say say say say say say say say say say say say say say say say
say say say say say say say say say say say say say say say say say say say say say say say say say say say say say say say say say say say say say say say say say say say say say say say say say say
say say say say say say say say say say say say say say say say say say say say say say say say say say say say say say say say say say say say say say say say say say say say say say say say say say
say say say say say say say say say say say say say say say say say say say say say say say say say say say say say say say say say say say say say say say say say say say say say say say say say say
say say say say say say say say say say say say say say say say say say say say say say say say say say say say say say say say say say say say say say say say say say say say say say say say say say
say say say say say say say say say say say say say say say say say say say say say say say say say say say say say say say say say say say say say say say say say say say say say say say say say say
say say say say say say say say say say say say say say say say say say say say say say say say say say say say say say say say say say say say say say say say say say say say say say say say say say
say say say say say say say say say say say say say say say say say say say say say say say say say say say say say say say say say say say say say say say say say say say say say say say say say say
say say say say say say say say say say say say say say say say say say say say say say say say say say say say say say say say say say say say say say say say say say say say say say say say say say
say say say say say say say say say say say say say say say say say say say say say say say say say say say say say say say say say say say say say say say say say say say say say say say say say say
say say say say say say say say say say say say say say say say say say say say say say say say say say say say say say say say say say say say say say say say say say say say say say say say say say
say say say say say say say say say say say say say say say say say say say say say say say say say say say say say say say say say say say say say say say say say say say say say say say say say say
say say say say say say say say say say say say say say say say say say say say say say say say say say say say say say say say say say say say say say say say say say say say say say say say say say
say say say say say say say say say say say say say say say say say say say say say say say say say say say say say say say say say say say say say say say say say say say say say say say say say say
say say say say say say say say say say say say say say say say say say say say say say say say say say say say say say say say say say say say say say say say say say say say say say say say say say
say say say say say say say say say say say say say say say say say say say say say say say say say say say say say say say say say say say say say say say say say say say say say say say say say say
say say say say say say say say say say say say say say say say say say say say say say say say say say say say say say say say say say say say say say say say say say say say say say say say say say
say say say say say say say say say say say say say say say say say say say say say say say say say say say say say say say say say say say say say say say say say say say say say say say say say say
say say say say say say say say say say say say say say say say say say say say say say say say say say say say say say say say say say say say say say say say say say say say say say say say say say
say say say say say say say say say say say say say say say say say say say say say say say say say say say say say say say say say say say say say say say say say say say say say say say say say say
say say say say say say say say say say say say say say say say say say say say say say say say say say say say say say say say say say say say say say say say say say say say say say say say say say
say say say say say say say say say say say say say say say say say say say say say say say say say say say say say say say say say say say say say say say say say say say say say say say say say say
say say say say say say say say say say say say say say say say say say say say say say say say say say say say say say say say say say say say say say say say say say say say say say say say say say
say say say say say say say say say say say say say say say say say say say say say say say say say say say say say say say say say say say say say say say say say say say say say say say say say say
say say say say say say say say say say say say say say say say say say say say say say say say say say say say say say say say say say say say say say say say say say say say say say say say say say
say say say say say say say say say say say say say say say say say say say say say say say say say say say say say say say say say say say say say say say say say say say say say say say say say say
say say say say say say say say say say say say say say say say say say say say say say say say say say say say say say say say say say say say say say say say say say say say say say say say say say
say say say say say say say say say say say say say say say say say say say say say say say say say say say say say say say say say say say say say say say say say say say say say say say say say say
say say say say say say say say say say say say say say say say say say say say say say say say say say say say say say say say say say say say say say say say say say say say say say say say say say
say say say say say say say say say say say say say say say say say say say say say say say say say say say say say say say say say say say say say say say say say say say say say say say say say say
say say say say say say say say say say say say say say say say say say say say say say say say say say say say say say say say say say say say say say say say say say say say say say say say say say
say say say say say say say say say say say say say say say say say say say say say say say say say say say say say say say say say say say say say say say say say say say say say say say say say say
say say say say say say say say say say say say say say say say say say say say say say say say say say say say say say say say say say say say say say say say say say say say say say say say say say
say say say say say say say say say say say say say say say say say say say say say say say say say say say say say say say say say say say say say say say say say say say say say say say say say say
say say say say say say say say say say say say say say say say say say say say say say say say say say say say say say say say say say say say say say say say say say say say say say say say say say
say say say say say say say say say say say say say say say say say say say say say say say say say say say say say say say say say say say say say say say say say say say say say say say say say say
say say say say say say say say say say say say say say say say say say say say say say say say say say say say say say say say say say say say say say say say say say say say say say say say say say
say say say say say say say say say say say say say say say say say say say say say say say say say say say say say say say say say say say say say say say say say say say say say say say say say say
say say say say say say say say say say say say say say say say say say say say say say say say say say say say say say say say say say say say say say say say say say say say say say say say say say
say say say say say say say say say say say say say say say say say say say say say say say say say say say say say say say say say say say say say say say say say say say say say say say say say say
say say say say say say say say say say say say say say say say say say say say say say say say say say say say say say say say say say say say say say say say say say say say say say say say say say
say say say say say say say say say say say say say say say say say say say say say say say say say say say say say say say say say say say say say say say say say say say say say say say say say say
say say say say say say say say say say say say say say say say say say say say say say say say say say say say say say say say say say say say say say say say say say say say say say say say say say
say say say say say say say say say say say say say say say say say say say say say say say say say say say say say say say say say say say say say say say say say say say say say say say say say say
say say say say say say say say say say say say say say say say say say say say say say say say say say say say say say say say say say say say say say say say say say say say say say say say say say
say say say say say say say say say say say say say say say say say say say say say say say say say say say say say say say say say say say say say say say say say say say say say say say say say say
say say say say say say say say say say say say say say say say say say say say say say say say say say say say say say say say say say say say say say say say say say say say say say say say say say
say say say say say say say say say say say say say say say say say say say say say say say say say say say say say say say say say say say say say say say say say say say say say say say say say say
say say say say say say say say say say say say say say say say say say say say say say say say say say say say say say say say say say say say say say say say say say say say say say say say say say
say say say say say say say say say say say say say say say say say say say say say say say say say say say say say say say say say say say say say say say say say say say say say say say say say say
say say say say say say say say say say say say say say say say say say say say say say say say say say say say say say say say say say say say say say say say say say say say say say say say say say
say say say say say say say say say say say say say say say say say say say say say say say say say say say say say say say say say say say say say say say say say say say say say say say say say say
say say say say say say say say say say say say say say say say say say say say say say say say say say say say say say say say say say say say say say say say say say say say say say say say say say
say say say say say say say say say say say say say say say say say say say say say say say say say say say say say say say say say say say say say say say say say say say say say say say say say say
say say say say say say say say say say say say say say say say say say say say say say say say say say say say say say say say say say say say say say say say say say say say say say say say say say
say say say say say say say say say say say say say say say say say say say say say say say say say say say say say say say say say say say say say say say say say say say say say say say say say say
say say say say say say say say say say say say say say say say say say say say say say say say say say say say say say say say say say say say say say say say say say say say say say say say say say
say say say say say say say say say say say say say say say say say say say say say say say say say say say say say say say say say say say say say say say say say say say say say say say say say say
say say say say say say say say say say say say say say say say say say say say say say say say say say say say say say say say say say say say say say say say say say say say say say say say say say
say say say say say say say say say say say say say say say say say say say say say say say say say say say say say say say say say say say say say say say say say say say say say say say say say say
say say say say say say say say say say say say say say say say say say say say say say say say say say say say say say say say say say say say say say say say say say say say say say say say say say
say say say say say say say say say say say say say say say say say say say say say say say say say say say say say say say say say say say say say say say say say say say say say say say say say say
say say say say say say say say say say say say say say say say say say say say say say say say say say say say say say say say say say say say say say say say say say say say say say say say say say
say say say say say say say say say say say say say say say say say say say say say say say say say say say say say say say say say say say say say say say say say say say say say say say say say say
say say say say say say say say say say say say say say say say say say say say say say say say say say say say say say say say say say say say say say say say say say say say say say say say say say
say say say say say say say say say say say say say say say say say say say say say say say say say say say say say say say say say say say say say say say say say say say say say say say say say say
say say say say say say say say say say say say say say say say say say say say say say say say say say say say say say say say say say say say say say say say say say say say say say say say say say
say say say say say say say say say say say say say say say say say say say say say say say say say say say say say say say say say say say say say say say say say say say say say say say say say say
say say say say say say say say say say say say say say say say say say say say say say say say say say say say say say say say say say say say say say say say say say say say say say say say say say
say say say say say say say say say say say say say say say say say say say say say say say say say say say say say say say say say say say say say say say say say say say say say say say say say say
say say say say say say say say say say say say say say say say say say say say say say say say say say say say say say say say say say say say say say say say say say say say say say say say say say
say say say say say say say say say say say say say say say say say say say say say say say say say say say say say say say say say say say say say say say say say say say say say say say say say say
say say say say say say say say say say say say say say say say say say say say say say say say say say say say say say say say say say say say say say say say say say say say say say say say say say
say say say say say say say say say say say say say say say say say say say say say say say say say say say say say say say say say say say say say say say say say say say say say say say say say say
say say say say say say say say say say say say say say say say say say say say say say say say say say say say say say say say say say say say say say say say say say say say say say say say say say
say say say say say say say say say say say say say say say say say say say say say say say say say say say say say say say say say say say say say say say say say say say say say say say say say say
say say say say say say say say say say say say say say say say say say say say say say say say say say say say say say say say say say say say say say say say say say say say say say say say say say
say say say say say say say say say say say say say say say say say say say say say say say say say say say say say say say say say say say say say say say say say say say say say say say say say say
say say say say say say say say say say say say say say say say say say say say say say say say say say say say say say say say say say say say say say say say say say say say say say say say say say
say say say say say say say say say say say say say say say say say say say say say say say say say say say say say say say say say say say say say say say say say say say say say say say say say say
say say say say say say say say say say say say say say say say say say say say say say say say say say say say say say say say say say say say say say say say say say say say say say say say say say
say say say say say say say say say say say say say say say say say say say say say say say say say say say say say say say say say say say say say say say say say say say say say say say say say say
say say say say say say say say say say say say say say say say say say say say say say say say say say say say say say say say say say say say say say say say say say say say say say say say say say
say say say say say say say say say say say say say say say say say say say say say say say say say say say say say say say say say say say say say say say say say say say say say say say say say say
say say say say say say say say say say say say say say say say say say say say say say say say say say say say say say say say say say say say say say say say say say say say say say say say say say
say say say say say say say say say say say say say say say say say say say say say say say say say say say say say say say say say say say say say say say say say say say say say say say say say say
say say say say say say say say say say say say say say say say say say say say say say say say say say say say say say say say say say say say say say say say say say say say say say say say say say
say say say say say say say say say say say say say say say say say say say say say say say say say say say say say say say say say say say say say say say say say say say say say say say say say say
say say say say say say say say say say say say say say say say say say say say say say say say say say say say say say say say say say say say say say say say say say say say say say say say say say
say say say say say say say say say say say say say say say say say say say say say say say say say say say say say say say say say say say say say say say say say say say say say say say say say say
say say say say say say say say say say say say say say say say say say say say say say say say say say say say say say say say say say say say say say say say say say say say say say say say say say
say say say say say say say say say say say say say say say say say say say say say say say say say say say say say say say say say say say say say say say say say say say say say say say say say say
say say say say say say say say say say say say say say say say say say say say say say say say say say say say say say say say say say say say say say say say say say say say say say say say say say
say say say say say say say say say say say say say say say say say say say say say say say say say say say say say say say say say say say say say say say say say say say say say say say say say say
say say say say say say say say say say say say say say say say say say say say say say say say say say say say say say say say say say say say say say say say say say say say say say say say say say
say say say say say say say say say say say say say say say say say say say say say say say say say say say say say say say say say say say say say say say say say say say say say say say say say say
say say say say say say say say say say say say say say say say say say say say say say say say say say say say say say say say say say say say say say say say say say say say say say say say say say
say say say say say say say say say say say say say say say say say say say say say say say say say say say say say say say say say say say say say say say say say say say say say say say say say say
say say say say say say say say say say say say say say say say say say say say say say say say say say say say say say say say say say say say say say say say say say say say say say say say say say
say say say say say say say say say say say say say say say say say say say say say say say say say say say say say say say say say say say say say say say say say say say say say say say say say say
say say say say say say say say say say say say say say say say say say say say say say say say say say say say say say say say say say say say say say say say say say say say say say say say say say
say say say say say say say say say say say say say say say say say say say say say say say say say say say say say say say say say say say say say say say say say say say say say say say say say say
say say say say say say say say say say say say say say say say say say say say say say say say say say say say say say say say say say say say say say say say say say say say say say say say say say
say say say say say say say say say say say say say say say say say say say say say say say say say say say say say say say say say say say say say say say say say say say say say say say say say say
say say say say say say say say say say say say say say say say say say say say say say say say say say say say say say say say say say say say say say say say say say say say say say say say say say
say say say say say say say say say say say say say say say say say say say say say say say say say say say say say say say say say say say say say say say say say say say say say say say say say say
say say say say say say say say say say say say say say say say say say say say say say say say say say say say say say say say say say say say say say say say say say say say say say say say say say
say say say say say say say say say say say say say say say say say say say say say say say say say say say say say say say say say say say say say say say say say say say say say say say say say say
say say say say say say say say say say say say say say say say say say say say say say say say say say say say say say say say say say say say say say say say say say say say say say say say say say
say say say say say say say say say say say say say say say say say say say say say say say say say say say say say say say say say say say say say say say say say say say say say say say say say say
say say say say say say say say say say say say say say say say say say say say say say say say say say say say say say say say say say say say say say say say say say say say say say say say say say
say say say say say say say say say say say say say say say say say say say say say say say say say say say say say say say say say say say say say say say say say say say say say say say say say say
say say say say say say say say say say say say say say say say say say say say say say say say say say say say say say say say say say say say say say say say say say say say say say say say say say
say say say say say say say say say say say say say say say say say say say say say say say say say say say say say say say say say say say say say say say say say say say say say say say say say say
say say say say say say say say say say say say say say say say say say say say say say say say say say say say say say say say say say say say say say say say say say say say say say say say say say
say say say say say say say say say say say say say say say say say say say say say say say say say say say say say say say say say say say say say say say say say say say say say say say say say say
say say say say say say say say say say say say say say say say say say say say say say say say say say say say say say say say say say say say say say say say say say say say say say say say say say
say say say say say say say say say say say say say say say say say say say say say say say say say say say say say say say say say say say say say say say say say say say say say say say say say say
say say say say say say say say say say say say say say say say say say say say say say say say say say say say say say say say say say say say say say say say say say say say say say say say say say
say say say say say say say say say say say say say say say say say say say say say say say say say say say say say say say say say say say say say say say say say say say say say say say say say say
say say say say say say say say say say say say say say say say say say say say say say say say say say say say say say say say say say say say say say say say say say say say say say say say say say
say say say say say say say say say say say say say say say say say say say say say say say say say say say say say say say say say say say say say say say say say say say say say say say say say say
say say say say say say say say say say say say say say say say say say say say say say say say say say say say say say say say say say say say say say say say say say say say say say say say say say
say say say say say say say say say say say say say say say say say say say say say say say say say say say say say say say say say say say say say say say say say say say say say say say say say say
say say say say say say say say say say say say say say say say say say say say say say say say say say say say say say say say say say say say say say say say say say say say say say say say say say
say say say say say say say say say say say say say say say say say say say say say say say say say say say say say say say say say say say say say say say say say say say say say say say say say say
say say say say say say say say say say say say say say say say say say say say say say say say say say say say say say say say say say say say say say say say say say say say say say say say say say
say say say say say say say say say say say say say say say say say say say say say say say say say say say say say say say say say say say say say say say say say say say say say say say say say say
say say say say say say say say say say say say say say say say say say say say say say say say say say say say say say say say say say say say say say say say say say say say say say say say say say
say say say say say say say say say say say say say say say say say say say say say say say say say say say say say say say say say say say say say say say say say say say say say say say say say say
say say say say say say say say say say say say say say say say say say say say say say say say say say say say say say say say say say say say say say say say say say say say say say say say say say
say say say say say say say say say say say say say say say say say say say say say say say say say say say say say say say say say say say say say say say say say say say say say say say say say say
say say say say say say say say say say say say say say say say say say say say say say say say say say say say say say say say say say say say say say say say say say say say say say say say say say
say say say say say say say say say say say say say say say say say say say say say say say say say say say say say say say say say say say say say say say say say say say say say say say say say say
say say say say say say say say say say say say say say say say say say say say say say say say say say say say say say say say say say say say say say say say say say say say say say say say say say
say say say say say say say say say say say say say say say say say say say say say say say say say say say say say say say say say say say say say say say say say say say say say say say say say say
say say say say say say say say say say say say say say say say say say say say say say say say say say say say say say say say say say say say say say say say say say say say say say say say say say
say say say say say say say say say say say say say say say say say say say say say say say say say say say say say say say say say say say say say say say say say say say say say say say say say say
say say say say say say say say say say say say say say say say say say say say say say say say say say say say say say say say say say say say say say say say say say say say say say say say say say
say say say say say say say say say say say say say say say say say say say say say say say say say say say say say say say say say say say say say say say say say say say say say say say say say say
say say say say say say say say say say say say say say say say say say say say say say say say say say say say say say say say say say say say say say say say say say say say say say say say say say
say say say say say say say say say say say say say say say say say say say say say say say say say say say say say say say say say say say say say say say say say say say say say say say say say say
say say say say say say say say say say say say say say say say say say say say say say say say say say say say say say say say say say say say say say say say say say say say say say say say say say
say say say say say say say say say say say say say say say say say say say say say say say say say say say say say say say say say say say say say say say say say say say say say say say say say say
say say say say say say say say say say say say say say say say say say say say say say say say say say say say say say say say say say say say say say say say say say say say say say say say say say
say say say say say say say say say say say say say say say say say say say say say say say say say say say say say say say say say say say say say say say say say say say say say say say say say say
say say say say say say say say say say say say say say say say say say say say say say say say say say say say say say say say say say say say say say say say say say say say say say say say say say
say say say say say say say say say say say say say say say say say say say say say say say say say say say say say say say say say say say say say say say say say say say say say say say say say say
say say say say say say say say say say say say say say say say say say say say say say say say say say say say say say say say say say say say say say say say say say say say say say say say say say
say say say say say say say say say say say say say say say say say say say say say say say say say say say say say say say say say say say say say say say say say say say say say say say say say say
say say say say say say say say say say say say say say say say say say say say say say say say say say say say say say say say say say say say say say say say say say say say say say say say say say
say say say say say say say say say say say say say say say say say say say say say say say say say say say say say say say say say say say say say say say say say say say say say say say say say say
say say say say say say say say say say say say say say say say say say say say say say say say say say say say say say say say say say say say say say say say say say say say say say say say say say
say say say say say say say say say say say say say say say say say say say say say say say say say say say say say say say say say say say say say say say say say say say say say say say say say say
say say say say say say say say say say say say say say say say say say say say say say say say say say say say say say say say say say say say say say say say say say say say say say say say say say
say say say say say say say say say say say say say say say say say say say say say say say say say say say say say say say say say say say say say say say say say say say say say say say say say say
say say say say say say say say say say say say say say say say say say say say say say say say say say say say say say say say say say say say say say say say say say say say say say say say say say
say say say say say say say say say say say say say say say say say say say say say say say say say say say say say say say say say say say say say say say say say say say say say say say say say say
say say say say say say say say say say say say say say say say say say say say say say say say say say say say say say say say say say say say say say say say say say say say say say say say say say
say say say say say say say say say say say say say say say say say say say say say say say say say say say say say say say say say say say say say say say say say say say say say say say say say say
say say say say say say say say say say say say say say say say say say say say say say say say say say say say say say say say say say say say say say say say say say say say say say say say say say
say say say say say say say say say say say say say say say say say say say say say say say say say say say say say say say say say say say say say say say say say say say say say say say say say say
say say say say say say say say say say say say say say say say say say say say say say say say say say say say say say say say say say say say say say say say say say say say say say say say say say
say say say say say say say say say say say say say say say say say say say say say say say say say say say say say say say say say say say say say say say say say say say say say say say say say say
say say say say say say say say say say say say say say say say say say say say say say say say say say say say say say say say say say say say say say say say say say say say say say say say say say
say say say say say say say say say say say say say say say say say say say say say say say say say say say say say say say say say say say say say say say say say say say say say say say say say say
say say say say say say say say say say say say say say say say say say say say say say say say say say say say say say say say say say say say say say say say say say say say say say say say say say
say say say say say say say say say say say say say say say say say say say say say say say say say say say say say say say say say say say say say say say say say say say say say say say say say say
say say say say say say say say say say say say say say say say say say say say say say say say say say say say say say say say say say say say say say say say say say say say say say say say say say
say say say say say say say say say say say say say say say say say say say say say say say say say say say say say say say say say say say say say say say say say say say say say say say say say say
say say say say say say say say say say say say say say say say say say say say say say say say say say say say say say say say say say say say say say say say say say say say say say say say say say
say say say say say say say say say say say say say say say say say say say say say say say say say say say say say say say say say say say say say say say say say say say say say say say say say say
say say say say say say say say say say say say say say say say say say say say say say say say say say say say say say say say say say say say say say say say say say say say say say say say say say
say say say say say say say say say say say say say say say say say say say say say say say say say say say say say say say say say say say say say say say say say say say say say say say say say say
say say say say say say say say say say say say say say say say say say say say say say say say say say say say say say say say say say say say say say say say say say say say say say say say say say
say say say say say say say say say say say say say say say say say say say say say say say say say say say say say say say say say say say say say say say say say say say say say say say say say say
say say say say say say say say say say say say say say say say say say say say say say say say say say say say say say say say say say say say say say say say say say say say say say say say say say
say say say say say say say say say say say say say say say say say say say say say say say say say say say say say say say say say say say say say say say say say say say say say say say say say say
say say say say say say say say say say say say say say say say say say say say say say say say say say say say say say say say say say say say say say say say say say say say say say say say say say
say say say say say say say say say say say say say say say say say say say say say say say say say say say say say say say say say say say say say say say say say say say say say say say say say say
say say say say say say say say say say say say say say say say say say say say say say say say say say say say say say say say say say say say say say say say say say say say say say say say say say
say say say say say say say say say say say say say say say say say say say say say say say say say say say say say say say say say say say say say say say say say say say say say say say say say say
say say say say say say say say say say say say say say say say say say say say say say say say say say say say say say say say say say say say say say say say say say say say say say say say say say
say say say say say say say say say say say say say say say say say say say say say say say say say say say say say say say say say say say say say say say say say say say say say say say say say say
say say say say say say say say say say say say say say say say say say say say say say say say say say say say say say say say say say say say say say say say say say say say say say say say say say
say say say say say say say say say say say say say say say say say say say say say say say say say say say say say say say say say say say say say say say say say say say say say say say say say say
say say say say say say say say say say say say say say say say say say say say say say say say say say say say say say say say say say say say say say say say say say say say say say say say say say
say say say say say say say say say say say say say say say say say say say say say say say say say say say say say say say say say say say say say say say say say say say say say say say say say say
say say say say say say say say say say say say say say say say say say say say say say say say say say say say say say say say say say say say say say say say say say say say say say say say say say
say say say say say say say say say say say say say say say say say say say say say say say say say say say say say say say say say say say say say say say say say say say say say say say say say say
say say say say say say say say say say say say say say say say say say say say say say say say say say say say say say say say say say say say say say say say say say say say say say say say say say
say say say say say say say say say say say say say say say say say say say say say say say say say say say say say say say say say say say say say say say say say say say say say say say say say say
say say say say say say say say say say say say say say say say say say say say say say say say say say say say say say say say say say say say say say say say say say say say say say say say say say
say say say say say say say say say say say say say say say say say say say say say say say say say say say say say say say say say say say say say say say say say say say say say say say say say say
say say say say say say say say say say say say say say say say say say say say say say say say say say say say say say say say say say say say say say say say say say say say say say say say say say
say say say say say say say say say say say say say say say say say say say say say say say say say say say say say say say say say say say say say say say say say say say say say say say say say say
say say say say say say say say say say say say say say say say say say say say say say say say say say say say say say say say say say say say say say say say say say say say say say say say say say
say say say say say say say say say say say say say say say say say say say say say say say say say say say say say say say say say say say say say say say say say say say say say say say say say say
say say say say say say say say say say say say say say say say say say say say say say say say say say say say say say say say say say say say say say say say say say say say say say say say say say
say say say say say say say say say say say say say say say say say say say say say say say say say say say say say say say say say say say say say say say say say say say say say say say say say say
say say say say say say say say say say say say say say say say say say say say say say say say say say say say say say say say say say say say say say say say say say say say say say say say say say
say say say say say say say say say say say say say say say say say say say say say say say say say say say say say say say say say say say say say say say say say say say say say say say say say say
say say say say say say say say say say say say say say say say say say say say say say say say say say say say say say say say say say say say say say say say say say say say say say say say say say
say say say say say say say say say say say say say say say say say say say say say say say say say say say say say say say say say say say say say say say say say say say say say say say say say say
say say say say say say say say say say say say say say say say say say say say say say say say say say say say say say say say say say say say say say say say say say say say say say say say say say
say say say say say say say say say say say say say say say say say say say say say say say say say say say say say say say say say say say say say say say say say say say say say say say say say say
say say say say say say say say say say say say say say say say say say say say say say say say say say say say say say say say say say say say say say say say say say say say say say say say say say
say say say say say say say say say say say say say say say say say say say say say say say say say say say say say say say say say say say say say say say say say say say say say say say say say say
say say say say say say say say say say say say say say say say say say say say say say say say say say say say say say say say say say say say say say say say say say say say say say say say say say
say say say say say say say say say say say say say say say say say say say say say say say say say say say say say say say say say say say say say say say say say say say say say say say say say say
say say say say say say say say say say say say say say say say say say say say say say say say say say say say say say say say say say say say say say say say say say say say say say say say say say
say say say say say say say say say say say say say say say say say say say say say say say say say say say say say say say say say say say say say say say say say say say say say say say say say say
say say say say say say say say say say say say say say say say say say say say say say say say say say say say say say say say say say say say say say say say say say say say say say say say say say
say say say say say say say say say say say say say say say say say say say say say say say say say say say say say say say say say say say say say say say say say say say say say say say say say say
say say say say say say say say say say say say say say say say say say say say say say say say say say say say say say say say say say say say say say say say say say say say say say say say say say
say say say say say say say say say say say say say say say say say say say say say say say say say say say say say say say say say say say say say say say say say say say say say say say say say say
say say say say say say say say say say say say say say say say say say say say say say say say say say say say say say say say say say say say say say say say say say say say say say say say say say
say say say say say say say say say say say say say say say say say say say say say say say say say say say say say say say say say say say say say say say say say say say say say say say say say say
say say say say say say say say say say say say say say say say say say say say say say say say say say say say say say say say say say say say say say say say say say say say say say say say say say
say say say say say say say say say say say say say say say say say say say say say say say say say say say say say say say say say say say say say say say say say say say say say say say say say say
say say say say say say say say say say say say say say say say say say say say say say say say say say say say say say say say say say say say say say say say say say say say say say say say say say
say say say say say say say say say say say say say say say say say say say say say say say say say say say say say say say say say say say say say say say say say say say say say say say say say say
say say say say say say say say say say say say say say say say say say say say say say say say say say say say say say say say say say say say say say say say say say say say say say say say say say
say say say say say say say say say say say say say say say say say say say say say say say say say say say say say say say say say say say say say say say say say say say say say say say say say say
say say say say say say say say say say say say say say say say say say say say say say say say say say say say say say say say say say say say say say say say say say say say say say say say say say
say say say say say say say say say say say say say say say say say say say say say say say say say say say say say say say say say say say say say say say say say say say say say say say say say say
say say say say say say say say say say say say say say say say say say say say say say say say say say say say say say say say say say say say say say say say say say say say say say say say say say
say say say say say say say say say say say say say say say say say say say say say say say say say say say say say say say say say say say say say say say say say say say say say say say say say say
say say say say say say say say say say say say say say say say say say say say say say say say say say say say say say say say say say say say say say say say say say say say say say say say say say
say say say say say say say say say say say say say say say say say say say say say say say say say say say say say say say say say say say say say say say say say say say say say say say say say say
say say say say say say say say say say say say say say say say say say say say say say say say say say say say say say say say say say say say say say say say say say say say say say say say say say
say say say say say say say say say say say say say say say say say say say say say say say say say say say say say say say say say say say say say say say say say say say say say say say say say say
say say say say say say say say say say say say say say say say say say say say say say say say say say say say say say say say say say say say say say say say say say say say say say say say say say
say say say say say say say say say say say say say say say say say say say say say say say say say say say say say say say say say say say say say say say say say say say say say say say say say say
say say say say say say say say say say say say say say say say say say say say say say say say say say say say say say say say say say say say say say say say say say say say say say say say say say
say say say say say say say say say say say say say say say say say say say say say say say say say say say say say say say say say say say say say say say say say say say say say say say say say say
say say say say say say say say say say say say say say say say say say say say say say say say say say say say say say say say say say say say say say say say say say say say say say say say say say
say say say say say say say say say say say say say say say say say say say say say say say say say say say say say say say say say say say say say say say say say say say say say say say say say say
say say say say say say say say say say say say say say say say say say say say say say say say say say say say say say say say say say say say say say say say say say say say say say say say say say
say say say say say say say say say say say say say say say say say say say say say say say say say say say say say say say say say say say say say say say say say say say say say say say say say say
say say say say say say say say say say say say say say say say say say say say say say say say say say say say say say say say say say say say say say say say say say say say say say say say say say
say say say say say say say say say say say say say say say say say say say say say say say say say say say say say say say say say say say say say say say say say say say say say say say say say say
say say say say say say say say say say say say say say say say say say say say say say say say say say say say say say say say say say say say say say say say say say say say say say say say say say
say say say say say say say say say say say say say say say say say say say say say say say say say say say say say say say say say say say say say say say say say say say say say say say say say say
say say say say say say say say say say say say say say say say say say say say say say say say say say say say say say say say say say say say say say say say say say say say say say say say say say
say say say say say say say say say say say say say say say say say say say say say say say say say say say say say say say say say say say say say say say say say say say say say say say say say say
say say say say say say say say say say say say say say say say say say say say say say say say say say say say say say say say say say say say say say say say say say say say say say say say say say
say say say say say say say say say say say say say say say say say say say say say say say say say say say say say say say say say say say say say say say say say say say say say say say say say say
say say say say say say say say say say say say say say say say say say say say say say say say say say say say say say say say say say say say say say say say say say say say say say say say say say
say say say say say say say say say say say say say say say say say say say say say say say say say say say say say say say say say say say say say say say say say say say say say say say say say say
say say say say say say say say say say say say say say say say say say say say say say say say say say say say say say say say say say say say say say say say say say say say say say say say say say
say say say say say say say say say say say say say say say say say say say say say say say say say say say say say say say say say say say say say say say say say say say say say say say say say say
say say say say say say say say say say say say say say say say say say say say say say say say say say say say say say say say say say say say say say say say say say say say say say say say say say
say say say say say say say say say say say say say say say say say say say say say say say say say say say say say say say say say say say say say say say say say say say say say say say say say say
say say say say say say say say say say say say say say say say say say say say say say say say say say say say say say say say say say say say say say say say say say say say say say say say say say
say say say say say say say say say say say say say say say say say say say say say say say say say say say say say say say say say say say say say say say say say say say say say say say say say say
say say say say say say say say say say say say say say say say say say say say say say say say say say say say say say say say say say say say say say say say say say say say say say say say say say
say say say say say say say say say say say say say say say say say say say say say say say say say say say say say say say say say say say say say say say say say say say say say say say say say say
say say say say say say say say say say say say say say say say say say say say say say say say say say say say say say say say say say say say say say say say say say say say say say say say say say
say say say say say say say say say say say say say say say say say say say say say say say say say say say say say say say say say say say say say say say say say say say say say say say say say say
say say say say say say say say say say say say say say say say say say say say say say say say say say say say say say say say say say say say say say say say say say say say say say say say say say
say say say say say say say say say say say say say say say say say say say say say say say say say say say say say say say say say say say say say say say say say say say say say say say say say say
say say say say say say say say say say say say say say say say say say say say say say say say say say say say say say say say say say say say say say say say say say say say say say say say say say
say say say say say say say say say say say say say say say say say say say say say say say say say say say say say say say say say say say say say say say say say say say say say say say say say say
say say say say say say say say say say say say say say say say say say say say say say say say say say say say say say say say say say say say say say say say say say say say say say say say say say
say say say say say say say say say say say say say say say say say say say say say say say say say say say say say say say say say say say say say say say say say say say say say say say say say say
say say say say say say say say say say say say say say say say say say say say say say say say say say say say say say say say say say say say say say say say say say say say say say say say say say
say say say say say say say say say say say say say say say say say say say say say say say say say say say say say say say say say say say say say say say say say say say say say say say say say say
say say say say say say say say say say say say say say say say say say say say say say say say say say say say say say say say say say say say say say say say say say say say say say say say say say
say say say say say say say say say say say say say say say say say say say say say say say say say say say say say say say say say say say say say say say say say say say say say say say say say say
say say say say say say say say say say say say say say say say say say say say say say say say say say say say say say say say say say say say say say say say say say say say say say say say say say
say say say say say say say say say say say say say say say say say say say say say say say say say say say say say say say say say say say say say say say say say say say say say say say say say say
say say say say say say say say say say say say say say say say say say say say say say say say say say say say say say say say say say say say say say say say say say say say say say say say say say
say say say say say say say say say say say say say say say say say say say say say say say say say say say say say say say say say say say say say say say say say say say say say say say say say say
say say say say say say say say say say say say say say say say say say say say say say say say say say say say say say say say say say say say say say say say say say say say say say say say say say
say say say say say say say say say say say say say say say say say say say say say say say say say say say say say say say say say say say say say say say say say say say say say say say say say say
say say say say say say say say say say say say say say say say say say say say say say say say say say say say say say say say say say say say say say say say say say say say say say say say say say
say say say say say say say say say say say say say say say say say say say say say say say say say say say say say say say say say say say say say say say say say say say say say say say say say say
say say say say say say say say say say say say say say say say say say say say say say say say say say say say say say say say say say say say say say say say say say say say say say say say say say
say say say say say say say say say say say say say say say say say say say say say say say say say say say say say say say say say say say say say say say say say say say say say say say say say say
say say say say say say say say say say say say say say say say say say say say say say say say say say say say say say say say say say say say say say say say say say say say say say say say say say
say say say say say say say say say say say say say say say say say say say say say say say say say say say say say say say say say say say say say say say say say say say say say say say say say say
say say say say say say say say say say say say say say say say say say say say say say say say say say say say say say say say say say say say say say say say say say say say say say say say say say
say say say say say say say say say say say say say say say say say say say say say say say say say say say say say say say say say say say say say say say say say say say say say say say say say say
say say say say say say say say say say say say say say say say say say say say say say say say say say say say say say say say say say say say say say say say say say say say say say say say say say
say say say say say say say say say say say say say say say say say say say say say say say say say say say say say say say say say say say say say say say say say say say say say say say say say say
say say say say say say say say say say say say say say say say say say say say say say say say say say say say say say say say say say say say say say say say say say say say say say say say say say
say say say say say say say say say say say say say say say say say say say say say say say say say say say say say say say say say say say say say say say say say say say say say say say say say say
say say say say say say say say say say say say say say say say say say say say say say say say say say say say say say say say say say say say say say say say say say say say say say say say say say
say say say say say say say say say say say say say say say say say say say say say say say say say say say say say say say say say say say say say say say say say say say say say say say say say say
say say say say say say say say say say say say say say say say say say say say say say say say say say say say say say say say say say say say say say say say say say say say say say say say say say
say say say say say say say say say say say say say say say say say say say say say say say say say say say say say say say say say say say say say say say say say say say say say say say say say say
say say say say say say say say say say say say say say say say say say say say say say say say say say say say say say say say say say say say say say say say say say say say say say say say say say
say say say say say say say say say say say say say say say say say say say say say say say say say say say say say say say say say say say say say say say say say say say say say say say say say say
say say say say say say say say say say say say say say say say say say say say say say say say say say say say say say say say say say say say say say say say say say say say say say say say say say
say say say say say say say say say say say say say say say say say say say say say say say say say say say say say say say say say say say say say say say say say say say say say say say say say say
say say say say say say say say say say say say say say say say say say say say say say say say say say say say say say say say say say say say say say say say say say say say say say say say say say
say say say say say say say say say say say say say say say say say say say say say say say say say say say say say say say say say say say say say say say say say say say say say say say say say say
say say say say say say say say say say say say say say say say say say say say say say say say say say say say say say say say say say say say say say say say say say say say say say say say say say
say say say say say say say say say say say say say say say say say say say say say say say say say say say say say say say say say say say say say say say say say say say say say say say say say say
say say say say say say say say say say say say say say say say say say say say say say say say say say say say say say say say say say say say say say say say say say say say say say say say say say
say say say say say say say say say say say say say say say say say say say say say say say say say say say say say say say say say say say say say say say say say say say say say say say say say say
say say say say say say say say say say say say say say say say say say say say say say say say say say say say say say say say say say say say say say say say say say say say say say say say say say
say say say say say say say say say say say say say say say say say say say say say say say say say say say say say say say say say say say say say say say say say say say say say say say say say say
say say say say say say say say say say say say say say say say say say say say say say say say say say say say say say say say say say say say say say say say say say say say say say say say say say
say say say say say say say say say say say say say say say say say say say say say say say say say say say say say say say say say say say say say say say say say say say say say say say say say say
say say say say say say say say say say say say say say say say say say say say say say say say say say say say say say say say say say say say say say say say say say say say say say say say say say
say say say say say say say say say say say say say say say say say say say say say say say say say say say say say say say say say say say say say say say say say say say say say say say say say say
say say say say say say say say say say say say say say say say say say say say say say say say say say say say say say say say say say say say say say say say say say say say say say say say say say
say say say say say say say say say say say say say say say say say say say say say say say say say say say say say say say say say say say say say say say say say say say say say say say say say say
say say say say say say say say say say say say say say say say say say say say say say say say say say say say say say say say say say say say say say say say say say say say say say say say say say
say say say say say say say say say say say say say say say say say say say say say say say say say say say say say say say say say say say say say say say say say say say say say say say say say say
say say say say say say say say say say say say say say say say say say say say say say say say say say say say say say say say say say say say say say say say say say say say say say say say say say
say say say say say say say say say say say say say say say say say say say say say say say say say say say say say say say say say say say say say say say say say say say say say say say say say say
say say say say say say say say say say say say say say say say say say say say say say say say say say say say say say say say say say say say say say say say say say say say say say say say say say
say say say say say say say say say say say say say say say say say say say say say say say say say say say say say say say say say say say say say say say say say say say say say say say say say say
say say say say say say say say say say say say say say say say say say say say say say say say say say say say say say say say say say say say say say say say say say say say say say say say say say
say say say say say say say say say say say say say say say say say say say say say say say say say say say say say say say say say say say say say say say say say say say say say say say say say say
say say say say say say say say say say say say say say say say say say say say say say say say say say say say say say say say say say say say say say say say say say say say say say say say say say
say say say say say say say say say say say say say say say say say say say say say say say say say say say say say say say say say say say say say say say say say say say say say say say say say say
say say say say say say say say say say say say say say say say say say say say say say say say say say say say say say say say say say say say say say say say say say say say say say say say say say
