$ ["create", "Kid 1", "--parent", "proj-b75", "--silent"]
proj-b75.1
--- .beads/issues.jsonl ---
{"id":"proj-170","title":"Implement user auth","status":"open","priority":1,"issue_type":"feature","assignee":"alice","created_at":"2026-01-01T10:00:01Z","created_by":"tester","updated_at":"2026-01-01T11:00:00Z","source_repo":"proj","source_repo_path":"/mnt/proj","compaction_level":0,"original_size":0,"labels":["auth","backend"],"dependencies":[{"issue_id":"proj-170","depends_on_id":"proj-mta","type":"blocks","created_at":"2026-01-01T11:00:00Z","created_by":"tester","metadata":"{}","thread_id":""},{"issue_id":"proj-170","depends_on_id":"proj-uly","type":"parent-child","created_at":"2026-01-01T11:00:00Z","created_by":"tester","metadata":"{}","thread_id":""}]}
{"id":"proj-5u2","title":"Write API docs","status":"open","priority":3,"issue_type":"docs","created_at":"2026-01-01T10:00:03Z","created_by":"tester","updated_at":"2026-01-01T11:00:00Z","source_repo":"proj","source_repo_path":"/mnt/proj","compaction_level":0,"original_size":0,"dependencies":[{"issue_id":"proj-5u2","depends_on_id":"proj-170","type":"related","created_at":"2026-01-01T11:00:00Z","created_by":"tester","metadata":"{}","thread_id":""}]}
{"id":"proj-7vm","title":"Refactor config loader","status":"deferred","priority":4,"issue_type":"chore","created_at":"2026-01-01T10:00:05Z","created_by":"tester","updated_at":"2026-01-01T14:00:00Z","defer_until":"2027-06-01T09:00:00Z","source_repo":"proj","source_repo_path":"/mnt/proj","compaction_level":0,"original_size":0}
{"id":"proj-b75","title":"Ünïcödé title — “quotes” & <tags> \\ backslash","description":"Line one\nLine two\ttabbed","status":"open","priority":2,"issue_type":"task","created_at":"2026-01-01T10:00:06Z","created_by":"tester","updated_at":"2026-01-01T10:00:06Z","source_repo":"proj","source_repo_path":"/mnt/proj","compaction_level":0,"original_size":0}
{"id":"proj-b75.1","title":"Kid 1","status":"open","priority":2,"issue_type":"task","created_at":"2026-01-02T03:04:05Z","created_by":"tester","updated_at":"2026-01-02T03:04:05Z","source_repo":"proj","source_repo_path":"/mnt/proj","compaction_level":0,"original_size":0,"dependencies":[{"issue_id":"proj-b75.1","depends_on_id":"proj-b75","type":"parent-child","created_at":"2026-01-02T03:04:05Z","created_by":"tester","metadata":"{}","thread_id":""}]}
{"id":"proj-mkh","title":"Already finished work","status":"closed","priority":2,"issue_type":"task","created_at":"2026-01-01T10:00:07Z","created_by":"tester","updated_at":"2026-01-01T13:00:00Z","closed_at":"2026-01-01T13:00:00Z","close_reason":"Done before the fixture","source_repo":"proj","source_repo_path":"/mnt/proj","compaction_level":0,"original_size":0}
{"id":"proj-mta","title":"Set up database schema","description":"Create the initial tables.","status":"open","priority":1,"issue_type":"task","created_at":"2026-01-01T10:00:00Z","created_by":"tester","updated_at":"2026-01-01T10:00:00Z","source_repo":"proj","source_repo_path":"/mnt/proj","compaction_level":0,"original_size":0,"labels":["backend","db"]}
{"id":"proj-ptp","title":"Fix login timeout","status":"in_progress","priority":0,"issue_type":"bug","assignee":"bob","created_at":"2026-01-01T10:00:02Z","created_by":"tester","updated_at":"2026-01-01T12:30:00Z","source_repo":"proj","source_repo_path":"/mnt/proj","compaction_level":0,"original_size":0,"comments":[{"id":1,"issue_id":"proj-ptp","author":"tester","text":"Reproduced on staging.","created_at":"2026-01-01T12:30:00Z"}]}
{"id":"proj-uly","title":"Auth epic","status":"open","priority":2,"issue_type":"epic","created_at":"2026-01-01T10:00:04Z","created_by":"tester","updated_at":"2026-01-01T10:00:04Z","source_repo":"proj","source_repo_path":"/mnt/proj","compaction_level":0,"original_size":0}
--- .beads/last-touched ---
proj-b75.1
[exit 0]
$ ["create", "Kid 2", "--parent", "proj-b75", "--silent"]
proj-b75.2
--- .beads/issues.jsonl ---
{"id":"proj-170","title":"Implement user auth","status":"open","priority":1,"issue_type":"feature","assignee":"alice","created_at":"2026-01-01T10:00:01Z","created_by":"tester","updated_at":"2026-01-01T11:00:00Z","source_repo":"proj","source_repo_path":"/mnt/proj","compaction_level":0,"original_size":0,"labels":["auth","backend"],"dependencies":[{"issue_id":"proj-170","depends_on_id":"proj-mta","type":"blocks","created_at":"2026-01-01T11:00:00Z","created_by":"tester","metadata":"{}","thread_id":""},{"issue_id":"proj-170","depends_on_id":"proj-uly","type":"parent-child","created_at":"2026-01-01T11:00:00Z","created_by":"tester","metadata":"{}","thread_id":""}]}
{"id":"proj-5u2","title":"Write API docs","status":"open","priority":3,"issue_type":"docs","created_at":"2026-01-01T10:00:03Z","created_by":"tester","updated_at":"2026-01-01T11:00:00Z","source_repo":"proj","source_repo_path":"/mnt/proj","compaction_level":0,"original_size":0,"dependencies":[{"issue_id":"proj-5u2","depends_on_id":"proj-170","type":"related","created_at":"2026-01-01T11:00:00Z","created_by":"tester","metadata":"{}","thread_id":""}]}
{"id":"proj-7vm","title":"Refactor config loader","status":"deferred","priority":4,"issue_type":"chore","created_at":"2026-01-01T10:00:05Z","created_by":"tester","updated_at":"2026-01-01T14:00:00Z","defer_until":"2027-06-01T09:00:00Z","source_repo":"proj","source_repo_path":"/mnt/proj","compaction_level":0,"original_size":0}
{"id":"proj-b75","title":"Ünïcödé title — “quotes” & <tags> \\ backslash","description":"Line one\nLine two\ttabbed","status":"open","priority":2,"issue_type":"task","created_at":"2026-01-01T10:00:06Z","created_by":"tester","updated_at":"2026-01-01T10:00:06Z","source_repo":"proj","source_repo_path":"/mnt/proj","compaction_level":0,"original_size":0}
{"id":"proj-b75.1","title":"Kid 1","status":"open","priority":2,"issue_type":"task","created_at":"2026-01-02T03:04:05Z","created_by":"tester","updated_at":"2026-01-02T03:04:05Z","source_repo":"proj","source_repo_path":"/mnt/proj","compaction_level":0,"original_size":0,"dependencies":[{"issue_id":"proj-b75.1","depends_on_id":"proj-b75","type":"parent-child","created_at":"2026-01-02T03:04:05Z","created_by":"tester","metadata":"{}","thread_id":""}]}
{"id":"proj-b75.2","title":"Kid 2","status":"open","priority":2,"issue_type":"task","created_at":"2026-01-02T03:04:05Z","created_by":"tester","updated_at":"2026-01-02T03:04:05Z","source_repo":"proj","source_repo_path":"/mnt/proj","compaction_level":0,"original_size":0,"dependencies":[{"issue_id":"proj-b75.2","depends_on_id":"proj-b75","type":"parent-child","created_at":"2026-01-02T03:04:05Z","created_by":"tester","metadata":"{}","thread_id":""}]}
{"id":"proj-mkh","title":"Already finished work","status":"closed","priority":2,"issue_type":"task","created_at":"2026-01-01T10:00:07Z","created_by":"tester","updated_at":"2026-01-01T13:00:00Z","closed_at":"2026-01-01T13:00:00Z","close_reason":"Done before the fixture","source_repo":"proj","source_repo_path":"/mnt/proj","compaction_level":0,"original_size":0}
{"id":"proj-mta","title":"Set up database schema","description":"Create the initial tables.","status":"open","priority":1,"issue_type":"task","created_at":"2026-01-01T10:00:00Z","created_by":"tester","updated_at":"2026-01-01T10:00:00Z","source_repo":"proj","source_repo_path":"/mnt/proj","compaction_level":0,"original_size":0,"labels":["backend","db"]}
{"id":"proj-ptp","title":"Fix login timeout","status":"in_progress","priority":0,"issue_type":"bug","assignee":"bob","created_at":"2026-01-01T10:00:02Z","created_by":"tester","updated_at":"2026-01-01T12:30:00Z","source_repo":"proj","source_repo_path":"/mnt/proj","compaction_level":0,"original_size":0,"comments":[{"id":1,"issue_id":"proj-ptp","author":"tester","text":"Reproduced on staging.","created_at":"2026-01-01T12:30:00Z"}]}
{"id":"proj-uly","title":"Auth epic","status":"open","priority":2,"issue_type":"epic","created_at":"2026-01-01T10:00:04Z","created_by":"tester","updated_at":"2026-01-01T10:00:04Z","source_repo":"proj","source_repo_path":"/mnt/proj","compaction_level":0,"original_size":0}
--- .beads/last-touched ---
proj-b75.2
[exit 0]
$ ["create", "Kid 3", "--parent", "proj-b75", "--silent"]
proj-b75.3
--- .beads/issues.jsonl ---
{"id":"proj-170","title":"Implement user auth","status":"open","priority":1,"issue_type":"feature","assignee":"alice","created_at":"2026-01-01T10:00:01Z","created_by":"tester","updated_at":"2026-01-01T11:00:00Z","source_repo":"proj","source_repo_path":"/mnt/proj","compaction_level":0,"original_size":0,"labels":["auth","backend"],"dependencies":[{"issue_id":"proj-170","depends_on_id":"proj-mta","type":"blocks","created_at":"2026-01-01T11:00:00Z","created_by":"tester","metadata":"{}","thread_id":""},{"issue_id":"proj-170","depends_on_id":"proj-uly","type":"parent-child","created_at":"2026-01-01T11:00:00Z","created_by":"tester","metadata":"{}","thread_id":""}]}
{"id":"proj-5u2","title":"Write API docs","status":"open","priority":3,"issue_type":"docs","created_at":"2026-01-01T10:00:03Z","created_by":"tester","updated_at":"2026-01-01T11:00:00Z","source_repo":"proj","source_repo_path":"/mnt/proj","compaction_level":0,"original_size":0,"dependencies":[{"issue_id":"proj-5u2","depends_on_id":"proj-170","type":"related","created_at":"2026-01-01T11:00:00Z","created_by":"tester","metadata":"{}","thread_id":""}]}
{"id":"proj-7vm","title":"Refactor config loader","status":"deferred","priority":4,"issue_type":"chore","created_at":"2026-01-01T10:00:05Z","created_by":"tester","updated_at":"2026-01-01T14:00:00Z","defer_until":"2027-06-01T09:00:00Z","source_repo":"proj","source_repo_path":"/mnt/proj","compaction_level":0,"original_size":0}
{"id":"proj-b75","title":"Ünïcödé title — “quotes” & <tags> \\ backslash","description":"Line one\nLine two\ttabbed","status":"open","priority":2,"issue_type":"task","created_at":"2026-01-01T10:00:06Z","created_by":"tester","updated_at":"2026-01-01T10:00:06Z","source_repo":"proj","source_repo_path":"/mnt/proj","compaction_level":0,"original_size":0}
{"id":"proj-b75.1","title":"Kid 1","status":"open","priority":2,"issue_type":"task","created_at":"2026-01-02T03:04:05Z","created_by":"tester","updated_at":"2026-01-02T03:04:05Z","source_repo":"proj","source_repo_path":"/mnt/proj","compaction_level":0,"original_size":0,"dependencies":[{"issue_id":"proj-b75.1","depends_on_id":"proj-b75","type":"parent-child","created_at":"2026-01-02T03:04:05Z","created_by":"tester","metadata":"{}","thread_id":""}]}
{"id":"proj-b75.2","title":"Kid 2","status":"open","priority":2,"issue_type":"task","created_at":"2026-01-02T03:04:05Z","created_by":"tester","updated_at":"2026-01-02T03:04:05Z","source_repo":"proj","source_repo_path":"/mnt/proj","compaction_level":0,"original_size":0,"dependencies":[{"issue_id":"proj-b75.2","depends_on_id":"proj-b75","type":"parent-child","created_at":"2026-01-02T03:04:05Z","created_by":"tester","metadata":"{}","thread_id":""}]}
{"id":"proj-b75.3","title":"Kid 3","status":"open","priority":2,"issue_type":"task","created_at":"2026-01-02T03:04:05Z","created_by":"tester","updated_at":"2026-01-02T03:04:05Z","source_repo":"proj","source_repo_path":"/mnt/proj","compaction_level":0,"original_size":0,"dependencies":[{"issue_id":"proj-b75.3","depends_on_id":"proj-b75","type":"parent-child","created_at":"2026-01-02T03:04:05Z","created_by":"tester","metadata":"{}","thread_id":""}]}
{"id":"proj-mkh","title":"Already finished work","status":"closed","priority":2,"issue_type":"task","created_at":"2026-01-01T10:00:07Z","created_by":"tester","updated_at":"2026-01-01T13:00:00Z","closed_at":"2026-01-01T13:00:00Z","close_reason":"Done before the fixture","source_repo":"proj","source_repo_path":"/mnt/proj","compaction_level":0,"original_size":0}
{"id":"proj-mta","title":"Set up database schema","description":"Create the initial tables.","status":"open","priority":1,"issue_type":"task","created_at":"2026-01-01T10:00:00Z","created_by":"tester","updated_at":"2026-01-01T10:00:00Z","source_repo":"proj","source_repo_path":"/mnt/proj","compaction_level":0,"original_size":0,"labels":["backend","db"]}
{"id":"proj-ptp","title":"Fix login timeout","status":"in_progress","priority":0,"issue_type":"bug","assignee":"bob","created_at":"2026-01-01T10:00:02Z","created_by":"tester","updated_at":"2026-01-01T12:30:00Z","source_repo":"proj","source_repo_path":"/mnt/proj","compaction_level":0,"original_size":0,"comments":[{"id":1,"issue_id":"proj-ptp","author":"tester","text":"Reproduced on staging.","created_at":"2026-01-01T12:30:00Z"}]}
{"id":"proj-uly","title":"Auth epic","status":"open","priority":2,"issue_type":"epic","created_at":"2026-01-01T10:00:04Z","created_by":"tester","updated_at":"2026-01-01T10:00:04Z","source_repo":"proj","source_repo_path":"/mnt/proj","compaction_level":0,"original_size":0}
--- .beads/last-touched ---
proj-b75.3
[exit 0]
$ ["create", "Kid 4", "--parent", "proj-b75", "--silent"]
proj-b75.4
--- .beads/issues.jsonl ---
{"id":"proj-170","title":"Implement user auth","status":"open","priority":1,"issue_type":"feature","assignee":"alice","created_at":"2026-01-01T10:00:01Z","created_by":"tester","updated_at":"2026-01-01T11:00:00Z","source_repo":"proj","source_repo_path":"/mnt/proj","compaction_level":0,"original_size":0,"labels":["auth","backend"],"dependencies":[{"issue_id":"proj-170","depends_on_id":"proj-mta","type":"blocks","created_at":"2026-01-01T11:00:00Z","created_by":"tester","metadata":"{}","thread_id":""},{"issue_id":"proj-170","depends_on_id":"proj-uly","type":"parent-child","created_at":"2026-01-01T11:00:00Z","created_by":"tester","metadata":"{}","thread_id":""}]}
{"id":"proj-5u2","title":"Write API docs","status":"open","priority":3,"issue_type":"docs","created_at":"2026-01-01T10:00:03Z","created_by":"tester","updated_at":"2026-01-01T11:00:00Z","source_repo":"proj","source_repo_path":"/mnt/proj","compaction_level":0,"original_size":0,"dependencies":[{"issue_id":"proj-5u2","depends_on_id":"proj-170","type":"related","created_at":"2026-01-01T11:00:00Z","created_by":"tester","metadata":"{}","thread_id":""}]}
{"id":"proj-7vm","title":"Refactor config loader","status":"deferred","priority":4,"issue_type":"chore","created_at":"2026-01-01T10:00:05Z","created_by":"tester","updated_at":"2026-01-01T14:00:00Z","defer_until":"2027-06-01T09:00:00Z","source_repo":"proj","source_repo_path":"/mnt/proj","compaction_level":0,"original_size":0}
{"id":"proj-b75","title":"Ünïcödé title — “quotes” & <tags> \\ backslash","description":"Line one\nLine two\ttabbed","status":"open","priority":2,"issue_type":"task","created_at":"2026-01-01T10:00:06Z","created_by":"tester","updated_at":"2026-01-01T10:00:06Z","source_repo":"proj","source_repo_path":"/mnt/proj","compaction_level":0,"original_size":0}
{"id":"proj-b75.1","title":"Kid 1","status":"open","priority":2,"issue_type":"task","created_at":"2026-01-02T03:04:05Z","created_by":"tester","updated_at":"2026-01-02T03:04:05Z","source_repo":"proj","source_repo_path":"/mnt/proj","compaction_level":0,"original_size":0,"dependencies":[{"issue_id":"proj-b75.1","depends_on_id":"proj-b75","type":"parent-child","created_at":"2026-01-02T03:04:05Z","created_by":"tester","metadata":"{}","thread_id":""}]}
{"id":"proj-b75.2","title":"Kid 2","status":"open","priority":2,"issue_type":"task","created_at":"2026-01-02T03:04:05Z","created_by":"tester","updated_at":"2026-01-02T03:04:05Z","source_repo":"proj","source_repo_path":"/mnt/proj","compaction_level":0,"original_size":0,"dependencies":[{"issue_id":"proj-b75.2","depends_on_id":"proj-b75","type":"parent-child","created_at":"2026-01-02T03:04:05Z","created_by":"tester","metadata":"{}","thread_id":""}]}
{"id":"proj-b75.3","title":"Kid 3","status":"open","priority":2,"issue_type":"task","created_at":"2026-01-02T03:04:05Z","created_by":"tester","updated_at":"2026-01-02T03:04:05Z","source_repo":"proj","source_repo_path":"/mnt/proj","compaction_level":0,"original_size":0,"dependencies":[{"issue_id":"proj-b75.3","depends_on_id":"proj-b75","type":"parent-child","created_at":"2026-01-02T03:04:05Z","created_by":"tester","metadata":"{}","thread_id":""}]}
{"id":"proj-b75.4","title":"Kid 4","status":"open","priority":2,"issue_type":"task","created_at":"2026-01-02T03:04:05Z","created_by":"tester","updated_at":"2026-01-02T03:04:05Z","source_repo":"proj","source_repo_path":"/mnt/proj","compaction_level":0,"original_size":0,"dependencies":[{"issue_id":"proj-b75.4","depends_on_id":"proj-b75","type":"parent-child","created_at":"2026-01-02T03:04:05Z","created_by":"tester","metadata":"{}","thread_id":""}]}
{"id":"proj-mkh","title":"Already finished work","status":"closed","priority":2,"issue_type":"task","created_at":"2026-01-01T10:00:07Z","created_by":"tester","updated_at":"2026-01-01T13:00:00Z","closed_at":"2026-01-01T13:00:00Z","close_reason":"Done before the fixture","source_repo":"proj","source_repo_path":"/mnt/proj","compaction_level":0,"original_size":0}
{"id":"proj-mta","title":"Set up database schema","description":"Create the initial tables.","status":"open","priority":1,"issue_type":"task","created_at":"2026-01-01T10:00:00Z","created_by":"tester","updated_at":"2026-01-01T10:00:00Z","source_repo":"proj","source_repo_path":"/mnt/proj","compaction_level":0,"original_size":0,"labels":["backend","db"]}
{"id":"proj-ptp","title":"Fix login timeout","status":"in_progress","priority":0,"issue_type":"bug","assignee":"bob","created_at":"2026-01-01T10:00:02Z","created_by":"tester","updated_at":"2026-01-01T12:30:00Z","source_repo":"proj","source_repo_path":"/mnt/proj","compaction_level":0,"original_size":0,"comments":[{"id":1,"issue_id":"proj-ptp","author":"tester","text":"Reproduced on staging.","created_at":"2026-01-01T12:30:00Z"}]}
{"id":"proj-uly","title":"Auth epic","status":"open","priority":2,"issue_type":"epic","created_at":"2026-01-01T10:00:04Z","created_by":"tester","updated_at":"2026-01-01T10:00:04Z","source_repo":"proj","source_repo_path":"/mnt/proj","compaction_level":0,"original_size":0}
--- .beads/last-touched ---
proj-b75.4
[exit 0]
$ ["create", "Kid 5", "--parent", "proj-b75", "--silent"]
proj-b75.5
--- .beads/issues.jsonl ---
{"id":"proj-170","title":"Implement user auth","status":"open","priority":1,"issue_type":"feature","assignee":"alice","created_at":"2026-01-01T10:00:01Z","created_by":"tester","updated_at":"2026-01-01T11:00:00Z","source_repo":"proj","source_repo_path":"/mnt/proj","compaction_level":0,"original_size":0,"labels":["auth","backend"],"dependencies":[{"issue_id":"proj-170","depends_on_id":"proj-mta","type":"blocks","created_at":"2026-01-01T11:00:00Z","created_by":"tester","metadata":"{}","thread_id":""},{"issue_id":"proj-170","depends_on_id":"proj-uly","type":"parent-child","created_at":"2026-01-01T11:00:00Z","created_by":"tester","metadata":"{}","thread_id":""}]}
{"id":"proj-5u2","title":"Write API docs","status":"open","priority":3,"issue_type":"docs","created_at":"2026-01-01T10:00:03Z","created_by":"tester","updated_at":"2026-01-01T11:00:00Z","source_repo":"proj","source_repo_path":"/mnt/proj","compaction_level":0,"original_size":0,"dependencies":[{"issue_id":"proj-5u2","depends_on_id":"proj-170","type":"related","created_at":"2026-01-01T11:00:00Z","created_by":"tester","metadata":"{}","thread_id":""}]}
{"id":"proj-7vm","title":"Refactor config loader","status":"deferred","priority":4,"issue_type":"chore","created_at":"2026-01-01T10:00:05Z","created_by":"tester","updated_at":"2026-01-01T14:00:00Z","defer_until":"2027-06-01T09:00:00Z","source_repo":"proj","source_repo_path":"/mnt/proj","compaction_level":0,"original_size":0}
{"id":"proj-b75","title":"Ünïcödé title — “quotes” & <tags> \\ backslash","description":"Line one\nLine two\ttabbed","status":"open","priority":2,"issue_type":"task","created_at":"2026-01-01T10:00:06Z","created_by":"tester","updated_at":"2026-01-01T10:00:06Z","source_repo":"proj","source_repo_path":"/mnt/proj","compaction_level":0,"original_size":0}
{"id":"proj-b75.1","title":"Kid 1","status":"open","priority":2,"issue_type":"task","created_at":"2026-01-02T03:04:05Z","created_by":"tester","updated_at":"2026-01-02T03:04:05Z","source_repo":"proj","source_repo_path":"/mnt/proj","compaction_level":0,"original_size":0,"dependencies":[{"issue_id":"proj-b75.1","depends_on_id":"proj-b75","type":"parent-child","created_at":"2026-01-02T03:04:05Z","created_by":"tester","metadata":"{}","thread_id":""}]}
{"id":"proj-b75.2","title":"Kid 2","status":"open","priority":2,"issue_type":"task","created_at":"2026-01-02T03:04:05Z","created_by":"tester","updated_at":"2026-01-02T03:04:05Z","source_repo":"proj","source_repo_path":"/mnt/proj","compaction_level":0,"original_size":0,"dependencies":[{"issue_id":"proj-b75.2","depends_on_id":"proj-b75","type":"parent-child","created_at":"2026-01-02T03:04:05Z","created_by":"tester","metadata":"{}","thread_id":""}]}
{"id":"proj-b75.3","title":"Kid 3","status":"open","priority":2,"issue_type":"task","created_at":"2026-01-02T03:04:05Z","created_by":"tester","updated_at":"2026-01-02T03:04:05Z","source_repo":"proj","source_repo_path":"/mnt/proj","compaction_level":0,"original_size":0,"dependencies":[{"issue_id":"proj-b75.3","depends_on_id":"proj-b75","type":"parent-child","created_at":"2026-01-02T03:04:05Z","created_by":"tester","metadata":"{}","thread_id":""}]}
{"id":"proj-b75.4","title":"Kid 4","status":"open","priority":2,"issue_type":"task","created_at":"2026-01-02T03:04:05Z","created_by":"tester","updated_at":"2026-01-02T03:04:05Z","source_repo":"proj","source_repo_path":"/mnt/proj","compaction_level":0,"original_size":0,"dependencies":[{"issue_id":"proj-b75.4","depends_on_id":"proj-b75","type":"parent-child","created_at":"2026-01-02T03:04:05Z","created_by":"tester","metadata":"{}","thread_id":""}]}
{"id":"proj-b75.5","title":"Kid 5","status":"open","priority":2,"issue_type":"task","created_at":"2026-01-02T03:04:05Z","created_by":"tester","updated_at":"2026-01-02T03:04:05Z","source_repo":"proj","source_repo_path":"/mnt/proj","compaction_level":0,"original_size":0,"dependencies":[{"issue_id":"proj-b75.5","depends_on_id":"proj-b75","type":"parent-child","created_at":"2026-01-02T03:04:05Z","created_by":"tester","metadata":"{}","thread_id":""}]}
{"id":"proj-mkh","title":"Already finished work","status":"closed","priority":2,"issue_type":"task","created_at":"2026-01-01T10:00:07Z","created_by":"tester","updated_at":"2026-01-01T13:00:00Z","closed_at":"2026-01-01T13:00:00Z","close_reason":"Done before the fixture","source_repo":"proj","source_repo_path":"/mnt/proj","compaction_level":0,"original_size":0}
{"id":"proj-mta","title":"Set up database schema","description":"Create the initial tables.","status":"open","priority":1,"issue_type":"task","created_at":"2026-01-01T10:00:00Z","created_by":"tester","updated_at":"2026-01-01T10:00:00Z","source_repo":"proj","source_repo_path":"/mnt/proj","compaction_level":0,"original_size":0,"labels":["backend","db"]}
{"id":"proj-ptp","title":"Fix login timeout","status":"in_progress","priority":0,"issue_type":"bug","assignee":"bob","created_at":"2026-01-01T10:00:02Z","created_by":"tester","updated_at":"2026-01-01T12:30:00Z","source_repo":"proj","source_repo_path":"/mnt/proj","compaction_level":0,"original_size":0,"comments":[{"id":1,"issue_id":"proj-ptp","author":"tester","text":"Reproduced on staging.","created_at":"2026-01-01T12:30:00Z"}]}
{"id":"proj-uly","title":"Auth epic","status":"open","priority":2,"issue_type":"epic","created_at":"2026-01-01T10:00:04Z","created_by":"tester","updated_at":"2026-01-01T10:00:04Z","source_repo":"proj","source_repo_path":"/mnt/proj","compaction_level":0,"original_size":0}
--- .beads/last-touched ---
proj-b75.5
[exit 0]
$ ["create", "Kid 6", "--parent", "proj-b75", "--silent"]
proj-b75.6
--- .beads/issues.jsonl ---
{"id":"proj-170","title":"Implement user auth","status":"open","priority":1,"issue_type":"feature","assignee":"alice","created_at":"2026-01-01T10:00:01Z","created_by":"tester","updated_at":"2026-01-01T11:00:00Z","source_repo":"proj","source_repo_path":"/mnt/proj","compaction_level":0,"original_size":0,"labels":["auth","backend"],"dependencies":[{"issue_id":"proj-170","depends_on_id":"proj-mta","type":"blocks","created_at":"2026-01-01T11:00:00Z","created_by":"tester","metadata":"{}","thread_id":""},{"issue_id":"proj-170","depends_on_id":"proj-uly","type":"parent-child","created_at":"2026-01-01T11:00:00Z","created_by":"tester","metadata":"{}","thread_id":""}]}
{"id":"proj-5u2","title":"Write API docs","status":"open","priority":3,"issue_type":"docs","created_at":"2026-01-01T10:00:03Z","created_by":"tester","updated_at":"2026-01-01T11:00:00Z","source_repo":"proj","source_repo_path":"/mnt/proj","compaction_level":0,"original_size":0,"dependencies":[{"issue_id":"proj-5u2","depends_on_id":"proj-170","type":"related","created_at":"2026-01-01T11:00:00Z","created_by":"tester","metadata":"{}","thread_id":""}]}
{"id":"proj-7vm","title":"Refactor config loader","status":"deferred","priority":4,"issue_type":"chore","created_at":"2026-01-01T10:00:05Z","created_by":"tester","updated_at":"2026-01-01T14:00:00Z","defer_until":"2027-06-01T09:00:00Z","source_repo":"proj","source_repo_path":"/mnt/proj","compaction_level":0,"original_size":0}
{"id":"proj-b75","title":"Ünïcödé title — “quotes” & <tags> \\ backslash","description":"Line one\nLine two\ttabbed","status":"open","priority":2,"issue_type":"task","created_at":"2026-01-01T10:00:06Z","created_by":"tester","updated_at":"2026-01-01T10:00:06Z","source_repo":"proj","source_repo_path":"/mnt/proj","compaction_level":0,"original_size":0}
{"id":"proj-b75.1","title":"Kid 1","status":"open","priority":2,"issue_type":"task","created_at":"2026-01-02T03:04:05Z","created_by":"tester","updated_at":"2026-01-02T03:04:05Z","source_repo":"proj","source_repo_path":"/mnt/proj","compaction_level":0,"original_size":0,"dependencies":[{"issue_id":"proj-b75.1","depends_on_id":"proj-b75","type":"parent-child","created_at":"2026-01-02T03:04:05Z","created_by":"tester","metadata":"{}","thread_id":""}]}
{"id":"proj-b75.2","title":"Kid 2","status":"open","priority":2,"issue_type":"task","created_at":"2026-01-02T03:04:05Z","created_by":"tester","updated_at":"2026-01-02T03:04:05Z","source_repo":"proj","source_repo_path":"/mnt/proj","compaction_level":0,"original_size":0,"dependencies":[{"issue_id":"proj-b75.2","depends_on_id":"proj-b75","type":"parent-child","created_at":"2026-01-02T03:04:05Z","created_by":"tester","metadata":"{}","thread_id":""}]}
{"id":"proj-b75.3","title":"Kid 3","status":"open","priority":2,"issue_type":"task","created_at":"2026-01-02T03:04:05Z","created_by":"tester","updated_at":"2026-01-02T03:04:05Z","source_repo":"proj","source_repo_path":"/mnt/proj","compaction_level":0,"original_size":0,"dependencies":[{"issue_id":"proj-b75.3","depends_on_id":"proj-b75","type":"parent-child","created_at":"2026-01-02T03:04:05Z","created_by":"tester","metadata":"{}","thread_id":""}]}
{"id":"proj-b75.4","title":"Kid 4","status":"open","priority":2,"issue_type":"task","created_at":"2026-01-02T03:04:05Z","created_by":"tester","updated_at":"2026-01-02T03:04:05Z","source_repo":"proj","source_repo_path":"/mnt/proj","compaction_level":0,"original_size":0,"dependencies":[{"issue_id":"proj-b75.4","depends_on_id":"proj-b75","type":"parent-child","created_at":"2026-01-02T03:04:05Z","created_by":"tester","metadata":"{}","thread_id":""}]}
{"id":"proj-b75.5","title":"Kid 5","status":"open","priority":2,"issue_type":"task","created_at":"2026-01-02T03:04:05Z","created_by":"tester","updated_at":"2026-01-02T03:04:05Z","source_repo":"proj","source_repo_path":"/mnt/proj","compaction_level":0,"original_size":0,"dependencies":[{"issue_id":"proj-b75.5","depends_on_id":"proj-b75","type":"parent-child","created_at":"2026-01-02T03:04:05Z","created_by":"tester","metadata":"{}","thread_id":""}]}
{"id":"proj-b75.6","title":"Kid 6","status":"open","priority":2,"issue_type":"task","created_at":"2026-01-02T03:04:05Z","created_by":"tester","updated_at":"2026-01-02T03:04:05Z","source_repo":"proj","source_repo_path":"/mnt/proj","compaction_level":0,"original_size":0,"dependencies":[{"issue_id":"proj-b75.6","depends_on_id":"proj-b75","type":"parent-child","created_at":"2026-01-02T03:04:05Z","created_by":"tester","metadata":"{}","thread_id":""}]}
{"id":"proj-mkh","title":"Already finished work","status":"closed","priority":2,"issue_type":"task","created_at":"2026-01-01T10:00:07Z","created_by":"tester","updated_at":"2026-01-01T13:00:00Z","closed_at":"2026-01-01T13:00:00Z","close_reason":"Done before the fixture","source_repo":"proj","source_repo_path":"/mnt/proj","compaction_level":0,"original_size":0}
{"id":"proj-mta","title":"Set up database schema","description":"Create the initial tables.","status":"open","priority":1,"issue_type":"task","created_at":"2026-01-01T10:00:00Z","created_by":"tester","updated_at":"2026-01-01T10:00:00Z","source_repo":"proj","source_repo_path":"/mnt/proj","compaction_level":0,"original_size":0,"labels":["backend","db"]}
{"id":"proj-ptp","title":"Fix login timeout","status":"in_progress","priority":0,"issue_type":"bug","assignee":"bob","created_at":"2026-01-01T10:00:02Z","created_by":"tester","updated_at":"2026-01-01T12:30:00Z","source_repo":"proj","source_repo_path":"/mnt/proj","compaction_level":0,"original_size":0,"comments":[{"id":1,"issue_id":"proj-ptp","author":"tester","text":"Reproduced on staging.","created_at":"2026-01-01T12:30:00Z"}]}
{"id":"proj-uly","title":"Auth epic","status":"open","priority":2,"issue_type":"epic","created_at":"2026-01-01T10:00:04Z","created_by":"tester","updated_at":"2026-01-01T10:00:04Z","source_repo":"proj","source_repo_path":"/mnt/proj","compaction_level":0,"original_size":0}
--- .beads/last-touched ---
proj-b75.6
[exit 0]
$ ["create", "Kid 7", "--parent", "proj-b75", "--silent"]
proj-b75.7
--- .beads/issues.jsonl ---
{"id":"proj-170","title":"Implement user auth","status":"open","priority":1,"issue_type":"feature","assignee":"alice","created_at":"2026-01-01T10:00:01Z","created_by":"tester","updated_at":"2026-01-01T11:00:00Z","source_repo":"proj","source_repo_path":"/mnt/proj","compaction_level":0,"original_size":0,"labels":["auth","backend"],"dependencies":[{"issue_id":"proj-170","depends_on_id":"proj-mta","type":"blocks","created_at":"2026-01-01T11:00:00Z","created_by":"tester","metadata":"{}","thread_id":""},{"issue_id":"proj-170","depends_on_id":"proj-uly","type":"parent-child","created_at":"2026-01-01T11:00:00Z","created_by":"tester","metadata":"{}","thread_id":""}]}
{"id":"proj-5u2","title":"Write API docs","status":"open","priority":3,"issue_type":"docs","created_at":"2026-01-01T10:00:03Z","created_by":"tester","updated_at":"2026-01-01T11:00:00Z","source_repo":"proj","source_repo_path":"/mnt/proj","compaction_level":0,"original_size":0,"dependencies":[{"issue_id":"proj-5u2","depends_on_id":"proj-170","type":"related","created_at":"2026-01-01T11:00:00Z","created_by":"tester","metadata":"{}","thread_id":""}]}
{"id":"proj-7vm","title":"Refactor config loader","status":"deferred","priority":4,"issue_type":"chore","created_at":"2026-01-01T10:00:05Z","created_by":"tester","updated_at":"2026-01-01T14:00:00Z","defer_until":"2027-06-01T09:00:00Z","source_repo":"proj","source_repo_path":"/mnt/proj","compaction_level":0,"original_size":0}
{"id":"proj-b75","title":"Ünïcödé title — “quotes” & <tags> \\ backslash","description":"Line one\nLine two\ttabbed","status":"open","priority":2,"issue_type":"task","created_at":"2026-01-01T10:00:06Z","created_by":"tester","updated_at":"2026-01-01T10:00:06Z","source_repo":"proj","source_repo_path":"/mnt/proj","compaction_level":0,"original_size":0}
{"id":"proj-b75.1","title":"Kid 1","status":"open","priority":2,"issue_type":"task","created_at":"2026-01-02T03:04:05Z","created_by":"tester","updated_at":"2026-01-02T03:04:05Z","source_repo":"proj","source_repo_path":"/mnt/proj","compaction_level":0,"original_size":0,"dependencies":[{"issue_id":"proj-b75.1","depends_on_id":"proj-b75","type":"parent-child","created_at":"2026-01-02T03:04:05Z","created_by":"tester","metadata":"{}","thread_id":""}]}
{"id":"proj-b75.2","title":"Kid 2","status":"open","priority":2,"issue_type":"task","created_at":"2026-01-02T03:04:05Z","created_by":"tester","updated_at":"2026-01-02T03:04:05Z","source_repo":"proj","source_repo_path":"/mnt/proj","compaction_level":0,"original_size":0,"dependencies":[{"issue_id":"proj-b75.2","depends_on_id":"proj-b75","type":"parent-child","created_at":"2026-01-02T03:04:05Z","created_by":"tester","metadata":"{}","thread_id":""}]}
{"id":"proj-b75.3","title":"Kid 3","status":"open","priority":2,"issue_type":"task","created_at":"2026-01-02T03:04:05Z","created_by":"tester","updated_at":"2026-01-02T03:04:05Z","source_repo":"proj","source_repo_path":"/mnt/proj","compaction_level":0,"original_size":0,"dependencies":[{"issue_id":"proj-b75.3","depends_on_id":"proj-b75","type":"parent-child","created_at":"2026-01-02T03:04:05Z","created_by":"tester","metadata":"{}","thread_id":""}]}
{"id":"proj-b75.4","title":"Kid 4","status":"open","priority":2,"issue_type":"task","created_at":"2026-01-02T03:04:05Z","created_by":"tester","updated_at":"2026-01-02T03:04:05Z","source_repo":"proj","source_repo_path":"/mnt/proj","compaction_level":0,"original_size":0,"dependencies":[{"issue_id":"proj-b75.4","depends_on_id":"proj-b75","type":"parent-child","created_at":"2026-01-02T03:04:05Z","created_by":"tester","metadata":"{}","thread_id":""}]}
{"id":"proj-b75.5","title":"Kid 5","status":"open","priority":2,"issue_type":"task","created_at":"2026-01-02T03:04:05Z","created_by":"tester","updated_at":"2026-01-02T03:04:05Z","source_repo":"proj","source_repo_path":"/mnt/proj","compaction_level":0,"original_size":0,"dependencies":[{"issue_id":"proj-b75.5","depends_on_id":"proj-b75","type":"parent-child","created_at":"2026-01-02T03:04:05Z","created_by":"tester","metadata":"{}","thread_id":""}]}
{"id":"proj-b75.6","title":"Kid 6","status":"open","priority":2,"issue_type":"task","created_at":"2026-01-02T03:04:05Z","created_by":"tester","updated_at":"2026-01-02T03:04:05Z","source_repo":"proj","source_repo_path":"/mnt/proj","compaction_level":0,"original_size":0,"dependencies":[{"issue_id":"proj-b75.6","depends_on_id":"proj-b75","type":"parent-child","created_at":"2026-01-02T03:04:05Z","created_by":"tester","metadata":"{}","thread_id":""}]}
{"id":"proj-b75.7","title":"Kid 7","status":"open","priority":2,"issue_type":"task","created_at":"2026-01-02T03:04:05Z","created_by":"tester","updated_at":"2026-01-02T03:04:05Z","source_repo":"proj","source_repo_path":"/mnt/proj","compaction_level":0,"original_size":0,"dependencies":[{"issue_id":"proj-b75.7","depends_on_id":"proj-b75","type":"parent-child","created_at":"2026-01-02T03:04:05Z","created_by":"tester","metadata":"{}","thread_id":""}]}
{"id":"proj-mkh","title":"Already finished work","status":"closed","priority":2,"issue_type":"task","created_at":"2026-01-01T10:00:07Z","created_by":"tester","updated_at":"2026-01-01T13:00:00Z","closed_at":"2026-01-01T13:00:00Z","close_reason":"Done before the fixture","source_repo":"proj","source_repo_path":"/mnt/proj","compaction_level":0,"original_size":0}
{"id":"proj-mta","title":"Set up database schema","description":"Create the initial tables.","status":"open","priority":1,"issue_type":"task","created_at":"2026-01-01T10:00:00Z","created_by":"tester","updated_at":"2026-01-01T10:00:00Z","source_repo":"proj","source_repo_path":"/mnt/proj","compaction_level":0,"original_size":0,"labels":["backend","db"]}
{"id":"proj-ptp","title":"Fix login timeout","status":"in_progress","priority":0,"issue_type":"bug","assignee":"bob","created_at":"2026-01-01T10:00:02Z","created_by":"tester","updated_at":"2026-01-01T12:30:00Z","source_repo":"proj","source_repo_path":"/mnt/proj","compaction_level":0,"original_size":0,"comments":[{"id":1,"issue_id":"proj-ptp","author":"tester","text":"Reproduced on staging.","created_at":"2026-01-01T12:30:00Z"}]}
{"id":"proj-uly","title":"Auth epic","status":"open","priority":2,"issue_type":"epic","created_at":"2026-01-01T10:00:04Z","created_by":"tester","updated_at":"2026-01-01T10:00:04Z","source_repo":"proj","source_repo_path":"/mnt/proj","compaction_level":0,"original_size":0}
--- .beads/last-touched ---
proj-b75.7
[exit 0]
$ ["create", "Kid 8", "--parent", "proj-b75", "--silent"]
proj-b75.8
--- .beads/issues.jsonl ---
{"id":"proj-170","title":"Implement user auth","status":"open","priority":1,"issue_type":"feature","assignee":"alice","created_at":"2026-01-01T10:00:01Z","created_by":"tester","updated_at":"2026-01-01T11:00:00Z","source_repo":"proj","source_repo_path":"/mnt/proj","compaction_level":0,"original_size":0,"labels":["auth","backend"],"dependencies":[{"issue_id":"proj-170","depends_on_id":"proj-mta","type":"blocks","created_at":"2026-01-01T11:00:00Z","created_by":"tester","metadata":"{}","thread_id":""},{"issue_id":"proj-170","depends_on_id":"proj-uly","type":"parent-child","created_at":"2026-01-01T11:00:00Z","created_by":"tester","metadata":"{}","thread_id":""}]}
{"id":"proj-5u2","title":"Write API docs","status":"open","priority":3,"issue_type":"docs","created_at":"2026-01-01T10:00:03Z","created_by":"tester","updated_at":"2026-01-01T11:00:00Z","source_repo":"proj","source_repo_path":"/mnt/proj","compaction_level":0,"original_size":0,"dependencies":[{"issue_id":"proj-5u2","depends_on_id":"proj-170","type":"related","created_at":"2026-01-01T11:00:00Z","created_by":"tester","metadata":"{}","thread_id":""}]}
{"id":"proj-7vm","title":"Refactor config loader","status":"deferred","priority":4,"issue_type":"chore","created_at":"2026-01-01T10:00:05Z","created_by":"tester","updated_at":"2026-01-01T14:00:00Z","defer_until":"2027-06-01T09:00:00Z","source_repo":"proj","source_repo_path":"/mnt/proj","compaction_level":0,"original_size":0}
{"id":"proj-b75","title":"Ünïcödé title — “quotes” & <tags> \\ backslash","description":"Line one\nLine two\ttabbed","status":"open","priority":2,"issue_type":"task","created_at":"2026-01-01T10:00:06Z","created_by":"tester","updated_at":"2026-01-01T10:00:06Z","source_repo":"proj","source_repo_path":"/mnt/proj","compaction_level":0,"original_size":0}
{"id":"proj-b75.1","title":"Kid 1","status":"open","priority":2,"issue_type":"task","created_at":"2026-01-02T03:04:05Z","created_by":"tester","updated_at":"2026-01-02T03:04:05Z","source_repo":"proj","source_repo_path":"/mnt/proj","compaction_level":0,"original_size":0,"dependencies":[{"issue_id":"proj-b75.1","depends_on_id":"proj-b75","type":"parent-child","created_at":"2026-01-02T03:04:05Z","created_by":"tester","metadata":"{}","thread_id":""}]}
{"id":"proj-b75.2","title":"Kid 2","status":"open","priority":2,"issue_type":"task","created_at":"2026-01-02T03:04:05Z","created_by":"tester","updated_at":"2026-01-02T03:04:05Z","source_repo":"proj","source_repo_path":"/mnt/proj","compaction_level":0,"original_size":0,"dependencies":[{"issue_id":"proj-b75.2","depends_on_id":"proj-b75","type":"parent-child","created_at":"2026-01-02T03:04:05Z","created_by":"tester","metadata":"{}","thread_id":""}]}
{"id":"proj-b75.3","title":"Kid 3","status":"open","priority":2,"issue_type":"task","created_at":"2026-01-02T03:04:05Z","created_by":"tester","updated_at":"2026-01-02T03:04:05Z","source_repo":"proj","source_repo_path":"/mnt/proj","compaction_level":0,"original_size":0,"dependencies":[{"issue_id":"proj-b75.3","depends_on_id":"proj-b75","type":"parent-child","created_at":"2026-01-02T03:04:05Z","created_by":"tester","metadata":"{}","thread_id":""}]}
{"id":"proj-b75.4","title":"Kid 4","status":"open","priority":2,"issue_type":"task","created_at":"2026-01-02T03:04:05Z","created_by":"tester","updated_at":"2026-01-02T03:04:05Z","source_repo":"proj","source_repo_path":"/mnt/proj","compaction_level":0,"original_size":0,"dependencies":[{"issue_id":"proj-b75.4","depends_on_id":"proj-b75","type":"parent-child","created_at":"2026-01-02T03:04:05Z","created_by":"tester","metadata":"{}","thread_id":""}]}
{"id":"proj-b75.5","title":"Kid 5","status":"open","priority":2,"issue_type":"task","created_at":"2026-01-02T03:04:05Z","created_by":"tester","updated_at":"2026-01-02T03:04:05Z","source_repo":"proj","source_repo_path":"/mnt/proj","compaction_level":0,"original_size":0,"dependencies":[{"issue_id":"proj-b75.5","depends_on_id":"proj-b75","type":"parent-child","created_at":"2026-01-02T03:04:05Z","created_by":"tester","metadata":"{}","thread_id":""}]}
{"id":"proj-b75.6","title":"Kid 6","status":"open","priority":2,"issue_type":"task","created_at":"2026-01-02T03:04:05Z","created_by":"tester","updated_at":"2026-01-02T03:04:05Z","source_repo":"proj","source_repo_path":"/mnt/proj","compaction_level":0,"original_size":0,"dependencies":[{"issue_id":"proj-b75.6","depends_on_id":"proj-b75","type":"parent-child","created_at":"2026-01-02T03:04:05Z","created_by":"tester","metadata":"{}","thread_id":""}]}
{"id":"proj-b75.7","title":"Kid 7","status":"open","priority":2,"issue_type":"task","created_at":"2026-01-02T03:04:05Z","created_by":"tester","updated_at":"2026-01-02T03:04:05Z","source_repo":"proj","source_repo_path":"/mnt/proj","compaction_level":0,"original_size":0,"dependencies":[{"issue_id":"proj-b75.7","depends_on_id":"proj-b75","type":"parent-child","created_at":"2026-01-02T03:04:05Z","created_by":"tester","metadata":"{}","thread_id":""}]}
{"id":"proj-b75.8","title":"Kid 8","status":"open","priority":2,"issue_type":"task","created_at":"2026-01-02T03:04:05Z","created_by":"tester","updated_at":"2026-01-02T03:04:05Z","source_repo":"proj","source_repo_path":"/mnt/proj","compaction_level":0,"original_size":0,"dependencies":[{"issue_id":"proj-b75.8","depends_on_id":"proj-b75","type":"parent-child","created_at":"2026-01-02T03:04:05Z","created_by":"tester","metadata":"{}","thread_id":""}]}
{"id":"proj-mkh","title":"Already finished work","status":"closed","priority":2,"issue_type":"task","created_at":"2026-01-01T10:00:07Z","created_by":"tester","updated_at":"2026-01-01T13:00:00Z","closed_at":"2026-01-01T13:00:00Z","close_reason":"Done before the fixture","source_repo":"proj","source_repo_path":"/mnt/proj","compaction_level":0,"original_size":0}
{"id":"proj-mta","title":"Set up database schema","description":"Create the initial tables.","status":"open","priority":1,"issue_type":"task","created_at":"2026-01-01T10:00:00Z","created_by":"tester","updated_at":"2026-01-01T10:00:00Z","source_repo":"proj","source_repo_path":"/mnt/proj","compaction_level":0,"original_size":0,"labels":["backend","db"]}
{"id":"proj-ptp","title":"Fix login timeout","status":"in_progress","priority":0,"issue_type":"bug","assignee":"bob","created_at":"2026-01-01T10:00:02Z","created_by":"tester","updated_at":"2026-01-01T12:30:00Z","source_repo":"proj","source_repo_path":"/mnt/proj","compaction_level":0,"original_size":0,"comments":[{"id":1,"issue_id":"proj-ptp","author":"tester","text":"Reproduced on staging.","created_at":"2026-01-01T12:30:00Z"}]}
{"id":"proj-uly","title":"Auth epic","status":"open","priority":2,"issue_type":"epic","created_at":"2026-01-01T10:00:04Z","created_by":"tester","updated_at":"2026-01-01T10:00:04Z","source_repo":"proj","source_repo_path":"/mnt/proj","compaction_level":0,"original_size":0}
--- .beads/last-touched ---
proj-b75.8
[exit 0]
$ ["create", "Kid 9", "--parent", "proj-b75", "--silent"]
proj-b75.9
--- .beads/issues.jsonl ---
{"id":"proj-170","title":"Implement user auth","status":"open","priority":1,"issue_type":"feature","assignee":"alice","created_at":"2026-01-01T10:00:01Z","created_by":"tester","updated_at":"2026-01-01T11:00:00Z","source_repo":"proj","source_repo_path":"/mnt/proj","compaction_level":0,"original_size":0,"labels":["auth","backend"],"dependencies":[{"issue_id":"proj-170","depends_on_id":"proj-mta","type":"blocks","created_at":"2026-01-01T11:00:00Z","created_by":"tester","metadata":"{}","thread_id":""},{"issue_id":"proj-170","depends_on_id":"proj-uly","type":"parent-child","created_at":"2026-01-01T11:00:00Z","created_by":"tester","metadata":"{}","thread_id":""}]}
{"id":"proj-5u2","title":"Write API docs","status":"open","priority":3,"issue_type":"docs","created_at":"2026-01-01T10:00:03Z","created_by":"tester","updated_at":"2026-01-01T11:00:00Z","source_repo":"proj","source_repo_path":"/mnt/proj","compaction_level":0,"original_size":0,"dependencies":[{"issue_id":"proj-5u2","depends_on_id":"proj-170","type":"related","created_at":"2026-01-01T11:00:00Z","created_by":"tester","metadata":"{}","thread_id":""}]}
{"id":"proj-7vm","title":"Refactor config loader","status":"deferred","priority":4,"issue_type":"chore","created_at":"2026-01-01T10:00:05Z","created_by":"tester","updated_at":"2026-01-01T14:00:00Z","defer_until":"2027-06-01T09:00:00Z","source_repo":"proj","source_repo_path":"/mnt/proj","compaction_level":0,"original_size":0}
{"id":"proj-b75","title":"Ünïcödé title — “quotes” & <tags> \\ backslash","description":"Line one\nLine two\ttabbed","status":"open","priority":2,"issue_type":"task","created_at":"2026-01-01T10:00:06Z","created_by":"tester","updated_at":"2026-01-01T10:00:06Z","source_repo":"proj","source_repo_path":"/mnt/proj","compaction_level":0,"original_size":0}
{"id":"proj-b75.1","title":"Kid 1","status":"open","priority":2,"issue_type":"task","created_at":"2026-01-02T03:04:05Z","created_by":"tester","updated_at":"2026-01-02T03:04:05Z","source_repo":"proj","source_repo_path":"/mnt/proj","compaction_level":0,"original_size":0,"dependencies":[{"issue_id":"proj-b75.1","depends_on_id":"proj-b75","type":"parent-child","created_at":"2026-01-02T03:04:05Z","created_by":"tester","metadata":"{}","thread_id":""}]}
{"id":"proj-b75.2","title":"Kid 2","status":"open","priority":2,"issue_type":"task","created_at":"2026-01-02T03:04:05Z","created_by":"tester","updated_at":"2026-01-02T03:04:05Z","source_repo":"proj","source_repo_path":"/mnt/proj","compaction_level":0,"original_size":0,"dependencies":[{"issue_id":"proj-b75.2","depends_on_id":"proj-b75","type":"parent-child","created_at":"2026-01-02T03:04:05Z","created_by":"tester","metadata":"{}","thread_id":""}]}
{"id":"proj-b75.3","title":"Kid 3","status":"open","priority":2,"issue_type":"task","created_at":"2026-01-02T03:04:05Z","created_by":"tester","updated_at":"2026-01-02T03:04:05Z","source_repo":"proj","source_repo_path":"/mnt/proj","compaction_level":0,"original_size":0,"dependencies":[{"issue_id":"proj-b75.3","depends_on_id":"proj-b75","type":"parent-child","created_at":"2026-01-02T03:04:05Z","created_by":"tester","metadata":"{}","thread_id":""}]}
{"id":"proj-b75.4","title":"Kid 4","status":"open","priority":2,"issue_type":"task","created_at":"2026-01-02T03:04:05Z","created_by":"tester","updated_at":"2026-01-02T03:04:05Z","source_repo":"proj","source_repo_path":"/mnt/proj","compaction_level":0,"original_size":0,"dependencies":[{"issue_id":"proj-b75.4","depends_on_id":"proj-b75","type":"parent-child","created_at":"2026-01-02T03:04:05Z","created_by":"tester","metadata":"{}","thread_id":""}]}
{"id":"proj-b75.5","title":"Kid 5","status":"open","priority":2,"issue_type":"task","created_at":"2026-01-02T03:04:05Z","created_by":"tester","updated_at":"2026-01-02T03:04:05Z","source_repo":"proj","source_repo_path":"/mnt/proj","compaction_level":0,"original_size":0,"dependencies":[{"issue_id":"proj-b75.5","depends_on_id":"proj-b75","type":"parent-child","created_at":"2026-01-02T03:04:05Z","created_by":"tester","metadata":"{}","thread_id":""}]}
{"id":"proj-b75.6","title":"Kid 6","status":"open","priority":2,"issue_type":"task","created_at":"2026-01-02T03:04:05Z","created_by":"tester","updated_at":"2026-01-02T03:04:05Z","source_repo":"proj","source_repo_path":"/mnt/proj","compaction_level":0,"original_size":0,"dependencies":[{"issue_id":"proj-b75.6","depends_on_id":"proj-b75","type":"parent-child","created_at":"2026-01-02T03:04:05Z","created_by":"tester","metadata":"{}","thread_id":""}]}
{"id":"proj-b75.7","title":"Kid 7","status":"open","priority":2,"issue_type":"task","created_at":"2026-01-02T03:04:05Z","created_by":"tester","updated_at":"2026-01-02T03:04:05Z","source_repo":"proj","source_repo_path":"/mnt/proj","compaction_level":0,"original_size":0,"dependencies":[{"issue_id":"proj-b75.7","depends_on_id":"proj-b75","type":"parent-child","created_at":"2026-01-02T03:04:05Z","created_by":"tester","metadata":"{}","thread_id":""}]}
{"id":"proj-b75.8","title":"Kid 8","status":"open","priority":2,"issue_type":"task","created_at":"2026-01-02T03:04:05Z","created_by":"tester","updated_at":"2026-01-02T03:04:05Z","source_repo":"proj","source_repo_path":"/mnt/proj","compaction_level":0,"original_size":0,"dependencies":[{"issue_id":"proj-b75.8","depends_on_id":"proj-b75","type":"parent-child","created_at":"2026-01-02T03:04:05Z","created_by":"tester","metadata":"{}","thread_id":""}]}
{"id":"proj-b75.9","title":"Kid 9","status":"open","priority":2,"issue_type":"task","created_at":"2026-01-02T03:04:05Z","created_by":"tester","updated_at":"2026-01-02T03:04:05Z","source_repo":"proj","source_repo_path":"/mnt/proj","compaction_level":0,"original_size":0,"dependencies":[{"issue_id":"proj-b75.9","depends_on_id":"proj-b75","type":"parent-child","created_at":"2026-01-02T03:04:05Z","created_by":"tester","metadata":"{}","thread_id":""}]}
{"id":"proj-mkh","title":"Already finished work","status":"closed","priority":2,"issue_type":"task","created_at":"2026-01-01T10:00:07Z","created_by":"tester","updated_at":"2026-01-01T13:00:00Z","closed_at":"2026-01-01T13:00:00Z","close_reason":"Done before the fixture","source_repo":"proj","source_repo_path":"/mnt/proj","compaction_level":0,"original_size":0}
{"id":"proj-mta","title":"Set up database schema","description":"Create the initial tables.","status":"open","priority":1,"issue_type":"task","created_at":"2026-01-01T10:00:00Z","created_by":"tester","updated_at":"2026-01-01T10:00:00Z","source_repo":"proj","source_repo_path":"/mnt/proj","compaction_level":0,"original_size":0,"labels":["backend","db"]}
{"id":"proj-ptp","title":"Fix login timeout","status":"in_progress","priority":0,"issue_type":"bug","assignee":"bob","created_at":"2026-01-01T10:00:02Z","created_by":"tester","updated_at":"2026-01-01T12:30:00Z","source_repo":"proj","source_repo_path":"/mnt/proj","compaction_level":0,"original_size":0,"comments":[{"id":1,"issue_id":"proj-ptp","author":"tester","text":"Reproduced on staging.","created_at":"2026-01-01T12:30:00Z"}]}
{"id":"proj-uly","title":"Auth epic","status":"open","priority":2,"issue_type":"epic","created_at":"2026-01-01T10:00:04Z","created_by":"tester","updated_at":"2026-01-01T10:00:04Z","source_repo":"proj","source_repo_path":"/mnt/proj","compaction_level":0,"original_size":0}
--- .beads/last-touched ---
proj-b75.9
[exit 0]
$ ["create", "Kid 10", "--parent", "proj-b75", "--silent"]
proj-b75.10
--- .beads/issues.jsonl ---
{"id":"proj-170","title":"Implement user auth","status":"open","priority":1,"issue_type":"feature","assignee":"alice","created_at":"2026-01-01T10:00:01Z","created_by":"tester","updated_at":"2026-01-01T11:00:00Z","source_repo":"proj","source_repo_path":"/mnt/proj","compaction_level":0,"original_size":0,"labels":["auth","backend"],"dependencies":[{"issue_id":"proj-170","depends_on_id":"proj-mta","type":"blocks","created_at":"2026-01-01T11:00:00Z","created_by":"tester","metadata":"{}","thread_id":""},{"issue_id":"proj-170","depends_on_id":"proj-uly","type":"parent-child","created_at":"2026-01-01T11:00:00Z","created_by":"tester","metadata":"{}","thread_id":""}]}
{"id":"proj-5u2","title":"Write API docs","status":"open","priority":3,"issue_type":"docs","created_at":"2026-01-01T10:00:03Z","created_by":"tester","updated_at":"2026-01-01T11:00:00Z","source_repo":"proj","source_repo_path":"/mnt/proj","compaction_level":0,"original_size":0,"dependencies":[{"issue_id":"proj-5u2","depends_on_id":"proj-170","type":"related","created_at":"2026-01-01T11:00:00Z","created_by":"tester","metadata":"{}","thread_id":""}]}
{"id":"proj-7vm","title":"Refactor config loader","status":"deferred","priority":4,"issue_type":"chore","created_at":"2026-01-01T10:00:05Z","created_by":"tester","updated_at":"2026-01-01T14:00:00Z","defer_until":"2027-06-01T09:00:00Z","source_repo":"proj","source_repo_path":"/mnt/proj","compaction_level":0,"original_size":0}
{"id":"proj-b75","title":"Ünïcödé title — “quotes” & <tags> \\ backslash","description":"Line one\nLine two\ttabbed","status":"open","priority":2,"issue_type":"task","created_at":"2026-01-01T10:00:06Z","created_by":"tester","updated_at":"2026-01-01T10:00:06Z","source_repo":"proj","source_repo_path":"/mnt/proj","compaction_level":0,"original_size":0}
{"id":"proj-b75.1","title":"Kid 1","status":"open","priority":2,"issue_type":"task","created_at":"2026-01-02T03:04:05Z","created_by":"tester","updated_at":"2026-01-02T03:04:05Z","source_repo":"proj","source_repo_path":"/mnt/proj","compaction_level":0,"original_size":0,"dependencies":[{"issue_id":"proj-b75.1","depends_on_id":"proj-b75","type":"parent-child","created_at":"2026-01-02T03:04:05Z","created_by":"tester","metadata":"{}","thread_id":""}]}
{"id":"proj-b75.10","title":"Kid 10","status":"open","priority":2,"issue_type":"task","created_at":"2026-01-02T03:04:05Z","created_by":"tester","updated_at":"2026-01-02T03:04:05Z","source_repo":"proj","source_repo_path":"/mnt/proj","compaction_level":0,"original_size":0,"dependencies":[{"issue_id":"proj-b75.10","depends_on_id":"proj-b75","type":"parent-child","created_at":"2026-01-02T03:04:05Z","created_by":"tester","metadata":"{}","thread_id":""}]}
{"id":"proj-b75.2","title":"Kid 2","status":"open","priority":2,"issue_type":"task","created_at":"2026-01-02T03:04:05Z","created_by":"tester","updated_at":"2026-01-02T03:04:05Z","source_repo":"proj","source_repo_path":"/mnt/proj","compaction_level":0,"original_size":0,"dependencies":[{"issue_id":"proj-b75.2","depends_on_id":"proj-b75","type":"parent-child","created_at":"2026-01-02T03:04:05Z","created_by":"tester","metadata":"{}","thread_id":""}]}
{"id":"proj-b75.3","title":"Kid 3","status":"open","priority":2,"issue_type":"task","created_at":"2026-01-02T03:04:05Z","created_by":"tester","updated_at":"2026-01-02T03:04:05Z","source_repo":"proj","source_repo_path":"/mnt/proj","compaction_level":0,"original_size":0,"dependencies":[{"issue_id":"proj-b75.3","depends_on_id":"proj-b75","type":"parent-child","created_at":"2026-01-02T03:04:05Z","created_by":"tester","metadata":"{}","thread_id":""}]}
{"id":"proj-b75.4","title":"Kid 4","status":"open","priority":2,"issue_type":"task","created_at":"2026-01-02T03:04:05Z","created_by":"tester","updated_at":"2026-01-02T03:04:05Z","source_repo":"proj","source_repo_path":"/mnt/proj","compaction_level":0,"original_size":0,"dependencies":[{"issue_id":"proj-b75.4","depends_on_id":"proj-b75","type":"parent-child","created_at":"2026-01-02T03:04:05Z","created_by":"tester","metadata":"{}","thread_id":""}]}
{"id":"proj-b75.5","title":"Kid 5","status":"open","priority":2,"issue_type":"task","created_at":"2026-01-02T03:04:05Z","created_by":"tester","updated_at":"2026-01-02T03:04:05Z","source_repo":"proj","source_repo_path":"/mnt/proj","compaction_level":0,"original_size":0,"dependencies":[{"issue_id":"proj-b75.5","depends_on_id":"proj-b75","type":"parent-child","created_at":"2026-01-02T03:04:05Z","created_by":"tester","metadata":"{}","thread_id":""}]}
{"id":"proj-b75.6","title":"Kid 6","status":"open","priority":2,"issue_type":"task","created_at":"2026-01-02T03:04:05Z","created_by":"tester","updated_at":"2026-01-02T03:04:05Z","source_repo":"proj","source_repo_path":"/mnt/proj","compaction_level":0,"original_size":0,"dependencies":[{"issue_id":"proj-b75.6","depends_on_id":"proj-b75","type":"parent-child","created_at":"2026-01-02T03:04:05Z","created_by":"tester","metadata":"{}","thread_id":""}]}
{"id":"proj-b75.7","title":"Kid 7","status":"open","priority":2,"issue_type":"task","created_at":"2026-01-02T03:04:05Z","created_by":"tester","updated_at":"2026-01-02T03:04:05Z","source_repo":"proj","source_repo_path":"/mnt/proj","compaction_level":0,"original_size":0,"dependencies":[{"issue_id":"proj-b75.7","depends_on_id":"proj-b75","type":"parent-child","created_at":"2026-01-02T03:04:05Z","created_by":"tester","metadata":"{}","thread_id":""}]}
{"id":"proj-b75.8","title":"Kid 8","status":"open","priority":2,"issue_type":"task","created_at":"2026-01-02T03:04:05Z","created_by":"tester","updated_at":"2026-01-02T03:04:05Z","source_repo":"proj","source_repo_path":"/mnt/proj","compaction_level":0,"original_size":0,"dependencies":[{"issue_id":"proj-b75.8","depends_on_id":"proj-b75","type":"parent-child","created_at":"2026-01-02T03:04:05Z","created_by":"tester","metadata":"{}","thread_id":""}]}
{"id":"proj-b75.9","title":"Kid 9","status":"open","priority":2,"issue_type":"task","created_at":"2026-01-02T03:04:05Z","created_by":"tester","updated_at":"2026-01-02T03:04:05Z","source_repo":"proj","source_repo_path":"/mnt/proj","compaction_level":0,"original_size":0,"dependencies":[{"issue_id":"proj-b75.9","depends_on_id":"proj-b75","type":"parent-child","created_at":"2026-01-02T03:04:05Z","created_by":"tester","metadata":"{}","thread_id":""}]}
{"id":"proj-mkh","title":"Already finished work","status":"closed","priority":2,"issue_type":"task","created_at":"2026-01-01T10:00:07Z","created_by":"tester","updated_at":"2026-01-01T13:00:00Z","closed_at":"2026-01-01T13:00:00Z","close_reason":"Done before the fixture","source_repo":"proj","source_repo_path":"/mnt/proj","compaction_level":0,"original_size":0}
{"id":"proj-mta","title":"Set up database schema","description":"Create the initial tables.","status":"open","priority":1,"issue_type":"task","created_at":"2026-01-01T10:00:00Z","created_by":"tester","updated_at":"2026-01-01T10:00:00Z","source_repo":"proj","source_repo_path":"/mnt/proj","compaction_level":0,"original_size":0,"labels":["backend","db"]}
{"id":"proj-ptp","title":"Fix login timeout","status":"in_progress","priority":0,"issue_type":"bug","assignee":"bob","created_at":"2026-01-01T10:00:02Z","created_by":"tester","updated_at":"2026-01-01T12:30:00Z","source_repo":"proj","source_repo_path":"/mnt/proj","compaction_level":0,"original_size":0,"comments":[{"id":1,"issue_id":"proj-ptp","author":"tester","text":"Reproduced on staging.","created_at":"2026-01-01T12:30:00Z"}]}
{"id":"proj-uly","title":"Auth epic","status":"open","priority":2,"issue_type":"epic","created_at":"2026-01-01T10:00:04Z","created_by":"tester","updated_at":"2026-01-01T10:00:04Z","source_repo":"proj","source_repo_path":"/mnt/proj","compaction_level":0,"original_size":0}
--- .beads/last-touched ---
proj-b75.10
[exit 0]
$ ["create", "Kid 11", "--parent", "proj-b75", "--silent"]
proj-b75.11
--- .beads/issues.jsonl ---
{"id":"proj-170","title":"Implement user auth","status":"open","priority":1,"issue_type":"feature","assignee":"alice","created_at":"2026-01-01T10:00:01Z","created_by":"tester","updated_at":"2026-01-01T11:00:00Z","source_repo":"proj","source_repo_path":"/mnt/proj","compaction_level":0,"original_size":0,"labels":["auth","backend"],"dependencies":[{"issue_id":"proj-170","depends_on_id":"proj-mta","type":"blocks","created_at":"2026-01-01T11:00:00Z","created_by":"tester","metadata":"{}","thread_id":""},{"issue_id":"proj-170","depends_on_id":"proj-uly","type":"parent-child","created_at":"2026-01-01T11:00:00Z","created_by":"tester","metadata":"{}","thread_id":""}]}
{"id":"proj-5u2","title":"Write API docs","status":"open","priority":3,"issue_type":"docs","created_at":"2026-01-01T10:00:03Z","created_by":"tester","updated_at":"2026-01-01T11:00:00Z","source_repo":"proj","source_repo_path":"/mnt/proj","compaction_level":0,"original_size":0,"dependencies":[{"issue_id":"proj-5u2","depends_on_id":"proj-170","type":"related","created_at":"2026-01-01T11:00:00Z","created_by":"tester","metadata":"{}","thread_id":""}]}
{"id":"proj-7vm","title":"Refactor config loader","status":"deferred","priority":4,"issue_type":"chore","created_at":"2026-01-01T10:00:05Z","created_by":"tester","updated_at":"2026-01-01T14:00:00Z","defer_until":"2027-06-01T09:00:00Z","source_repo":"proj","source_repo_path":"/mnt/proj","compaction_level":0,"original_size":0}
{"id":"proj-b75","title":"Ünïcödé title — “quotes” & <tags> \\ backslash","description":"Line one\nLine two\ttabbed","status":"open","priority":2,"issue_type":"task","created_at":"2026-01-01T10:00:06Z","created_by":"tester","updated_at":"2026-01-01T10:00:06Z","source_repo":"proj","source_repo_path":"/mnt/proj","compaction_level":0,"original_size":0}
{"id":"proj-b75.1","title":"Kid 1","status":"open","priority":2,"issue_type":"task","created_at":"2026-01-02T03:04:05Z","created_by":"tester","updated_at":"2026-01-02T03:04:05Z","source_repo":"proj","source_repo_path":"/mnt/proj","compaction_level":0,"original_size":0,"dependencies":[{"issue_id":"proj-b75.1","depends_on_id":"proj-b75","type":"parent-child","created_at":"2026-01-02T03:04:05Z","created_by":"tester","metadata":"{}","thread_id":""}]}
{"id":"proj-b75.10","title":"Kid 10","status":"open","priority":2,"issue_type":"task","created_at":"2026-01-02T03:04:05Z","created_by":"tester","updated_at":"2026-01-02T03:04:05Z","source_repo":"proj","source_repo_path":"/mnt/proj","compaction_level":0,"original_size":0,"dependencies":[{"issue_id":"proj-b75.10","depends_on_id":"proj-b75","type":"parent-child","created_at":"2026-01-02T03:04:05Z","created_by":"tester","metadata":"{}","thread_id":""}]}
{"id":"proj-b75.11","title":"Kid 11","status":"open","priority":2,"issue_type":"task","created_at":"2026-01-02T03:04:05Z","created_by":"tester","updated_at":"2026-01-02T03:04:05Z","source_repo":"proj","source_repo_path":"/mnt/proj","compaction_level":0,"original_size":0,"dependencies":[{"issue_id":"proj-b75.11","depends_on_id":"proj-b75","type":"parent-child","created_at":"2026-01-02T03:04:05Z","created_by":"tester","metadata":"{}","thread_id":""}]}
{"id":"proj-b75.2","title":"Kid 2","status":"open","priority":2,"issue_type":"task","created_at":"2026-01-02T03:04:05Z","created_by":"tester","updated_at":"2026-01-02T03:04:05Z","source_repo":"proj","source_repo_path":"/mnt/proj","compaction_level":0,"original_size":0,"dependencies":[{"issue_id":"proj-b75.2","depends_on_id":"proj-b75","type":"parent-child","created_at":"2026-01-02T03:04:05Z","created_by":"tester","metadata":"{}","thread_id":""}]}
{"id":"proj-b75.3","title":"Kid 3","status":"open","priority":2,"issue_type":"task","created_at":"2026-01-02T03:04:05Z","created_by":"tester","updated_at":"2026-01-02T03:04:05Z","source_repo":"proj","source_repo_path":"/mnt/proj","compaction_level":0,"original_size":0,"dependencies":[{"issue_id":"proj-b75.3","depends_on_id":"proj-b75","type":"parent-child","created_at":"2026-01-02T03:04:05Z","created_by":"tester","metadata":"{}","thread_id":""}]}
{"id":"proj-b75.4","title":"Kid 4","status":"open","priority":2,"issue_type":"task","created_at":"2026-01-02T03:04:05Z","created_by":"tester","updated_at":"2026-01-02T03:04:05Z","source_repo":"proj","source_repo_path":"/mnt/proj","compaction_level":0,"original_size":0,"dependencies":[{"issue_id":"proj-b75.4","depends_on_id":"proj-b75","type":"parent-child","created_at":"2026-01-02T03:04:05Z","created_by":"tester","metadata":"{}","thread_id":""}]}
{"id":"proj-b75.5","title":"Kid 5","status":"open","priority":2,"issue_type":"task","created_at":"2026-01-02T03:04:05Z","created_by":"tester","updated_at":"2026-01-02T03:04:05Z","source_repo":"proj","source_repo_path":"/mnt/proj","compaction_level":0,"original_size":0,"dependencies":[{"issue_id":"proj-b75.5","depends_on_id":"proj-b75","type":"parent-child","created_at":"2026-01-02T03:04:05Z","created_by":"tester","metadata":"{}","thread_id":""}]}
{"id":"proj-b75.6","title":"Kid 6","status":"open","priority":2,"issue_type":"task","created_at":"2026-01-02T03:04:05Z","created_by":"tester","updated_at":"2026-01-02T03:04:05Z","source_repo":"proj","source_repo_path":"/mnt/proj","compaction_level":0,"original_size":0,"dependencies":[{"issue_id":"proj-b75.6","depends_on_id":"proj-b75","type":"parent-child","created_at":"2026-01-02T03:04:05Z","created_by":"tester","metadata":"{}","thread_id":""}]}
{"id":"proj-b75.7","title":"Kid 7","status":"open","priority":2,"issue_type":"task","created_at":"2026-01-02T03:04:05Z","created_by":"tester","updated_at":"2026-01-02T03:04:05Z","source_repo":"proj","source_repo_path":"/mnt/proj","compaction_level":0,"original_size":0,"dependencies":[{"issue_id":"proj-b75.7","depends_on_id":"proj-b75","type":"parent-child","created_at":"2026-01-02T03:04:05Z","created_by":"tester","metadata":"{}","thread_id":""}]}
{"id":"proj-b75.8","title":"Kid 8","status":"open","priority":2,"issue_type":"task","created_at":"2026-01-02T03:04:05Z","created_by":"tester","updated_at":"2026-01-02T03:04:05Z","source_repo":"proj","source_repo_path":"/mnt/proj","compaction_level":0,"original_size":0,"dependencies":[{"issue_id":"proj-b75.8","depends_on_id":"proj-b75","type":"parent-child","created_at":"2026-01-02T03:04:05Z","created_by":"tester","metadata":"{}","thread_id":""}]}
{"id":"proj-b75.9","title":"Kid 9","status":"open","priority":2,"issue_type":"task","created_at":"2026-01-02T03:04:05Z","created_by":"tester","updated_at":"2026-01-02T03:04:05Z","source_repo":"proj","source_repo_path":"/mnt/proj","compaction_level":0,"original_size":0,"dependencies":[{"issue_id":"proj-b75.9","depends_on_id":"proj-b75","type":"parent-child","created_at":"2026-01-02T03:04:05Z","created_by":"tester","metadata":"{}","thread_id":""}]}
{"id":"proj-mkh","title":"Already finished work","status":"closed","priority":2,"issue_type":"task","created_at":"2026-01-01T10:00:07Z","created_by":"tester","updated_at":"2026-01-01T13:00:00Z","closed_at":"2026-01-01T13:00:00Z","close_reason":"Done before the fixture","source_repo":"proj","source_repo_path":"/mnt/proj","compaction_level":0,"original_size":0}
{"id":"proj-mta","title":"Set up database schema","description":"Create the initial tables.","status":"open","priority":1,"issue_type":"task","created_at":"2026-01-01T10:00:00Z","created_by":"tester","updated_at":"2026-01-01T10:00:00Z","source_repo":"proj","source_repo_path":"/mnt/proj","compaction_level":0,"original_size":0,"labels":["backend","db"]}
{"id":"proj-ptp","title":"Fix login timeout","status":"in_progress","priority":0,"issue_type":"bug","assignee":"bob","created_at":"2026-01-01T10:00:02Z","created_by":"tester","updated_at":"2026-01-01T12:30:00Z","source_repo":"proj","source_repo_path":"/mnt/proj","compaction_level":0,"original_size":0,"comments":[{"id":1,"issue_id":"proj-ptp","author":"tester","text":"Reproduced on staging.","created_at":"2026-01-01T12:30:00Z"}]}
{"id":"proj-uly","title":"Auth epic","status":"open","priority":2,"issue_type":"epic","created_at":"2026-01-01T10:00:04Z","created_by":"tester","updated_at":"2026-01-01T10:00:04Z","source_repo":"proj","source_repo_path":"/mnt/proj","compaction_level":0,"original_size":0}
--- .beads/last-touched ---
proj-b75.11
[exit 0]
$ ["create", "Grandkid", "--parent", "proj-b75.2", "--silent"]
proj-b75.2.1
--- .beads/issues.jsonl ---
{"id":"proj-170","title":"Implement user auth","status":"open","priority":1,"issue_type":"feature","assignee":"alice","created_at":"2026-01-01T10:00:01Z","created_by":"tester","updated_at":"2026-01-01T11:00:00Z","source_repo":"proj","source_repo_path":"/mnt/proj","compaction_level":0,"original_size":0,"labels":["auth","backend"],"dependencies":[{"issue_id":"proj-170","depends_on_id":"proj-mta","type":"blocks","created_at":"2026-01-01T11:00:00Z","created_by":"tester","metadata":"{}","thread_id":""},{"issue_id":"proj-170","depends_on_id":"proj-uly","type":"parent-child","created_at":"2026-01-01T11:00:00Z","created_by":"tester","metadata":"{}","thread_id":""}]}
{"id":"proj-5u2","title":"Write API docs","status":"open","priority":3,"issue_type":"docs","created_at":"2026-01-01T10:00:03Z","created_by":"tester","updated_at":"2026-01-01T11:00:00Z","source_repo":"proj","source_repo_path":"/mnt/proj","compaction_level":0,"original_size":0,"dependencies":[{"issue_id":"proj-5u2","depends_on_id":"proj-170","type":"related","created_at":"2026-01-01T11:00:00Z","created_by":"tester","metadata":"{}","thread_id":""}]}
{"id":"proj-7vm","title":"Refactor config loader","status":"deferred","priority":4,"issue_type":"chore","created_at":"2026-01-01T10:00:05Z","created_by":"tester","updated_at":"2026-01-01T14:00:00Z","defer_until":"2027-06-01T09:00:00Z","source_repo":"proj","source_repo_path":"/mnt/proj","compaction_level":0,"original_size":0}
{"id":"proj-b75","title":"Ünïcödé title — “quotes” & <tags> \\ backslash","description":"Line one\nLine two\ttabbed","status":"open","priority":2,"issue_type":"task","created_at":"2026-01-01T10:00:06Z","created_by":"tester","updated_at":"2026-01-01T10:00:06Z","source_repo":"proj","source_repo_path":"/mnt/proj","compaction_level":0,"original_size":0}
{"id":"proj-b75.1","title":"Kid 1","status":"open","priority":2,"issue_type":"task","created_at":"2026-01-02T03:04:05Z","created_by":"tester","updated_at":"2026-01-02T03:04:05Z","source_repo":"proj","source_repo_path":"/mnt/proj","compaction_level":0,"original_size":0,"dependencies":[{"issue_id":"proj-b75.1","depends_on_id":"proj-b75","type":"parent-child","created_at":"2026-01-02T03:04:05Z","created_by":"tester","metadata":"{}","thread_id":""}]}
{"id":"proj-b75.10","title":"Kid 10","status":"open","priority":2,"issue_type":"task","created_at":"2026-01-02T03:04:05Z","created_by":"tester","updated_at":"2026-01-02T03:04:05Z","source_repo":"proj","source_repo_path":"/mnt/proj","compaction_level":0,"original_size":0,"dependencies":[{"issue_id":"proj-b75.10","depends_on_id":"proj-b75","type":"parent-child","created_at":"2026-01-02T03:04:05Z","created_by":"tester","metadata":"{}","thread_id":""}]}
{"id":"proj-b75.11","title":"Kid 11","status":"open","priority":2,"issue_type":"task","created_at":"2026-01-02T03:04:05Z","created_by":"tester","updated_at":"2026-01-02T03:04:05Z","source_repo":"proj","source_repo_path":"/mnt/proj","compaction_level":0,"original_size":0,"dependencies":[{"issue_id":"proj-b75.11","depends_on_id":"proj-b75","type":"parent-child","created_at":"2026-01-02T03:04:05Z","created_by":"tester","metadata":"{}","thread_id":""}]}
{"id":"proj-b75.2","title":"Kid 2","status":"open","priority":2,"issue_type":"task","created_at":"2026-01-02T03:04:05Z","created_by":"tester","updated_at":"2026-01-02T03:04:05Z","source_repo":"proj","source_repo_path":"/mnt/proj","compaction_level":0,"original_size":0,"dependencies":[{"issue_id":"proj-b75.2","depends_on_id":"proj-b75","type":"parent-child","created_at":"2026-01-02T03:04:05Z","created_by":"tester","metadata":"{}","thread_id":""}]}
{"id":"proj-b75.2.1","title":"Grandkid","status":"open","priority":2,"issue_type":"task","created_at":"2026-01-02T03:04:05Z","created_by":"tester","updated_at":"2026-01-02T03:04:05Z","source_repo":"proj","source_repo_path":"/mnt/proj","compaction_level":0,"original_size":0,"dependencies":[{"issue_id":"proj-b75.2.1","depends_on_id":"proj-b75.2","type":"parent-child","created_at":"2026-01-02T03:04:05Z","created_by":"tester","metadata":"{}","thread_id":""}]}
{"id":"proj-b75.3","title":"Kid 3","status":"open","priority":2,"issue_type":"task","created_at":"2026-01-02T03:04:05Z","created_by":"tester","updated_at":"2026-01-02T03:04:05Z","source_repo":"proj","source_repo_path":"/mnt/proj","compaction_level":0,"original_size":0,"dependencies":[{"issue_id":"proj-b75.3","depends_on_id":"proj-b75","type":"parent-child","created_at":"2026-01-02T03:04:05Z","created_by":"tester","metadata":"{}","thread_id":""}]}
{"id":"proj-b75.4","title":"Kid 4","status":"open","priority":2,"issue_type":"task","created_at":"2026-01-02T03:04:05Z","created_by":"tester","updated_at":"2026-01-02T03:04:05Z","source_repo":"proj","source_repo_path":"/mnt/proj","compaction_level":0,"original_size":0,"dependencies":[{"issue_id":"proj-b75.4","depends_on_id":"proj-b75","type":"parent-child","created_at":"2026-01-02T03:04:05Z","created_by":"tester","metadata":"{}","thread_id":""}]}
{"id":"proj-b75.5","title":"Kid 5","status":"open","priority":2,"issue_type":"task","created_at":"2026-01-02T03:04:05Z","created_by":"tester","updated_at":"2026-01-02T03:04:05Z","source_repo":"proj","source_repo_path":"/mnt/proj","compaction_level":0,"original_size":0,"dependencies":[{"issue_id":"proj-b75.5","depends_on_id":"proj-b75","type":"parent-child","created_at":"2026-01-02T03:04:05Z","created_by":"tester","metadata":"{}","thread_id":""}]}
{"id":"proj-b75.6","title":"Kid 6","status":"open","priority":2,"issue_type":"task","created_at":"2026-01-02T03:04:05Z","created_by":"tester","updated_at":"2026-01-02T03:04:05Z","source_repo":"proj","source_repo_path":"/mnt/proj","compaction_level":0,"original_size":0,"dependencies":[{"issue_id":"proj-b75.6","depends_on_id":"proj-b75","type":"parent-child","created_at":"2026-01-02T03:04:05Z","created_by":"tester","metadata":"{}","thread_id":""}]}
{"id":"proj-b75.7","title":"Kid 7","status":"open","priority":2,"issue_type":"task","created_at":"2026-01-02T03:04:05Z","created_by":"tester","updated_at":"2026-01-02T03:04:05Z","source_repo":"proj","source_repo_path":"/mnt/proj","compaction_level":0,"original_size":0,"dependencies":[{"issue_id":"proj-b75.7","depends_on_id":"proj-b75","type":"parent-child","created_at":"2026-01-02T03:04:05Z","created_by":"tester","metadata":"{}","thread_id":""}]}
{"id":"proj-b75.8","title":"Kid 8","status":"open","priority":2,"issue_type":"task","created_at":"2026-01-02T03:04:05Z","created_by":"tester","updated_at":"2026-01-02T03:04:05Z","source_repo":"proj","source_repo_path":"/mnt/proj","compaction_level":0,"original_size":0,"dependencies":[{"issue_id":"proj-b75.8","depends_on_id":"proj-b75","type":"parent-child","created_at":"2026-01-02T03:04:05Z","created_by":"tester","metadata":"{}","thread_id":""}]}
{"id":"proj-b75.9","title":"Kid 9","status":"open","priority":2,"issue_type":"task","created_at":"2026-01-02T03:04:05Z","created_by":"tester","updated_at":"2026-01-02T03:04:05Z","source_repo":"proj","source_repo_path":"/mnt/proj","compaction_level":0,"original_size":0,"dependencies":[{"issue_id":"proj-b75.9","depends_on_id":"proj-b75","type":"parent-child","created_at":"2026-01-02T03:04:05Z","created_by":"tester","metadata":"{}","thread_id":""}]}
{"id":"proj-mkh","title":"Already finished work","status":"closed","priority":2,"issue_type":"task","created_at":"2026-01-01T10:00:07Z","created_by":"tester","updated_at":"2026-01-01T13:00:00Z","closed_at":"2026-01-01T13:00:00Z","close_reason":"Done before the fixture","source_repo":"proj","source_repo_path":"/mnt/proj","compaction_level":0,"original_size":0}
{"id":"proj-mta","title":"Set up database schema","description":"Create the initial tables.","status":"open","priority":1,"issue_type":"task","created_at":"2026-01-01T10:00:00Z","created_by":"tester","updated_at":"2026-01-01T10:00:00Z","source_repo":"proj","source_repo_path":"/mnt/proj","compaction_level":0,"original_size":0,"labels":["backend","db"]}
{"id":"proj-ptp","title":"Fix login timeout","status":"in_progress","priority":0,"issue_type":"bug","assignee":"bob","created_at":"2026-01-01T10:00:02Z","created_by":"tester","updated_at":"2026-01-01T12:30:00Z","source_repo":"proj","source_repo_path":"/mnt/proj","compaction_level":0,"original_size":0,"comments":[{"id":1,"issue_id":"proj-ptp","author":"tester","text":"Reproduced on staging.","created_at":"2026-01-01T12:30:00Z"}]}
{"id":"proj-uly","title":"Auth epic","status":"open","priority":2,"issue_type":"epic","created_at":"2026-01-01T10:00:04Z","created_by":"tester","updated_at":"2026-01-01T10:00:04Z","source_repo":"proj","source_repo_path":"/mnt/proj","compaction_level":0,"original_size":0}
--- .beads/last-touched ---
proj-b75.2.1
[exit 0]
$ ["update", "proj-b75.1", "--parent", ""]
Updated proj-b75.1: Kid 1
--- .beads/issues.jsonl ---
{"id":"proj-170","title":"Implement user auth","status":"open","priority":1,"issue_type":"feature","assignee":"alice","created_at":"2026-01-01T10:00:01Z","created_by":"tester","updated_at":"2026-01-01T11:00:00Z","source_repo":"proj","source_repo_path":"/mnt/proj","compaction_level":0,"original_size":0,"labels":["auth","backend"],"dependencies":[{"issue_id":"proj-170","depends_on_id":"proj-mta","type":"blocks","created_at":"2026-01-01T11:00:00Z","created_by":"tester","metadata":"{}","thread_id":""},{"issue_id":"proj-170","depends_on_id":"proj-uly","type":"parent-child","created_at":"2026-01-01T11:00:00Z","created_by":"tester","metadata":"{}","thread_id":""}]}
{"id":"proj-5u2","title":"Write API docs","status":"open","priority":3,"issue_type":"docs","created_at":"2026-01-01T10:00:03Z","created_by":"tester","updated_at":"2026-01-01T11:00:00Z","source_repo":"proj","source_repo_path":"/mnt/proj","compaction_level":0,"original_size":0,"dependencies":[{"issue_id":"proj-5u2","depends_on_id":"proj-170","type":"related","created_at":"2026-01-01T11:00:00Z","created_by":"tester","metadata":"{}","thread_id":""}]}
{"id":"proj-7vm","title":"Refactor config loader","status":"deferred","priority":4,"issue_type":"chore","created_at":"2026-01-01T10:00:05Z","created_by":"tester","updated_at":"2026-01-01T14:00:00Z","defer_until":"2027-06-01T09:00:00Z","source_repo":"proj","source_repo_path":"/mnt/proj","compaction_level":0,"original_size":0}
{"id":"proj-b75","title":"Ünïcödé title — “quotes” & <tags> \\ backslash","description":"Line one\nLine two\ttabbed","status":"open","priority":2,"issue_type":"task","created_at":"2026-01-01T10:00:06Z","created_by":"tester","updated_at":"2026-01-01T10:00:06Z","source_repo":"proj","source_repo_path":"/mnt/proj","compaction_level":0,"original_size":0}
{"id":"proj-b75.1","title":"Kid 1","status":"open","priority":2,"issue_type":"task","created_at":"2026-01-02T03:04:05Z","created_by":"tester","updated_at":"2026-01-02T03:04:05Z","source_repo":"proj","source_repo_path":"/mnt/proj","compaction_level":0,"original_size":0}
{"id":"proj-b75.10","title":"Kid 10","status":"open","priority":2,"issue_type":"task","created_at":"2026-01-02T03:04:05Z","created_by":"tester","updated_at":"2026-01-02T03:04:05Z","source_repo":"proj","source_repo_path":"/mnt/proj","compaction_level":0,"original_size":0,"dependencies":[{"issue_id":"proj-b75.10","depends_on_id":"proj-b75","type":"parent-child","created_at":"2026-01-02T03:04:05Z","created_by":"tester","metadata":"{}","thread_id":""}]}
{"id":"proj-b75.11","title":"Kid 11","status":"open","priority":2,"issue_type":"task","created_at":"2026-01-02T03:04:05Z","created_by":"tester","updated_at":"2026-01-02T03:04:05Z","source_repo":"proj","source_repo_path":"/mnt/proj","compaction_level":0,"original_size":0,"dependencies":[{"issue_id":"proj-b75.11","depends_on_id":"proj-b75","type":"parent-child","created_at":"2026-01-02T03:04:05Z","created_by":"tester","metadata":"{}","thread_id":""}]}
{"id":"proj-b75.2","title":"Kid 2","status":"open","priority":2,"issue_type":"task","created_at":"2026-01-02T03:04:05Z","created_by":"tester","updated_at":"2026-01-02T03:04:05Z","source_repo":"proj","source_repo_path":"/mnt/proj","compaction_level":0,"original_size":0,"dependencies":[{"issue_id":"proj-b75.2","depends_on_id":"proj-b75","type":"parent-child","created_at":"2026-01-02T03:04:05Z","created_by":"tester","metadata":"{}","thread_id":""}]}
{"id":"proj-b75.2.1","title":"Grandkid","status":"open","priority":2,"issue_type":"task","created_at":"2026-01-02T03:04:05Z","created_by":"tester","updated_at":"2026-01-02T03:04:05Z","source_repo":"proj","source_repo_path":"/mnt/proj","compaction_level":0,"original_size":0,"dependencies":[{"issue_id":"proj-b75.2.1","depends_on_id":"proj-b75.2","type":"parent-child","created_at":"2026-01-02T03:04:05Z","created_by":"tester","metadata":"{}","thread_id":""}]}
{"id":"proj-b75.3","title":"Kid 3","status":"open","priority":2,"issue_type":"task","created_at":"2026-01-02T03:04:05Z","created_by":"tester","updated_at":"2026-01-02T03:04:05Z","source_repo":"proj","source_repo_path":"/mnt/proj","compaction_level":0,"original_size":0,"dependencies":[{"issue_id":"proj-b75.3","depends_on_id":"proj-b75","type":"parent-child","created_at":"2026-01-02T03:04:05Z","created_by":"tester","metadata":"{}","thread_id":""}]}
{"id":"proj-b75.4","title":"Kid 4","status":"open","priority":2,"issue_type":"task","created_at":"2026-01-02T03:04:05Z","created_by":"tester","updated_at":"2026-01-02T03:04:05Z","source_repo":"proj","source_repo_path":"/mnt/proj","compaction_level":0,"original_size":0,"dependencies":[{"issue_id":"proj-b75.4","depends_on_id":"proj-b75","type":"parent-child","created_at":"2026-01-02T03:04:05Z","created_by":"tester","metadata":"{}","thread_id":""}]}
{"id":"proj-b75.5","title":"Kid 5","status":"open","priority":2,"issue_type":"task","created_at":"2026-01-02T03:04:05Z","created_by":"tester","updated_at":"2026-01-02T03:04:05Z","source_repo":"proj","source_repo_path":"/mnt/proj","compaction_level":0,"original_size":0,"dependencies":[{"issue_id":"proj-b75.5","depends_on_id":"proj-b75","type":"parent-child","created_at":"2026-01-02T03:04:05Z","created_by":"tester","metadata":"{}","thread_id":""}]}
{"id":"proj-b75.6","title":"Kid 6","status":"open","priority":2,"issue_type":"task","created_at":"2026-01-02T03:04:05Z","created_by":"tester","updated_at":"2026-01-02T03:04:05Z","source_repo":"proj","source_repo_path":"/mnt/proj","compaction_level":0,"original_size":0,"dependencies":[{"issue_id":"proj-b75.6","depends_on_id":"proj-b75","type":"parent-child","created_at":"2026-01-02T03:04:05Z","created_by":"tester","metadata":"{}","thread_id":""}]}
{"id":"proj-b75.7","title":"Kid 7","status":"open","priority":2,"issue_type":"task","created_at":"2026-01-02T03:04:05Z","created_by":"tester","updated_at":"2026-01-02T03:04:05Z","source_repo":"proj","source_repo_path":"/mnt/proj","compaction_level":0,"original_size":0,"dependencies":[{"issue_id":"proj-b75.7","depends_on_id":"proj-b75","type":"parent-child","created_at":"2026-01-02T03:04:05Z","created_by":"tester","metadata":"{}","thread_id":""}]}
{"id":"proj-b75.8","title":"Kid 8","status":"open","priority":2,"issue_type":"task","created_at":"2026-01-02T03:04:05Z","created_by":"tester","updated_at":"2026-01-02T03:04:05Z","source_repo":"proj","source_repo_path":"/mnt/proj","compaction_level":0,"original_size":0,"dependencies":[{"issue_id":"proj-b75.8","depends_on_id":"proj-b75","type":"parent-child","created_at":"2026-01-02T03:04:05Z","created_by":"tester","metadata":"{}","thread_id":""}]}
{"id":"proj-b75.9","title":"Kid 9","status":"open","priority":2,"issue_type":"task","created_at":"2026-01-02T03:04:05Z","created_by":"tester","updated_at":"2026-01-02T03:04:05Z","source_repo":"proj","source_repo_path":"/mnt/proj","compaction_level":0,"original_size":0,"dependencies":[{"issue_id":"proj-b75.9","depends_on_id":"proj-b75","type":"parent-child","created_at":"2026-01-02T03:04:05Z","created_by":"tester","metadata":"{}","thread_id":""}]}
{"id":"proj-mkh","title":"Already finished work","status":"closed","priority":2,"issue_type":"task","created_at":"2026-01-01T10:00:07Z","created_by":"tester","updated_at":"2026-01-01T13:00:00Z","closed_at":"2026-01-01T13:00:00Z","close_reason":"Done before the fixture","source_repo":"proj","source_repo_path":"/mnt/proj","compaction_level":0,"original_size":0}
{"id":"proj-mta","title":"Set up database schema","description":"Create the initial tables.","status":"open","priority":1,"issue_type":"task","created_at":"2026-01-01T10:00:00Z","created_by":"tester","updated_at":"2026-01-01T10:00:00Z","source_repo":"proj","source_repo_path":"/mnt/proj","compaction_level":0,"original_size":0,"labels":["backend","db"]}
{"id":"proj-ptp","title":"Fix login timeout","status":"in_progress","priority":0,"issue_type":"bug","assignee":"bob","created_at":"2026-01-01T10:00:02Z","created_by":"tester","updated_at":"2026-01-01T12:30:00Z","source_repo":"proj","source_repo_path":"/mnt/proj","compaction_level":0,"original_size":0,"comments":[{"id":1,"issue_id":"proj-ptp","author":"tester","text":"Reproduced on staging.","created_at":"2026-01-01T12:30:00Z"}]}
{"id":"proj-uly","title":"Auth epic","status":"open","priority":2,"issue_type":"epic","created_at":"2026-01-01T10:00:04Z","created_by":"tester","updated_at":"2026-01-01T10:00:04Z","source_repo":"proj","source_repo_path":"/mnt/proj","compaction_level":0,"original_size":0}
--- .beads/last-touched ---
proj-b75.1
[exit 0]
$ ["update", "proj-b75.2", "--parent", ""]
Updated proj-b75.2: Kid 2
--- .beads/issues.jsonl ---
{"id":"proj-170","title":"Implement user auth","status":"open","priority":1,"issue_type":"feature","assignee":"alice","created_at":"2026-01-01T10:00:01Z","created_by":"tester","updated_at":"2026-01-01T11:00:00Z","source_repo":"proj","source_repo_path":"/mnt/proj","compaction_level":0,"original_size":0,"labels":["auth","backend"],"dependencies":[{"issue_id":"proj-170","depends_on_id":"proj-mta","type":"blocks","created_at":"2026-01-01T11:00:00Z","created_by":"tester","metadata":"{}","thread_id":""},{"issue_id":"proj-170","depends_on_id":"proj-uly","type":"parent-child","created_at":"2026-01-01T11:00:00Z","created_by":"tester","metadata":"{}","thread_id":""}]}
{"id":"proj-5u2","title":"Write API docs","status":"open","priority":3,"issue_type":"docs","created_at":"2026-01-01T10:00:03Z","created_by":"tester","updated_at":"2026-01-01T11:00:00Z","source_repo":"proj","source_repo_path":"/mnt/proj","compaction_level":0,"original_size":0,"dependencies":[{"issue_id":"proj-5u2","depends_on_id":"proj-170","type":"related","created_at":"2026-01-01T11:00:00Z","created_by":"tester","metadata":"{}","thread_id":""}]}
{"id":"proj-7vm","title":"Refactor config loader","status":"deferred","priority":4,"issue_type":"chore","created_at":"2026-01-01T10:00:05Z","created_by":"tester","updated_at":"2026-01-01T14:00:00Z","defer_until":"2027-06-01T09:00:00Z","source_repo":"proj","source_repo_path":"/mnt/proj","compaction_level":0,"original_size":0}
{"id":"proj-b75","title":"Ünïcödé title — “quotes” & <tags> \\ backslash","description":"Line one\nLine two\ttabbed","status":"open","priority":2,"issue_type":"task","created_at":"2026-01-01T10:00:06Z","created_by":"tester","updated_at":"2026-01-01T10:00:06Z","source_repo":"proj","source_repo_path":"/mnt/proj","compaction_level":0,"original_size":0}
{"id":"proj-b75.1","title":"Kid 1","status":"open","priority":2,"issue_type":"task","created_at":"2026-01-02T03:04:05Z","created_by":"tester","updated_at":"2026-01-02T03:04:05Z","source_repo":"proj","source_repo_path":"/mnt/proj","compaction_level":0,"original_size":0}
{"id":"proj-b75.10","title":"Kid 10","status":"open","priority":2,"issue_type":"task","created_at":"2026-01-02T03:04:05Z","created_by":"tester","updated_at":"2026-01-02T03:04:05Z","source_repo":"proj","source_repo_path":"/mnt/proj","compaction_level":0,"original_size":0,"dependencies":[{"issue_id":"proj-b75.10","depends_on_id":"proj-b75","type":"parent-child","created_at":"2026-01-02T03:04:05Z","created_by":"tester","metadata":"{}","thread_id":""}]}
{"id":"proj-b75.11","title":"Kid 11","status":"open","priority":2,"issue_type":"task","created_at":"2026-01-02T03:04:05Z","created_by":"tester","updated_at":"2026-01-02T03:04:05Z","source_repo":"proj","source_repo_path":"/mnt/proj","compaction_level":0,"original_size":0,"dependencies":[{"issue_id":"proj-b75.11","depends_on_id":"proj-b75","type":"parent-child","created_at":"2026-01-02T03:04:05Z","created_by":"tester","metadata":"{}","thread_id":""}]}
{"id":"proj-b75.2","title":"Kid 2","status":"open","priority":2,"issue_type":"task","created_at":"2026-01-02T03:04:05Z","created_by":"tester","updated_at":"2026-01-02T03:04:05Z","source_repo":"proj","source_repo_path":"/mnt/proj","compaction_level":0,"original_size":0}
{"id":"proj-b75.2.1","title":"Grandkid","status":"open","priority":2,"issue_type":"task","created_at":"2026-01-02T03:04:05Z","created_by":"tester","updated_at":"2026-01-02T03:04:05Z","source_repo":"proj","source_repo_path":"/mnt/proj","compaction_level":0,"original_size":0,"dependencies":[{"issue_id":"proj-b75.2.1","depends_on_id":"proj-b75.2","type":"parent-child","created_at":"2026-01-02T03:04:05Z","created_by":"tester","metadata":"{}","thread_id":""}]}
{"id":"proj-b75.3","title":"Kid 3","status":"open","priority":2,"issue_type":"task","created_at":"2026-01-02T03:04:05Z","created_by":"tester","updated_at":"2026-01-02T03:04:05Z","source_repo":"proj","source_repo_path":"/mnt/proj","compaction_level":0,"original_size":0,"dependencies":[{"issue_id":"proj-b75.3","depends_on_id":"proj-b75","type":"parent-child","created_at":"2026-01-02T03:04:05Z","created_by":"tester","metadata":"{}","thread_id":""}]}
{"id":"proj-b75.4","title":"Kid 4","status":"open","priority":2,"issue_type":"task","created_at":"2026-01-02T03:04:05Z","created_by":"tester","updated_at":"2026-01-02T03:04:05Z","source_repo":"proj","source_repo_path":"/mnt/proj","compaction_level":0,"original_size":0,"dependencies":[{"issue_id":"proj-b75.4","depends_on_id":"proj-b75","type":"parent-child","created_at":"2026-01-02T03:04:05Z","created_by":"tester","metadata":"{}","thread_id":""}]}
{"id":"proj-b75.5","title":"Kid 5","status":"open","priority":2,"issue_type":"task","created_at":"2026-01-02T03:04:05Z","created_by":"tester","updated_at":"2026-01-02T03:04:05Z","source_repo":"proj","source_repo_path":"/mnt/proj","compaction_level":0,"original_size":0,"dependencies":[{"issue_id":"proj-b75.5","depends_on_id":"proj-b75","type":"parent-child","created_at":"2026-01-02T03:04:05Z","created_by":"tester","metadata":"{}","thread_id":""}]}
{"id":"proj-b75.6","title":"Kid 6","status":"open","priority":2,"issue_type":"task","created_at":"2026-01-02T03:04:05Z","created_by":"tester","updated_at":"2026-01-02T03:04:05Z","source_repo":"proj","source_repo_path":"/mnt/proj","compaction_level":0,"original_size":0,"dependencies":[{"issue_id":"proj-b75.6","depends_on_id":"proj-b75","type":"parent-child","created_at":"2026-01-02T03:04:05Z","created_by":"tester","metadata":"{}","thread_id":""}]}
{"id":"proj-b75.7","title":"Kid 7","status":"open","priority":2,"issue_type":"task","created_at":"2026-01-02T03:04:05Z","created_by":"tester","updated_at":"2026-01-02T03:04:05Z","source_repo":"proj","source_repo_path":"/mnt/proj","compaction_level":0,"original_size":0,"dependencies":[{"issue_id":"proj-b75.7","depends_on_id":"proj-b75","type":"parent-child","created_at":"2026-01-02T03:04:05Z","created_by":"tester","metadata":"{}","thread_id":""}]}
{"id":"proj-b75.8","title":"Kid 8","status":"open","priority":2,"issue_type":"task","created_at":"2026-01-02T03:04:05Z","created_by":"tester","updated_at":"2026-01-02T03:04:05Z","source_repo":"proj","source_repo_path":"/mnt/proj","compaction_level":0,"original_size":0,"dependencies":[{"issue_id":"proj-b75.8","depends_on_id":"proj-b75","type":"parent-child","created_at":"2026-01-02T03:04:05Z","created_by":"tester","metadata":"{}","thread_id":""}]}
{"id":"proj-b75.9","title":"Kid 9","status":"open","priority":2,"issue_type":"task","created_at":"2026-01-02T03:04:05Z","created_by":"tester","updated_at":"2026-01-02T03:04:05Z","source_repo":"proj","source_repo_path":"/mnt/proj","compaction_level":0,"original_size":0,"dependencies":[{"issue_id":"proj-b75.9","depends_on_id":"proj-b75","type":"parent-child","created_at":"2026-01-02T03:04:05Z","created_by":"tester","metadata":"{}","thread_id":""}]}
{"id":"proj-mkh","title":"Already finished work","status":"closed","priority":2,"issue_type":"task","created_at":"2026-01-01T10:00:07Z","created_by":"tester","updated_at":"2026-01-01T13:00:00Z","closed_at":"2026-01-01T13:00:00Z","close_reason":"Done before the fixture","source_repo":"proj","source_repo_path":"/mnt/proj","compaction_level":0,"original_size":0}
{"id":"proj-mta","title":"Set up database schema","description":"Create the initial tables.","status":"open","priority":1,"issue_type":"task","created_at":"2026-01-01T10:00:00Z","created_by":"tester","updated_at":"2026-01-01T10:00:00Z","source_repo":"proj","source_repo_path":"/mnt/proj","compaction_level":0,"original_size":0,"labels":["backend","db"]}
{"id":"proj-ptp","title":"Fix login timeout","status":"in_progress","priority":0,"issue_type":"bug","assignee":"bob","created_at":"2026-01-01T10:00:02Z","created_by":"tester","updated_at":"2026-01-01T12:30:00Z","source_repo":"proj","source_repo_path":"/mnt/proj","compaction_level":0,"original_size":0,"comments":[{"id":1,"issue_id":"proj-ptp","author":"tester","text":"Reproduced on staging.","created_at":"2026-01-01T12:30:00Z"}]}
{"id":"proj-uly","title":"Auth epic","status":"open","priority":2,"issue_type":"epic","created_at":"2026-01-01T10:00:04Z","created_by":"tester","updated_at":"2026-01-01T10:00:04Z","source_repo":"proj","source_repo_path":"/mnt/proj","compaction_level":0,"original_size":0}
--- .beads/last-touched ---
proj-b75.2
[exit 0]
$ ["update", "proj-b75.3", "--parent", ""]
Updated proj-b75.3: Kid 3
--- .beads/issues.jsonl ---
{"id":"proj-170","title":"Implement user auth","status":"open","priority":1,"issue_type":"feature","assignee":"alice","created_at":"2026-01-01T10:00:01Z","created_by":"tester","updated_at":"2026-01-01T11:00:00Z","source_repo":"proj","source_repo_path":"/mnt/proj","compaction_level":0,"original_size":0,"labels":["auth","backend"],"dependencies":[{"issue_id":"proj-170","depends_on_id":"proj-mta","type":"blocks","created_at":"2026-01-01T11:00:00Z","created_by":"tester","metadata":"{}","thread_id":""},{"issue_id":"proj-170","depends_on_id":"proj-uly","type":"parent-child","created_at":"2026-01-01T11:00:00Z","created_by":"tester","metadata":"{}","thread_id":""}]}
{"id":"proj-5u2","title":"Write API docs","status":"open","priority":3,"issue_type":"docs","created_at":"2026-01-01T10:00:03Z","created_by":"tester","updated_at":"2026-01-01T11:00:00Z","source_repo":"proj","source_repo_path":"/mnt/proj","compaction_level":0,"original_size":0,"dependencies":[{"issue_id":"proj-5u2","depends_on_id":"proj-170","type":"related","created_at":"2026-01-01T11:00:00Z","created_by":"tester","metadata":"{}","thread_id":""}]}
{"id":"proj-7vm","title":"Refactor config loader","status":"deferred","priority":4,"issue_type":"chore","created_at":"2026-01-01T10:00:05Z","created_by":"tester","updated_at":"2026-01-01T14:00:00Z","defer_until":"2027-06-01T09:00:00Z","source_repo":"proj","source_repo_path":"/mnt/proj","compaction_level":0,"original_size":0}
{"id":"proj-b75","title":"Ünïcödé title — “quotes” & <tags> \\ backslash","description":"Line one\nLine two\ttabbed","status":"open","priority":2,"issue_type":"task","created_at":"2026-01-01T10:00:06Z","created_by":"tester","updated_at":"2026-01-01T10:00:06Z","source_repo":"proj","source_repo_path":"/mnt/proj","compaction_level":0,"original_size":0}
{"id":"proj-b75.1","title":"Kid 1","status":"open","priority":2,"issue_type":"task","created_at":"2026-01-02T03:04:05Z","created_by":"tester","updated_at":"2026-01-02T03:04:05Z","source_repo":"proj","source_repo_path":"/mnt/proj","compaction_level":0,"original_size":0}
{"id":"proj-b75.10","title":"Kid 10","status":"open","priority":2,"issue_type":"task","created_at":"2026-01-02T03:04:05Z","created_by":"tester","updated_at":"2026-01-02T03:04:05Z","source_repo":"proj","source_repo_path":"/mnt/proj","compaction_level":0,"original_size":0,"dependencies":[{"issue_id":"proj-b75.10","depends_on_id":"proj-b75","type":"parent-child","created_at":"2026-01-02T03:04:05Z","created_by":"tester","metadata":"{}","thread_id":""}]}
{"id":"proj-b75.11","title":"Kid 11","status":"open","priority":2,"issue_type":"task","created_at":"2026-01-02T03:04:05Z","created_by":"tester","updated_at":"2026-01-02T03:04:05Z","source_repo":"proj","source_repo_path":"/mnt/proj","compaction_level":0,"original_size":0,"dependencies":[{"issue_id":"proj-b75.11","depends_on_id":"proj-b75","type":"parent-child","created_at":"2026-01-02T03:04:05Z","created_by":"tester","metadata":"{}","thread_id":""}]}
{"id":"proj-b75.2","title":"Kid 2","status":"open","priority":2,"issue_type":"task","created_at":"2026-01-02T03:04:05Z","created_by":"tester","updated_at":"2026-01-02T03:04:05Z","source_repo":"proj","source_repo_path":"/mnt/proj","compaction_level":0,"original_size":0}
{"id":"proj-b75.2.1","title":"Grandkid","status":"open","priority":2,"issue_type":"task","created_at":"2026-01-02T03:04:05Z","created_by":"tester","updated_at":"2026-01-02T03:04:05Z","source_repo":"proj","source_repo_path":"/mnt/proj","compaction_level":0,"original_size":0,"dependencies":[{"issue_id":"proj-b75.2.1","depends_on_id":"proj-b75.2","type":"parent-child","created_at":"2026-01-02T03:04:05Z","created_by":"tester","metadata":"{}","thread_id":""}]}
{"id":"proj-b75.3","title":"Kid 3","status":"open","priority":2,"issue_type":"task","created_at":"2026-01-02T03:04:05Z","created_by":"tester","updated_at":"2026-01-02T03:04:05Z","source_repo":"proj","source_repo_path":"/mnt/proj","compaction_level":0,"original_size":0}
{"id":"proj-b75.4","title":"Kid 4","status":"open","priority":2,"issue_type":"task","created_at":"2026-01-02T03:04:05Z","created_by":"tester","updated_at":"2026-01-02T03:04:05Z","source_repo":"proj","source_repo_path":"/mnt/proj","compaction_level":0,"original_size":0,"dependencies":[{"issue_id":"proj-b75.4","depends_on_id":"proj-b75","type":"parent-child","created_at":"2026-01-02T03:04:05Z","created_by":"tester","metadata":"{}","thread_id":""}]}
{"id":"proj-b75.5","title":"Kid 5","status":"open","priority":2,"issue_type":"task","created_at":"2026-01-02T03:04:05Z","created_by":"tester","updated_at":"2026-01-02T03:04:05Z","source_repo":"proj","source_repo_path":"/mnt/proj","compaction_level":0,"original_size":0,"dependencies":[{"issue_id":"proj-b75.5","depends_on_id":"proj-b75","type":"parent-child","created_at":"2026-01-02T03:04:05Z","created_by":"tester","metadata":"{}","thread_id":""}]}
{"id":"proj-b75.6","title":"Kid 6","status":"open","priority":2,"issue_type":"task","created_at":"2026-01-02T03:04:05Z","created_by":"tester","updated_at":"2026-01-02T03:04:05Z","source_repo":"proj","source_repo_path":"/mnt/proj","compaction_level":0,"original_size":0,"dependencies":[{"issue_id":"proj-b75.6","depends_on_id":"proj-b75","type":"parent-child","created_at":"2026-01-02T03:04:05Z","created_by":"tester","metadata":"{}","thread_id":""}]}
{"id":"proj-b75.7","title":"Kid 7","status":"open","priority":2,"issue_type":"task","created_at":"2026-01-02T03:04:05Z","created_by":"tester","updated_at":"2026-01-02T03:04:05Z","source_repo":"proj","source_repo_path":"/mnt/proj","compaction_level":0,"original_size":0,"dependencies":[{"issue_id":"proj-b75.7","depends_on_id":"proj-b75","type":"parent-child","created_at":"2026-01-02T03:04:05Z","created_by":"tester","metadata":"{}","thread_id":""}]}
{"id":"proj-b75.8","title":"Kid 8","status":"open","priority":2,"issue_type":"task","created_at":"2026-01-02T03:04:05Z","created_by":"tester","updated_at":"2026-01-02T03:04:05Z","source_repo":"proj","source_repo_path":"/mnt/proj","compaction_level":0,"original_size":0,"dependencies":[{"issue_id":"proj-b75.8","depends_on_id":"proj-b75","type":"parent-child","created_at":"2026-01-02T03:04:05Z","created_by":"tester","metadata":"{}","thread_id":""}]}
{"id":"proj-b75.9","title":"Kid 9","status":"open","priority":2,"issue_type":"task","created_at":"2026-01-02T03:04:05Z","created_by":"tester","updated_at":"2026-01-02T03:04:05Z","source_repo":"proj","source_repo_path":"/mnt/proj","compaction_level":0,"original_size":0,"dependencies":[{"issue_id":"proj-b75.9","depends_on_id":"proj-b75","type":"parent-child","created_at":"2026-01-02T03:04:05Z","created_by":"tester","metadata":"{}","thread_id":""}]}
{"id":"proj-mkh","title":"Already finished work","status":"closed","priority":2,"issue_type":"task","created_at":"2026-01-01T10:00:07Z","created_by":"tester","updated_at":"2026-01-01T13:00:00Z","closed_at":"2026-01-01T13:00:00Z","close_reason":"Done before the fixture","source_repo":"proj","source_repo_path":"/mnt/proj","compaction_level":0,"original_size":0}
{"id":"proj-mta","title":"Set up database schema","description":"Create the initial tables.","status":"open","priority":1,"issue_type":"task","created_at":"2026-01-01T10:00:00Z","created_by":"tester","updated_at":"2026-01-01T10:00:00Z","source_repo":"proj","source_repo_path":"/mnt/proj","compaction_level":0,"original_size":0,"labels":["backend","db"]}
{"id":"proj-ptp","title":"Fix login timeout","status":"in_progress","priority":0,"issue_type":"bug","assignee":"bob","created_at":"2026-01-01T10:00:02Z","created_by":"tester","updated_at":"2026-01-01T12:30:00Z","source_repo":"proj","source_repo_path":"/mnt/proj","compaction_level":0,"original_size":0,"comments":[{"id":1,"issue_id":"proj-ptp","author":"tester","text":"Reproduced on staging.","created_at":"2026-01-01T12:30:00Z"}]}
{"id":"proj-uly","title":"Auth epic","status":"open","priority":2,"issue_type":"epic","created_at":"2026-01-01T10:00:04Z","created_by":"tester","updated_at":"2026-01-01T10:00:04Z","source_repo":"proj","source_repo_path":"/mnt/proj","compaction_level":0,"original_size":0}
--- .beads/last-touched ---
proj-b75.3
[exit 0]
$ ["update", "proj-b75.4", "--parent", ""]
Updated proj-b75.4: Kid 4
--- .beads/issues.jsonl ---
{"id":"proj-170","title":"Implement user auth","status":"open","priority":1,"issue_type":"feature","assignee":"alice","created_at":"2026-01-01T10:00:01Z","created_by":"tester","updated_at":"2026-01-01T11:00:00Z","source_repo":"proj","source_repo_path":"/mnt/proj","compaction_level":0,"original_size":0,"labels":["auth","backend"],"dependencies":[{"issue_id":"proj-170","depends_on_id":"proj-mta","type":"blocks","created_at":"2026-01-01T11:00:00Z","created_by":"tester","metadata":"{}","thread_id":""},{"issue_id":"proj-170","depends_on_id":"proj-uly","type":"parent-child","created_at":"2026-01-01T11:00:00Z","created_by":"tester","metadata":"{}","thread_id":""}]}
{"id":"proj-5u2","title":"Write API docs","status":"open","priority":3,"issue_type":"docs","created_at":"2026-01-01T10:00:03Z","created_by":"tester","updated_at":"2026-01-01T11:00:00Z","source_repo":"proj","source_repo_path":"/mnt/proj","compaction_level":0,"original_size":0,"dependencies":[{"issue_id":"proj-5u2","depends_on_id":"proj-170","type":"related","created_at":"2026-01-01T11:00:00Z","created_by":"tester","metadata":"{}","thread_id":""}]}
{"id":"proj-7vm","title":"Refactor config loader","status":"deferred","priority":4,"issue_type":"chore","created_at":"2026-01-01T10:00:05Z","created_by":"tester","updated_at":"2026-01-01T14:00:00Z","defer_until":"2027-06-01T09:00:00Z","source_repo":"proj","source_repo_path":"/mnt/proj","compaction_level":0,"original_size":0}
{"id":"proj-b75","title":"Ünïcödé title — “quotes” & <tags> \\ backslash","description":"Line one\nLine two\ttabbed","status":"open","priority":2,"issue_type":"task","created_at":"2026-01-01T10:00:06Z","created_by":"tester","updated_at":"2026-01-01T10:00:06Z","source_repo":"proj","source_repo_path":"/mnt/proj","compaction_level":0,"original_size":0}
{"id":"proj-b75.1","title":"Kid 1","status":"open","priority":2,"issue_type":"task","created_at":"2026-01-02T03:04:05Z","created_by":"tester","updated_at":"2026-01-02T03:04:05Z","source_repo":"proj","source_repo_path":"/mnt/proj","compaction_level":0,"original_size":0}
{"id":"proj-b75.10","title":"Kid 10","status":"open","priority":2,"issue_type":"task","created_at":"2026-01-02T03:04:05Z","created_by":"tester","updated_at":"2026-01-02T03:04:05Z","source_repo":"proj","source_repo_path":"/mnt/proj","compaction_level":0,"original_size":0,"dependencies":[{"issue_id":"proj-b75.10","depends_on_id":"proj-b75","type":"parent-child","created_at":"2026-01-02T03:04:05Z","created_by":"tester","metadata":"{}","thread_id":""}]}
{"id":"proj-b75.11","title":"Kid 11","status":"open","priority":2,"issue_type":"task","created_at":"2026-01-02T03:04:05Z","created_by":"tester","updated_at":"2026-01-02T03:04:05Z","source_repo":"proj","source_repo_path":"/mnt/proj","compaction_level":0,"original_size":0,"dependencies":[{"issue_id":"proj-b75.11","depends_on_id":"proj-b75","type":"parent-child","created_at":"2026-01-02T03:04:05Z","created_by":"tester","metadata":"{}","thread_id":""}]}
{"id":"proj-b75.2","title":"Kid 2","status":"open","priority":2,"issue_type":"task","created_at":"2026-01-02T03:04:05Z","created_by":"tester","updated_at":"2026-01-02T03:04:05Z","source_repo":"proj","source_repo_path":"/mnt/proj","compaction_level":0,"original_size":0}
{"id":"proj-b75.2.1","title":"Grandkid","status":"open","priority":2,"issue_type":"task","created_at":"2026-01-02T03:04:05Z","created_by":"tester","updated_at":"2026-01-02T03:04:05Z","source_repo":"proj","source_repo_path":"/mnt/proj","compaction_level":0,"original_size":0,"dependencies":[{"issue_id":"proj-b75.2.1","depends_on_id":"proj-b75.2","type":"parent-child","created_at":"2026-01-02T03:04:05Z","created_by":"tester","metadata":"{}","thread_id":""}]}
{"id":"proj-b75.3","title":"Kid 3","status":"open","priority":2,"issue_type":"task","created_at":"2026-01-02T03:04:05Z","created_by":"tester","updated_at":"2026-01-02T03:04:05Z","source_repo":"proj","source_repo_path":"/mnt/proj","compaction_level":0,"original_size":0}
{"id":"proj-b75.4","title":"Kid 4","status":"open","priority":2,"issue_type":"task","created_at":"2026-01-02T03:04:05Z","created_by":"tester","updated_at":"2026-01-02T03:04:05Z","source_repo":"proj","source_repo_path":"/mnt/proj","compaction_level":0,"original_size":0}
{"id":"proj-b75.5","title":"Kid 5","status":"open","priority":2,"issue_type":"task","created_at":"2026-01-02T03:04:05Z","created_by":"tester","updated_at":"2026-01-02T03:04:05Z","source_repo":"proj","source_repo_path":"/mnt/proj","compaction_level":0,"original_size":0,"dependencies":[{"issue_id":"proj-b75.5","depends_on_id":"proj-b75","type":"parent-child","created_at":"2026-01-02T03:04:05Z","created_by":"tester","metadata":"{}","thread_id":""}]}
{"id":"proj-b75.6","title":"Kid 6","status":"open","priority":2,"issue_type":"task","created_at":"2026-01-02T03:04:05Z","created_by":"tester","updated_at":"2026-01-02T03:04:05Z","source_repo":"proj","source_repo_path":"/mnt/proj","compaction_level":0,"original_size":0,"dependencies":[{"issue_id":"proj-b75.6","depends_on_id":"proj-b75","type":"parent-child","created_at":"2026-01-02T03:04:05Z","created_by":"tester","metadata":"{}","thread_id":""}]}
{"id":"proj-b75.7","title":"Kid 7","status":"open","priority":2,"issue_type":"task","created_at":"2026-01-02T03:04:05Z","created_by":"tester","updated_at":"2026-01-02T03:04:05Z","source_repo":"proj","source_repo_path":"/mnt/proj","compaction_level":0,"original_size":0,"dependencies":[{"issue_id":"proj-b75.7","depends_on_id":"proj-b75","type":"parent-child","created_at":"2026-01-02T03:04:05Z","created_by":"tester","metadata":"{}","thread_id":""}]}
{"id":"proj-b75.8","title":"Kid 8","status":"open","priority":2,"issue_type":"task","created_at":"2026-01-02T03:04:05Z","created_by":"tester","updated_at":"2026-01-02T03:04:05Z","source_repo":"proj","source_repo_path":"/mnt/proj","compaction_level":0,"original_size":0,"dependencies":[{"issue_id":"proj-b75.8","depends_on_id":"proj-b75","type":"parent-child","created_at":"2026-01-02T03:04:05Z","created_by":"tester","metadata":"{}","thread_id":""}]}
{"id":"proj-b75.9","title":"Kid 9","status":"open","priority":2,"issue_type":"task","created_at":"2026-01-02T03:04:05Z","created_by":"tester","updated_at":"2026-01-02T03:04:05Z","source_repo":"proj","source_repo_path":"/mnt/proj","compaction_level":0,"original_size":0,"dependencies":[{"issue_id":"proj-b75.9","depends_on_id":"proj-b75","type":"parent-child","created_at":"2026-01-02T03:04:05Z","created_by":"tester","metadata":"{}","thread_id":""}]}
{"id":"proj-mkh","title":"Already finished work","status":"closed","priority":2,"issue_type":"task","created_at":"2026-01-01T10:00:07Z","created_by":"tester","updated_at":"2026-01-01T13:00:00Z","closed_at":"2026-01-01T13:00:00Z","close_reason":"Done before the fixture","source_repo":"proj","source_repo_path":"/mnt/proj","compaction_level":0,"original_size":0}
{"id":"proj-mta","title":"Set up database schema","description":"Create the initial tables.","status":"open","priority":1,"issue_type":"task","created_at":"2026-01-01T10:00:00Z","created_by":"tester","updated_at":"2026-01-01T10:00:00Z","source_repo":"proj","source_repo_path":"/mnt/proj","compaction_level":0,"original_size":0,"labels":["backend","db"]}
{"id":"proj-ptp","title":"Fix login timeout","status":"in_progress","priority":0,"issue_type":"bug","assignee":"bob","created_at":"2026-01-01T10:00:02Z","created_by":"tester","updated_at":"2026-01-01T12:30:00Z","source_repo":"proj","source_repo_path":"/mnt/proj","compaction_level":0,"original_size":0,"comments":[{"id":1,"issue_id":"proj-ptp","author":"tester","text":"Reproduced on staging.","created_at":"2026-01-01T12:30:00Z"}]}
{"id":"proj-uly","title":"Auth epic","status":"open","priority":2,"issue_type":"epic","created_at":"2026-01-01T10:00:04Z","created_by":"tester","updated_at":"2026-01-01T10:00:04Z","source_repo":"proj","source_repo_path":"/mnt/proj","compaction_level":0,"original_size":0}
--- .beads/last-touched ---
proj-b75.4
[exit 0]
$ ["update", "proj-b75.5", "--parent", ""]
Updated proj-b75.5: Kid 5
--- .beads/issues.jsonl ---
{"id":"proj-170","title":"Implement user auth","status":"open","priority":1,"issue_type":"feature","assignee":"alice","created_at":"2026-01-01T10:00:01Z","created_by":"tester","updated_at":"2026-01-01T11:00:00Z","source_repo":"proj","source_repo_path":"/mnt/proj","compaction_level":0,"original_size":0,"labels":["auth","backend"],"dependencies":[{"issue_id":"proj-170","depends_on_id":"proj-mta","type":"blocks","created_at":"2026-01-01T11:00:00Z","created_by":"tester","metadata":"{}","thread_id":""},{"issue_id":"proj-170","depends_on_id":"proj-uly","type":"parent-child","created_at":"2026-01-01T11:00:00Z","created_by":"tester","metadata":"{}","thread_id":""}]}
{"id":"proj-5u2","title":"Write API docs","status":"open","priority":3,"issue_type":"docs","created_at":"2026-01-01T10:00:03Z","created_by":"tester","updated_at":"2026-01-01T11:00:00Z","source_repo":"proj","source_repo_path":"/mnt/proj","compaction_level":0,"original_size":0,"dependencies":[{"issue_id":"proj-5u2","depends_on_id":"proj-170","type":"related","created_at":"2026-01-01T11:00:00Z","created_by":"tester","metadata":"{}","thread_id":""}]}
{"id":"proj-7vm","title":"Refactor config loader","status":"deferred","priority":4,"issue_type":"chore","created_at":"2026-01-01T10:00:05Z","created_by":"tester","updated_at":"2026-01-01T14:00:00Z","defer_until":"2027-06-01T09:00:00Z","source_repo":"proj","source_repo_path":"/mnt/proj","compaction_level":0,"original_size":0}
{"id":"proj-b75","title":"Ünïcödé title — “quotes” & <tags> \\ backslash","description":"Line one\nLine two\ttabbed","status":"open","priority":2,"issue_type":"task","created_at":"2026-01-01T10:00:06Z","created_by":"tester","updated_at":"2026-01-01T10:00:06Z","source_repo":"proj","source_repo_path":"/mnt/proj","compaction_level":0,"original_size":0}
{"id":"proj-b75.1","title":"Kid 1","status":"open","priority":2,"issue_type":"task","created_at":"2026-01-02T03:04:05Z","created_by":"tester","updated_at":"2026-01-02T03:04:05Z","source_repo":"proj","source_repo_path":"/mnt/proj","compaction_level":0,"original_size":0}
{"id":"proj-b75.10","title":"Kid 10","status":"open","priority":2,"issue_type":"task","created_at":"2026-01-02T03:04:05Z","created_by":"tester","updated_at":"2026-01-02T03:04:05Z","source_repo":"proj","source_repo_path":"/mnt/proj","compaction_level":0,"original_size":0,"dependencies":[{"issue_id":"proj-b75.10","depends_on_id":"proj-b75","type":"parent-child","created_at":"2026-01-02T03:04:05Z","created_by":"tester","metadata":"{}","thread_id":""}]}
{"id":"proj-b75.11","title":"Kid 11","status":"open","priority":2,"issue_type":"task","created_at":"2026-01-02T03:04:05Z","created_by":"tester","updated_at":"2026-01-02T03:04:05Z","source_repo":"proj","source_repo_path":"/mnt/proj","compaction_level":0,"original_size":0,"dependencies":[{"issue_id":"proj-b75.11","depends_on_id":"proj-b75","type":"parent-child","created_at":"2026-01-02T03:04:05Z","created_by":"tester","metadata":"{}","thread_id":""}]}
{"id":"proj-b75.2","title":"Kid 2","status":"open","priority":2,"issue_type":"task","created_at":"2026-01-02T03:04:05Z","created_by":"tester","updated_at":"2026-01-02T03:04:05Z","source_repo":"proj","source_repo_path":"/mnt/proj","compaction_level":0,"original_size":0}
{"id":"proj-b75.2.1","title":"Grandkid","status":"open","priority":2,"issue_type":"task","created_at":"2026-01-02T03:04:05Z","created_by":"tester","updated_at":"2026-01-02T03:04:05Z","source_repo":"proj","source_repo_path":"/mnt/proj","compaction_level":0,"original_size":0,"dependencies":[{"issue_id":"proj-b75.2.1","depends_on_id":"proj-b75.2","type":"parent-child","created_at":"2026-01-02T03:04:05Z","created_by":"tester","metadata":"{}","thread_id":""}]}
{"id":"proj-b75.3","title":"Kid 3","status":"open","priority":2,"issue_type":"task","created_at":"2026-01-02T03:04:05Z","created_by":"tester","updated_at":"2026-01-02T03:04:05Z","source_repo":"proj","source_repo_path":"/mnt/proj","compaction_level":0,"original_size":0}
{"id":"proj-b75.4","title":"Kid 4","status":"open","priority":2,"issue_type":"task","created_at":"2026-01-02T03:04:05Z","created_by":"tester","updated_at":"2026-01-02T03:04:05Z","source_repo":"proj","source_repo_path":"/mnt/proj","compaction_level":0,"original_size":0}
{"id":"proj-b75.5","title":"Kid 5","status":"open","priority":2,"issue_type":"task","created_at":"2026-01-02T03:04:05Z","created_by":"tester","updated_at":"2026-01-02T03:04:05Z","source_repo":"proj","source_repo_path":"/mnt/proj","compaction_level":0,"original_size":0}
{"id":"proj-b75.6","title":"Kid 6","status":"open","priority":2,"issue_type":"task","created_at":"2026-01-02T03:04:05Z","created_by":"tester","updated_at":"2026-01-02T03:04:05Z","source_repo":"proj","source_repo_path":"/mnt/proj","compaction_level":0,"original_size":0,"dependencies":[{"issue_id":"proj-b75.6","depends_on_id":"proj-b75","type":"parent-child","created_at":"2026-01-02T03:04:05Z","created_by":"tester","metadata":"{}","thread_id":""}]}
{"id":"proj-b75.7","title":"Kid 7","status":"open","priority":2,"issue_type":"task","created_at":"2026-01-02T03:04:05Z","created_by":"tester","updated_at":"2026-01-02T03:04:05Z","source_repo":"proj","source_repo_path":"/mnt/proj","compaction_level":0,"original_size":0,"dependencies":[{"issue_id":"proj-b75.7","depends_on_id":"proj-b75","type":"parent-child","created_at":"2026-01-02T03:04:05Z","created_by":"tester","metadata":"{}","thread_id":""}]}
{"id":"proj-b75.8","title":"Kid 8","status":"open","priority":2,"issue_type":"task","created_at":"2026-01-02T03:04:05Z","created_by":"tester","updated_at":"2026-01-02T03:04:05Z","source_repo":"proj","source_repo_path":"/mnt/proj","compaction_level":0,"original_size":0,"dependencies":[{"issue_id":"proj-b75.8","depends_on_id":"proj-b75","type":"parent-child","created_at":"2026-01-02T03:04:05Z","created_by":"tester","metadata":"{}","thread_id":""}]}
{"id":"proj-b75.9","title":"Kid 9","status":"open","priority":2,"issue_type":"task","created_at":"2026-01-02T03:04:05Z","created_by":"tester","updated_at":"2026-01-02T03:04:05Z","source_repo":"proj","source_repo_path":"/mnt/proj","compaction_level":0,"original_size":0,"dependencies":[{"issue_id":"proj-b75.9","depends_on_id":"proj-b75","type":"parent-child","created_at":"2026-01-02T03:04:05Z","created_by":"tester","metadata":"{}","thread_id":""}]}
{"id":"proj-mkh","title":"Already finished work","status":"closed","priority":2,"issue_type":"task","created_at":"2026-01-01T10:00:07Z","created_by":"tester","updated_at":"2026-01-01T13:00:00Z","closed_at":"2026-01-01T13:00:00Z","close_reason":"Done before the fixture","source_repo":"proj","source_repo_path":"/mnt/proj","compaction_level":0,"original_size":0}
{"id":"proj-mta","title":"Set up database schema","description":"Create the initial tables.","status":"open","priority":1,"issue_type":"task","created_at":"2026-01-01T10:00:00Z","created_by":"tester","updated_at":"2026-01-01T10:00:00Z","source_repo":"proj","source_repo_path":"/mnt/proj","compaction_level":0,"original_size":0,"labels":["backend","db"]}
{"id":"proj-ptp","title":"Fix login timeout","status":"in_progress","priority":0,"issue_type":"bug","assignee":"bob","created_at":"2026-01-01T10:00:02Z","created_by":"tester","updated_at":"2026-01-01T12:30:00Z","source_repo":"proj","source_repo_path":"/mnt/proj","compaction_level":0,"original_size":0,"comments":[{"id":1,"issue_id":"proj-ptp","author":"tester","text":"Reproduced on staging.","created_at":"2026-01-01T12:30:00Z"}]}
{"id":"proj-uly","title":"Auth epic","status":"open","priority":2,"issue_type":"epic","created_at":"2026-01-01T10:00:04Z","created_by":"tester","updated_at":"2026-01-01T10:00:04Z","source_repo":"proj","source_repo_path":"/mnt/proj","compaction_level":0,"original_size":0}
--- .beads/last-touched ---
proj-b75.5
[exit 0]
$ ["update", "proj-b75.6", "--parent", ""]
Updated proj-b75.6: Kid 6
--- .beads/issues.jsonl ---
{"id":"proj-170","title":"Implement user auth","status":"open","priority":1,"issue_type":"feature","assignee":"alice","created_at":"2026-01-01T10:00:01Z","created_by":"tester","updated_at":"2026-01-01T11:00:00Z","source_repo":"proj","source_repo_path":"/mnt/proj","compaction_level":0,"original_size":0,"labels":["auth","backend"],"dependencies":[{"issue_id":"proj-170","depends_on_id":"proj-mta","type":"blocks","created_at":"2026-01-01T11:00:00Z","created_by":"tester","metadata":"{}","thread_id":""},{"issue_id":"proj-170","depends_on_id":"proj-uly","type":"parent-child","created_at":"2026-01-01T11:00:00Z","created_by":"tester","metadata":"{}","thread_id":""}]}
{"id":"proj-5u2","title":"Write API docs","status":"open","priority":3,"issue_type":"docs","created_at":"2026-01-01T10:00:03Z","created_by":"tester","updated_at":"2026-01-01T11:00:00Z","source_repo":"proj","source_repo_path":"/mnt/proj","compaction_level":0,"original_size":0,"dependencies":[{"issue_id":"proj-5u2","depends_on_id":"proj-170","type":"related","created_at":"2026-01-01T11:00:00Z","created_by":"tester","metadata":"{}","thread_id":""}]}
{"id":"proj-7vm","title":"Refactor config loader","status":"deferred","priority":4,"issue_type":"chore","created_at":"2026-01-01T10:00:05Z","created_by":"tester","updated_at":"2026-01-01T14:00:00Z","defer_until":"2027-06-01T09:00:00Z","source_repo":"proj","source_repo_path":"/mnt/proj","compaction_level":0,"original_size":0}
{"id":"proj-b75","title":"Ünïcödé title — “quotes” & <tags> \\ backslash","description":"Line one\nLine two\ttabbed","status":"open","priority":2,"issue_type":"task","created_at":"2026-01-01T10:00:06Z","created_by":"tester","updated_at":"2026-01-01T10:00:06Z","source_repo":"proj","source_repo_path":"/mnt/proj","compaction_level":0,"original_size":0}
{"id":"proj-b75.1","title":"Kid 1","status":"open","priority":2,"issue_type":"task","created_at":"2026-01-02T03:04:05Z","created_by":"tester","updated_at":"2026-01-02T03:04:05Z","source_repo":"proj","source_repo_path":"/mnt/proj","compaction_level":0,"original_size":0}
{"id":"proj-b75.10","title":"Kid 10","status":"open","priority":2,"issue_type":"task","created_at":"2026-01-02T03:04:05Z","created_by":"tester","updated_at":"2026-01-02T03:04:05Z","source_repo":"proj","source_repo_path":"/mnt/proj","compaction_level":0,"original_size":0,"dependencies":[{"issue_id":"proj-b75.10","depends_on_id":"proj-b75","type":"parent-child","created_at":"2026-01-02T03:04:05Z","created_by":"tester","metadata":"{}","thread_id":""}]}
{"id":"proj-b75.11","title":"Kid 11","status":"open","priority":2,"issue_type":"task","created_at":"2026-01-02T03:04:05Z","created_by":"tester","updated_at":"2026-01-02T03:04:05Z","source_repo":"proj","source_repo_path":"/mnt/proj","compaction_level":0,"original_size":0,"dependencies":[{"issue_id":"proj-b75.11","depends_on_id":"proj-b75","type":"parent-child","created_at":"2026-01-02T03:04:05Z","created_by":"tester","metadata":"{}","thread_id":""}]}
{"id":"proj-b75.2","title":"Kid 2","status":"open","priority":2,"issue_type":"task","created_at":"2026-01-02T03:04:05Z","created_by":"tester","updated_at":"2026-01-02T03:04:05Z","source_repo":"proj","source_repo_path":"/mnt/proj","compaction_level":0,"original_size":0}
{"id":"proj-b75.2.1","title":"Grandkid","status":"open","priority":2,"issue_type":"task","created_at":"2026-01-02T03:04:05Z","created_by":"tester","updated_at":"2026-01-02T03:04:05Z","source_repo":"proj","source_repo_path":"/mnt/proj","compaction_level":0,"original_size":0,"dependencies":[{"issue_id":"proj-b75.2.1","depends_on_id":"proj-b75.2","type":"parent-child","created_at":"2026-01-02T03:04:05Z","created_by":"tester","metadata":"{}","thread_id":""}]}
{"id":"proj-b75.3","title":"Kid 3","status":"open","priority":2,"issue_type":"task","created_at":"2026-01-02T03:04:05Z","created_by":"tester","updated_at":"2026-01-02T03:04:05Z","source_repo":"proj","source_repo_path":"/mnt/proj","compaction_level":0,"original_size":0}
{"id":"proj-b75.4","title":"Kid 4","status":"open","priority":2,"issue_type":"task","created_at":"2026-01-02T03:04:05Z","created_by":"tester","updated_at":"2026-01-02T03:04:05Z","source_repo":"proj","source_repo_path":"/mnt/proj","compaction_level":0,"original_size":0}
{"id":"proj-b75.5","title":"Kid 5","status":"open","priority":2,"issue_type":"task","created_at":"2026-01-02T03:04:05Z","created_by":"tester","updated_at":"2026-01-02T03:04:05Z","source_repo":"proj","source_repo_path":"/mnt/proj","compaction_level":0,"original_size":0}
{"id":"proj-b75.6","title":"Kid 6","status":"open","priority":2,"issue_type":"task","created_at":"2026-01-02T03:04:05Z","created_by":"tester","updated_at":"2026-01-02T03:04:05Z","source_repo":"proj","source_repo_path":"/mnt/proj","compaction_level":0,"original_size":0}
{"id":"proj-b75.7","title":"Kid 7","status":"open","priority":2,"issue_type":"task","created_at":"2026-01-02T03:04:05Z","created_by":"tester","updated_at":"2026-01-02T03:04:05Z","source_repo":"proj","source_repo_path":"/mnt/proj","compaction_level":0,"original_size":0,"dependencies":[{"issue_id":"proj-b75.7","depends_on_id":"proj-b75","type":"parent-child","created_at":"2026-01-02T03:04:05Z","created_by":"tester","metadata":"{}","thread_id":""}]}
{"id":"proj-b75.8","title":"Kid 8","status":"open","priority":2,"issue_type":"task","created_at":"2026-01-02T03:04:05Z","created_by":"tester","updated_at":"2026-01-02T03:04:05Z","source_repo":"proj","source_repo_path":"/mnt/proj","compaction_level":0,"original_size":0,"dependencies":[{"issue_id":"proj-b75.8","depends_on_id":"proj-b75","type":"parent-child","created_at":"2026-01-02T03:04:05Z","created_by":"tester","metadata":"{}","thread_id":""}]}
{"id":"proj-b75.9","title":"Kid 9","status":"open","priority":2,"issue_type":"task","created_at":"2026-01-02T03:04:05Z","created_by":"tester","updated_at":"2026-01-02T03:04:05Z","source_repo":"proj","source_repo_path":"/mnt/proj","compaction_level":0,"original_size":0,"dependencies":[{"issue_id":"proj-b75.9","depends_on_id":"proj-b75","type":"parent-child","created_at":"2026-01-02T03:04:05Z","created_by":"tester","metadata":"{}","thread_id":""}]}
{"id":"proj-mkh","title":"Already finished work","status":"closed","priority":2,"issue_type":"task","created_at":"2026-01-01T10:00:07Z","created_by":"tester","updated_at":"2026-01-01T13:00:00Z","closed_at":"2026-01-01T13:00:00Z","close_reason":"Done before the fixture","source_repo":"proj","source_repo_path":"/mnt/proj","compaction_level":0,"original_size":0}
{"id":"proj-mta","title":"Set up database schema","description":"Create the initial tables.","status":"open","priority":1,"issue_type":"task","created_at":"2026-01-01T10:00:00Z","created_by":"tester","updated_at":"2026-01-01T10:00:00Z","source_repo":"proj","source_repo_path":"/mnt/proj","compaction_level":0,"original_size":0,"labels":["backend","db"]}
{"id":"proj-ptp","title":"Fix login timeout","status":"in_progress","priority":0,"issue_type":"bug","assignee":"bob","created_at":"2026-01-01T10:00:02Z","created_by":"tester","updated_at":"2026-01-01T12:30:00Z","source_repo":"proj","source_repo_path":"/mnt/proj","compaction_level":0,"original_size":0,"comments":[{"id":1,"issue_id":"proj-ptp","author":"tester","text":"Reproduced on staging.","created_at":"2026-01-01T12:30:00Z"}]}
{"id":"proj-uly","title":"Auth epic","status":"open","priority":2,"issue_type":"epic","created_at":"2026-01-01T10:00:04Z","created_by":"tester","updated_at":"2026-01-01T10:00:04Z","source_repo":"proj","source_repo_path":"/mnt/proj","compaction_level":0,"original_size":0}
--- .beads/last-touched ---
proj-b75.6
[exit 0]
$ ["update", "proj-b75.7", "--parent", ""]
Updated proj-b75.7: Kid 7
--- .beads/issues.jsonl ---
{"id":"proj-170","title":"Implement user auth","status":"open","priority":1,"issue_type":"feature","assignee":"alice","created_at":"2026-01-01T10:00:01Z","created_by":"tester","updated_at":"2026-01-01T11:00:00Z","source_repo":"proj","source_repo_path":"/mnt/proj","compaction_level":0,"original_size":0,"labels":["auth","backend"],"dependencies":[{"issue_id":"proj-170","depends_on_id":"proj-mta","type":"blocks","created_at":"2026-01-01T11:00:00Z","created_by":"tester","metadata":"{}","thread_id":""},{"issue_id":"proj-170","depends_on_id":"proj-uly","type":"parent-child","created_at":"2026-01-01T11:00:00Z","created_by":"tester","metadata":"{}","thread_id":""}]}
{"id":"proj-5u2","title":"Write API docs","status":"open","priority":3,"issue_type":"docs","created_at":"2026-01-01T10:00:03Z","created_by":"tester","updated_at":"2026-01-01T11:00:00Z","source_repo":"proj","source_repo_path":"/mnt/proj","compaction_level":0,"original_size":0,"dependencies":[{"issue_id":"proj-5u2","depends_on_id":"proj-170","type":"related","created_at":"2026-01-01T11:00:00Z","created_by":"tester","metadata":"{}","thread_id":""}]}
{"id":"proj-7vm","title":"Refactor config loader","status":"deferred","priority":4,"issue_type":"chore","created_at":"2026-01-01T10:00:05Z","created_by":"tester","updated_at":"2026-01-01T14:00:00Z","defer_until":"2027-06-01T09:00:00Z","source_repo":"proj","source_repo_path":"/mnt/proj","compaction_level":0,"original_size":0}
{"id":"proj-b75","title":"Ünïcödé title — “quotes” & <tags> \\ backslash","description":"Line one\nLine two\ttabbed","status":"open","priority":2,"issue_type":"task","created_at":"2026-01-01T10:00:06Z","created_by":"tester","updated_at":"2026-01-01T10:00:06Z","source_repo":"proj","source_repo_path":"/mnt/proj","compaction_level":0,"original_size":0}
{"id":"proj-b75.1","title":"Kid 1","status":"open","priority":2,"issue_type":"task","created_at":"2026-01-02T03:04:05Z","created_by":"tester","updated_at":"2026-01-02T03:04:05Z","source_repo":"proj","source_repo_path":"/mnt/proj","compaction_level":0,"original_size":0}
{"id":"proj-b75.10","title":"Kid 10","status":"open","priority":2,"issue_type":"task","created_at":"2026-01-02T03:04:05Z","created_by":"tester","updated_at":"2026-01-02T03:04:05Z","source_repo":"proj","source_repo_path":"/mnt/proj","compaction_level":0,"original_size":0,"dependencies":[{"issue_id":"proj-b75.10","depends_on_id":"proj-b75","type":"parent-child","created_at":"2026-01-02T03:04:05Z","created_by":"tester","metadata":"{}","thread_id":""}]}
{"id":"proj-b75.11","title":"Kid 11","status":"open","priority":2,"issue_type":"task","created_at":"2026-01-02T03:04:05Z","created_by":"tester","updated_at":"2026-01-02T03:04:05Z","source_repo":"proj","source_repo_path":"/mnt/proj","compaction_level":0,"original_size":0,"dependencies":[{"issue_id":"proj-b75.11","depends_on_id":"proj-b75","type":"parent-child","created_at":"2026-01-02T03:04:05Z","created_by":"tester","metadata":"{}","thread_id":""}]}
{"id":"proj-b75.2","title":"Kid 2","status":"open","priority":2,"issue_type":"task","created_at":"2026-01-02T03:04:05Z","created_by":"tester","updated_at":"2026-01-02T03:04:05Z","source_repo":"proj","source_repo_path":"/mnt/proj","compaction_level":0,"original_size":0}
{"id":"proj-b75.2.1","title":"Grandkid","status":"open","priority":2,"issue_type":"task","created_at":"2026-01-02T03:04:05Z","created_by":"tester","updated_at":"2026-01-02T03:04:05Z","source_repo":"proj","source_repo_path":"/mnt/proj","compaction_level":0,"original_size":0,"dependencies":[{"issue_id":"proj-b75.2.1","depends_on_id":"proj-b75.2","type":"parent-child","created_at":"2026-01-02T03:04:05Z","created_by":"tester","metadata":"{}","thread_id":""}]}
{"id":"proj-b75.3","title":"Kid 3","status":"open","priority":2,"issue_type":"task","created_at":"2026-01-02T03:04:05Z","created_by":"tester","updated_at":"2026-01-02T03:04:05Z","source_repo":"proj","source_repo_path":"/mnt/proj","compaction_level":0,"original_size":0}
{"id":"proj-b75.4","title":"Kid 4","status":"open","priority":2,"issue_type":"task","created_at":"2026-01-02T03:04:05Z","created_by":"tester","updated_at":"2026-01-02T03:04:05Z","source_repo":"proj","source_repo_path":"/mnt/proj","compaction_level":0,"original_size":0}
{"id":"proj-b75.5","title":"Kid 5","status":"open","priority":2,"issue_type":"task","created_at":"2026-01-02T03:04:05Z","created_by":"tester","updated_at":"2026-01-02T03:04:05Z","source_repo":"proj","source_repo_path":"/mnt/proj","compaction_level":0,"original_size":0}
{"id":"proj-b75.6","title":"Kid 6","status":"open","priority":2,"issue_type":"task","created_at":"2026-01-02T03:04:05Z","created_by":"tester","updated_at":"2026-01-02T03:04:05Z","source_repo":"proj","source_repo_path":"/mnt/proj","compaction_level":0,"original_size":0}
{"id":"proj-b75.7","title":"Kid 7","status":"open","priority":2,"issue_type":"task","created_at":"2026-01-02T03:04:05Z","created_by":"tester","updated_at":"2026-01-02T03:04:05Z","source_repo":"proj","source_repo_path":"/mnt/proj","compaction_level":0,"original_size":0}
{"id":"proj-b75.8","title":"Kid 8","status":"open","priority":2,"issue_type":"task","created_at":"2026-01-02T03:04:05Z","created_by":"tester","updated_at":"2026-01-02T03:04:05Z","source_repo":"proj","source_repo_path":"/mnt/proj","compaction_level":0,"original_size":0,"dependencies":[{"issue_id":"proj-b75.8","depends_on_id":"proj-b75","type":"parent-child","created_at":"2026-01-02T03:04:05Z","created_by":"tester","metadata":"{}","thread_id":""}]}
{"id":"proj-b75.9","title":"Kid 9","status":"open","priority":2,"issue_type":"task","created_at":"2026-01-02T03:04:05Z","created_by":"tester","updated_at":"2026-01-02T03:04:05Z","source_repo":"proj","source_repo_path":"/mnt/proj","compaction_level":0,"original_size":0,"dependencies":[{"issue_id":"proj-b75.9","depends_on_id":"proj-b75","type":"parent-child","created_at":"2026-01-02T03:04:05Z","created_by":"tester","metadata":"{}","thread_id":""}]}
{"id":"proj-mkh","title":"Already finished work","status":"closed","priority":2,"issue_type":"task","created_at":"2026-01-01T10:00:07Z","created_by":"tester","updated_at":"2026-01-01T13:00:00Z","closed_at":"2026-01-01T13:00:00Z","close_reason":"Done before the fixture","source_repo":"proj","source_repo_path":"/mnt/proj","compaction_level":0,"original_size":0}
{"id":"proj-mta","title":"Set up database schema","description":"Create the initial tables.","status":"open","priority":1,"issue_type":"task","created_at":"2026-01-01T10:00:00Z","created_by":"tester","updated_at":"2026-01-01T10:00:00Z","source_repo":"proj","source_repo_path":"/mnt/proj","compaction_level":0,"original_size":0,"labels":["backend","db"]}
{"id":"proj-ptp","title":"Fix login timeout","status":"in_progress","priority":0,"issue_type":"bug","assignee":"bob","created_at":"2026-01-01T10:00:02Z","created_by":"tester","updated_at":"2026-01-01T12:30:00Z","source_repo":"proj","source_repo_path":"/mnt/proj","compaction_level":0,"original_size":0,"comments":[{"id":1,"issue_id":"proj-ptp","author":"tester","text":"Reproduced on staging.","created_at":"2026-01-01T12:30:00Z"}]}
{"id":"proj-uly","title":"Auth epic","status":"open","priority":2,"issue_type":"epic","created_at":"2026-01-01T10:00:04Z","created_by":"tester","updated_at":"2026-01-01T10:00:04Z","source_repo":"proj","source_repo_path":"/mnt/proj","compaction_level":0,"original_size":0}
--- .beads/last-touched ---
proj-b75.7
[exit 0]
$ ["update", "proj-b75.8", "--parent", ""]
Updated proj-b75.8: Kid 8
--- .beads/issues.jsonl ---
{"id":"proj-170","title":"Implement user auth","status":"open","priority":1,"issue_type":"feature","assignee":"alice","created_at":"2026-01-01T10:00:01Z","created_by":"tester","updated_at":"2026-01-01T11:00:00Z","source_repo":"proj","source_repo_path":"/mnt/proj","compaction_level":0,"original_size":0,"labels":["auth","backend"],"dependencies":[{"issue_id":"proj-170","depends_on_id":"proj-mta","type":"blocks","created_at":"2026-01-01T11:00:00Z","created_by":"tester","metadata":"{}","thread_id":""},{"issue_id":"proj-170","depends_on_id":"proj-uly","type":"parent-child","created_at":"2026-01-01T11:00:00Z","created_by":"tester","metadata":"{}","thread_id":""}]}
{"id":"proj-5u2","title":"Write API docs","status":"open","priority":3,"issue_type":"docs","created_at":"2026-01-01T10:00:03Z","created_by":"tester","updated_at":"2026-01-01T11:00:00Z","source_repo":"proj","source_repo_path":"/mnt/proj","compaction_level":0,"original_size":0,"dependencies":[{"issue_id":"proj-5u2","depends_on_id":"proj-170","type":"related","created_at":"2026-01-01T11:00:00Z","created_by":"tester","metadata":"{}","thread_id":""}]}
{"id":"proj-7vm","title":"Refactor config loader","status":"deferred","priority":4,"issue_type":"chore","created_at":"2026-01-01T10:00:05Z","created_by":"tester","updated_at":"2026-01-01T14:00:00Z","defer_until":"2027-06-01T09:00:00Z","source_repo":"proj","source_repo_path":"/mnt/proj","compaction_level":0,"original_size":0}
{"id":"proj-b75","title":"Ünïcödé title — “quotes” & <tags> \\ backslash","description":"Line one\nLine two\ttabbed","status":"open","priority":2,"issue_type":"task","created_at":"2026-01-01T10:00:06Z","created_by":"tester","updated_at":"2026-01-01T10:00:06Z","source_repo":"proj","source_repo_path":"/mnt/proj","compaction_level":0,"original_size":0}
{"id":"proj-b75.1","title":"Kid 1","status":"open","priority":2,"issue_type":"task","created_at":"2026-01-02T03:04:05Z","created_by":"tester","updated_at":"2026-01-02T03:04:05Z","source_repo":"proj","source_repo_path":"/mnt/proj","compaction_level":0,"original_size":0}
{"id":"proj-b75.10","title":"Kid 10","status":"open","priority":2,"issue_type":"task","created_at":"2026-01-02T03:04:05Z","created_by":"tester","updated_at":"2026-01-02T03:04:05Z","source_repo":"proj","source_repo_path":"/mnt/proj","compaction_level":0,"original_size":0,"dependencies":[{"issue_id":"proj-b75.10","depends_on_id":"proj-b75","type":"parent-child","created_at":"2026-01-02T03:04:05Z","created_by":"tester","metadata":"{}","thread_id":""}]}
{"id":"proj-b75.11","title":"Kid 11","status":"open","priority":2,"issue_type":"task","created_at":"2026-01-02T03:04:05Z","created_by":"tester","updated_at":"2026-01-02T03:04:05Z","source_repo":"proj","source_repo_path":"/mnt/proj","compaction_level":0,"original_size":0,"dependencies":[{"issue_id":"proj-b75.11","depends_on_id":"proj-b75","type":"parent-child","created_at":"2026-01-02T03:04:05Z","created_by":"tester","metadata":"{}","thread_id":""}]}
{"id":"proj-b75.2","title":"Kid 2","status":"open","priority":2,"issue_type":"task","created_at":"2026-01-02T03:04:05Z","created_by":"tester","updated_at":"2026-01-02T03:04:05Z","source_repo":"proj","source_repo_path":"/mnt/proj","compaction_level":0,"original_size":0}
{"id":"proj-b75.2.1","title":"Grandkid","status":"open","priority":2,"issue_type":"task","created_at":"2026-01-02T03:04:05Z","created_by":"tester","updated_at":"2026-01-02T03:04:05Z","source_repo":"proj","source_repo_path":"/mnt/proj","compaction_level":0,"original_size":0,"dependencies":[{"issue_id":"proj-b75.2.1","depends_on_id":"proj-b75.2","type":"parent-child","created_at":"2026-01-02T03:04:05Z","created_by":"tester","metadata":"{}","thread_id":""}]}
{"id":"proj-b75.3","title":"Kid 3","status":"open","priority":2,"issue_type":"task","created_at":"2026-01-02T03:04:05Z","created_by":"tester","updated_at":"2026-01-02T03:04:05Z","source_repo":"proj","source_repo_path":"/mnt/proj","compaction_level":0,"original_size":0}
{"id":"proj-b75.4","title":"Kid 4","status":"open","priority":2,"issue_type":"task","created_at":"2026-01-02T03:04:05Z","created_by":"tester","updated_at":"2026-01-02T03:04:05Z","source_repo":"proj","source_repo_path":"/mnt/proj","compaction_level":0,"original_size":0}
{"id":"proj-b75.5","title":"Kid 5","status":"open","priority":2,"issue_type":"task","created_at":"2026-01-02T03:04:05Z","created_by":"tester","updated_at":"2026-01-02T03:04:05Z","source_repo":"proj","source_repo_path":"/mnt/proj","compaction_level":0,"original_size":0}
{"id":"proj-b75.6","title":"Kid 6","status":"open","priority":2,"issue_type":"task","created_at":"2026-01-02T03:04:05Z","created_by":"tester","updated_at":"2026-01-02T03:04:05Z","source_repo":"proj","source_repo_path":"/mnt/proj","compaction_level":0,"original_size":0}
{"id":"proj-b75.7","title":"Kid 7","status":"open","priority":2,"issue_type":"task","created_at":"2026-01-02T03:04:05Z","created_by":"tester","updated_at":"2026-01-02T03:04:05Z","source_repo":"proj","source_repo_path":"/mnt/proj","compaction_level":0,"original_size":0}
{"id":"proj-b75.8","title":"Kid 8","status":"open","priority":2,"issue_type":"task","created_at":"2026-01-02T03:04:05Z","created_by":"tester","updated_at":"2026-01-02T03:04:05Z","source_repo":"proj","source_repo_path":"/mnt/proj","compaction_level":0,"original_size":0}
{"id":"proj-b75.9","title":"Kid 9","status":"open","priority":2,"issue_type":"task","created_at":"2026-01-02T03:04:05Z","created_by":"tester","updated_at":"2026-01-02T03:04:05Z","source_repo":"proj","source_repo_path":"/mnt/proj","compaction_level":0,"original_size":0,"dependencies":[{"issue_id":"proj-b75.9","depends_on_id":"proj-b75","type":"parent-child","created_at":"2026-01-02T03:04:05Z","created_by":"tester","metadata":"{}","thread_id":""}]}
{"id":"proj-mkh","title":"Already finished work","status":"closed","priority":2,"issue_type":"task","created_at":"2026-01-01T10:00:07Z","created_by":"tester","updated_at":"2026-01-01T13:00:00Z","closed_at":"2026-01-01T13:00:00Z","close_reason":"Done before the fixture","source_repo":"proj","source_repo_path":"/mnt/proj","compaction_level":0,"original_size":0}
{"id":"proj-mta","title":"Set up database schema","description":"Create the initial tables.","status":"open","priority":1,"issue_type":"task","created_at":"2026-01-01T10:00:00Z","created_by":"tester","updated_at":"2026-01-01T10:00:00Z","source_repo":"proj","source_repo_path":"/mnt/proj","compaction_level":0,"original_size":0,"labels":["backend","db"]}
{"id":"proj-ptp","title":"Fix login timeout","status":"in_progress","priority":0,"issue_type":"bug","assignee":"bob","created_at":"2026-01-01T10:00:02Z","created_by":"tester","updated_at":"2026-01-01T12:30:00Z","source_repo":"proj","source_repo_path":"/mnt/proj","compaction_level":0,"original_size":0,"comments":[{"id":1,"issue_id":"proj-ptp","author":"tester","text":"Reproduced on staging.","created_at":"2026-01-01T12:30:00Z"}]}
{"id":"proj-uly","title":"Auth epic","status":"open","priority":2,"issue_type":"epic","created_at":"2026-01-01T10:00:04Z","created_by":"tester","updated_at":"2026-01-01T10:00:04Z","source_repo":"proj","source_repo_path":"/mnt/proj","compaction_level":0,"original_size":0}
--- .beads/last-touched ---
proj-b75.8
[exit 0]
$ ["update", "proj-b75.9", "--parent", ""]
Updated proj-b75.9: Kid 9
--- .beads/issues.jsonl ---
{"id":"proj-170","title":"Implement user auth","status":"open","priority":1,"issue_type":"feature","assignee":"alice","created_at":"2026-01-01T10:00:01Z","created_by":"tester","updated_at":"2026-01-01T11:00:00Z","source_repo":"proj","source_repo_path":"/mnt/proj","compaction_level":0,"original_size":0,"labels":["auth","backend"],"dependencies":[{"issue_id":"proj-170","depends_on_id":"proj-mta","type":"blocks","created_at":"2026-01-01T11:00:00Z","created_by":"tester","metadata":"{}","thread_id":""},{"issue_id":"proj-170","depends_on_id":"proj-uly","type":"parent-child","created_at":"2026-01-01T11:00:00Z","created_by":"tester","metadata":"{}","thread_id":""}]}
{"id":"proj-5u2","title":"Write API docs","status":"open","priority":3,"issue_type":"docs","created_at":"2026-01-01T10:00:03Z","created_by":"tester","updated_at":"2026-01-01T11:00:00Z","source_repo":"proj","source_repo_path":"/mnt/proj","compaction_level":0,"original_size":0,"dependencies":[{"issue_id":"proj-5u2","depends_on_id":"proj-170","type":"related","created_at":"2026-01-01T11:00:00Z","created_by":"tester","metadata":"{}","thread_id":""}]}
{"id":"proj-7vm","title":"Refactor config loader","status":"deferred","priority":4,"issue_type":"chore","created_at":"2026-01-01T10:00:05Z","created_by":"tester","updated_at":"2026-01-01T14:00:00Z","defer_until":"2027-06-01T09:00:00Z","source_repo":"proj","source_repo_path":"/mnt/proj","compaction_level":0,"original_size":0}
{"id":"proj-b75","title":"Ünïcödé title — “quotes” & <tags> \\ backslash","description":"Line one\nLine two\ttabbed","status":"open","priority":2,"issue_type":"task","created_at":"2026-01-01T10:00:06Z","created_by":"tester","updated_at":"2026-01-01T10:00:06Z","source_repo":"proj","source_repo_path":"/mnt/proj","compaction_level":0,"original_size":0}
{"id":"proj-b75.1","title":"Kid 1","status":"open","priority":2,"issue_type":"task","created_at":"2026-01-02T03:04:05Z","created_by":"tester","updated_at":"2026-01-02T03:04:05Z","source_repo":"proj","source_repo_path":"/mnt/proj","compaction_level":0,"original_size":0}
{"id":"proj-b75.10","title":"Kid 10","status":"open","priority":2,"issue_type":"task","created_at":"2026-01-02T03:04:05Z","created_by":"tester","updated_at":"2026-01-02T03:04:05Z","source_repo":"proj","source_repo_path":"/mnt/proj","compaction_level":0,"original_size":0,"dependencies":[{"issue_id":"proj-b75.10","depends_on_id":"proj-b75","type":"parent-child","created_at":"2026-01-02T03:04:05Z","created_by":"tester","metadata":"{}","thread_id":""}]}
{"id":"proj-b75.11","title":"Kid 11","status":"open","priority":2,"issue_type":"task","created_at":"2026-01-02T03:04:05Z","created_by":"tester","updated_at":"2026-01-02T03:04:05Z","source_repo":"proj","source_repo_path":"/mnt/proj","compaction_level":0,"original_size":0,"dependencies":[{"issue_id":"proj-b75.11","depends_on_id":"proj-b75","type":"parent-child","created_at":"2026-01-02T03:04:05Z","created_by":"tester","metadata":"{}","thread_id":""}]}
{"id":"proj-b75.2","title":"Kid 2","status":"open","priority":2,"issue_type":"task","created_at":"2026-01-02T03:04:05Z","created_by":"tester","updated_at":"2026-01-02T03:04:05Z","source_repo":"proj","source_repo_path":"/mnt/proj","compaction_level":0,"original_size":0}
{"id":"proj-b75.2.1","title":"Grandkid","status":"open","priority":2,"issue_type":"task","created_at":"2026-01-02T03:04:05Z","created_by":"tester","updated_at":"2026-01-02T03:04:05Z","source_repo":"proj","source_repo_path":"/mnt/proj","compaction_level":0,"original_size":0,"dependencies":[{"issue_id":"proj-b75.2.1","depends_on_id":"proj-b75.2","type":"parent-child","created_at":"2026-01-02T03:04:05Z","created_by":"tester","metadata":"{}","thread_id":""}]}
{"id":"proj-b75.3","title":"Kid 3","status":"open","priority":2,"issue_type":"task","created_at":"2026-01-02T03:04:05Z","created_by":"tester","updated_at":"2026-01-02T03:04:05Z","source_repo":"proj","source_repo_path":"/mnt/proj","compaction_level":0,"original_size":0}
{"id":"proj-b75.4","title":"Kid 4","status":"open","priority":2,"issue_type":"task","created_at":"2026-01-02T03:04:05Z","created_by":"tester","updated_at":"2026-01-02T03:04:05Z","source_repo":"proj","source_repo_path":"/mnt/proj","compaction_level":0,"original_size":0}
{"id":"proj-b75.5","title":"Kid 5","status":"open","priority":2,"issue_type":"task","created_at":"2026-01-02T03:04:05Z","created_by":"tester","updated_at":"2026-01-02T03:04:05Z","source_repo":"proj","source_repo_path":"/mnt/proj","compaction_level":0,"original_size":0}
{"id":"proj-b75.6","title":"Kid 6","status":"open","priority":2,"issue_type":"task","created_at":"2026-01-02T03:04:05Z","created_by":"tester","updated_at":"2026-01-02T03:04:05Z","source_repo":"proj","source_repo_path":"/mnt/proj","compaction_level":0,"original_size":0}
{"id":"proj-b75.7","title":"Kid 7","status":"open","priority":2,"issue_type":"task","created_at":"2026-01-02T03:04:05Z","created_by":"tester","updated_at":"2026-01-02T03:04:05Z","source_repo":"proj","source_repo_path":"/mnt/proj","compaction_level":0,"original_size":0}
{"id":"proj-b75.8","title":"Kid 8","status":"open","priority":2,"issue_type":"task","created_at":"2026-01-02T03:04:05Z","created_by":"tester","updated_at":"2026-01-02T03:04:05Z","source_repo":"proj","source_repo_path":"/mnt/proj","compaction_level":0,"original_size":0}
{"id":"proj-b75.9","title":"Kid 9","status":"open","priority":2,"issue_type":"task","created_at":"2026-01-02T03:04:05Z","created_by":"tester","updated_at":"2026-01-02T03:04:05Z","source_repo":"proj","source_repo_path":"/mnt/proj","compaction_level":0,"original_size":0}
{"id":"proj-mkh","title":"Already finished work","status":"closed","priority":2,"issue_type":"task","created_at":"2026-01-01T10:00:07Z","created_by":"tester","updated_at":"2026-01-01T13:00:00Z","closed_at":"2026-01-01T13:00:00Z","close_reason":"Done before the fixture","source_repo":"proj","source_repo_path":"/mnt/proj","compaction_level":0,"original_size":0}
{"id":"proj-mta","title":"Set up database schema","description":"Create the initial tables.","status":"open","priority":1,"issue_type":"task","created_at":"2026-01-01T10:00:00Z","created_by":"tester","updated_at":"2026-01-01T10:00:00Z","source_repo":"proj","source_repo_path":"/mnt/proj","compaction_level":0,"original_size":0,"labels":["backend","db"]}
{"id":"proj-ptp","title":"Fix login timeout","status":"in_progress","priority":0,"issue_type":"bug","assignee":"bob","created_at":"2026-01-01T10:00:02Z","created_by":"tester","updated_at":"2026-01-01T12:30:00Z","source_repo":"proj","source_repo_path":"/mnt/proj","compaction_level":0,"original_size":0,"comments":[{"id":1,"issue_id":"proj-ptp","author":"tester","text":"Reproduced on staging.","created_at":"2026-01-01T12:30:00Z"}]}
{"id":"proj-uly","title":"Auth epic","status":"open","priority":2,"issue_type":"epic","created_at":"2026-01-01T10:00:04Z","created_by":"tester","updated_at":"2026-01-01T10:00:04Z","source_repo":"proj","source_repo_path":"/mnt/proj","compaction_level":0,"original_size":0}
--- .beads/last-touched ---
proj-b75.9
[exit 0]
$ ["update", "proj-b75.10", "--parent", ""]
Updated proj-b75.10: Kid 10
--- .beads/issues.jsonl ---
{"id":"proj-170","title":"Implement user auth","status":"open","priority":1,"issue_type":"feature","assignee":"alice","created_at":"2026-01-01T10:00:01Z","created_by":"tester","updated_at":"2026-01-01T11:00:00Z","source_repo":"proj","source_repo_path":"/mnt/proj","compaction_level":0,"original_size":0,"labels":["auth","backend"],"dependencies":[{"issue_id":"proj-170","depends_on_id":"proj-mta","type":"blocks","created_at":"2026-01-01T11:00:00Z","created_by":"tester","metadata":"{}","thread_id":""},{"issue_id":"proj-170","depends_on_id":"proj-uly","type":"parent-child","created_at":"2026-01-01T11:00:00Z","created_by":"tester","metadata":"{}","thread_id":""}]}
{"id":"proj-5u2","title":"Write API docs","status":"open","priority":3,"issue_type":"docs","created_at":"2026-01-01T10:00:03Z","created_by":"tester","updated_at":"2026-01-01T11:00:00Z","source_repo":"proj","source_repo_path":"/mnt/proj","compaction_level":0,"original_size":0,"dependencies":[{"issue_id":"proj-5u2","depends_on_id":"proj-170","type":"related","created_at":"2026-01-01T11:00:00Z","created_by":"tester","metadata":"{}","thread_id":""}]}
{"id":"proj-7vm","title":"Refactor config loader","status":"deferred","priority":4,"issue_type":"chore","created_at":"2026-01-01T10:00:05Z","created_by":"tester","updated_at":"2026-01-01T14:00:00Z","defer_until":"2027-06-01T09:00:00Z","source_repo":"proj","source_repo_path":"/mnt/proj","compaction_level":0,"original_size":0}
{"id":"proj-b75","title":"Ünïcödé title — “quotes” & <tags> \\ backslash","description":"Line one\nLine two\ttabbed","status":"open","priority":2,"issue_type":"task","created_at":"2026-01-01T10:00:06Z","created_by":"tester","updated_at":"2026-01-01T10:00:06Z","source_repo":"proj","source_repo_path":"/mnt/proj","compaction_level":0,"original_size":0}
{"id":"proj-b75.1","title":"Kid 1","status":"open","priority":2,"issue_type":"task","created_at":"2026-01-02T03:04:05Z","created_by":"tester","updated_at":"2026-01-02T03:04:05Z","source_repo":"proj","source_repo_path":"/mnt/proj","compaction_level":0,"original_size":0}
{"id":"proj-b75.10","title":"Kid 10","status":"open","priority":2,"issue_type":"task","created_at":"2026-01-02T03:04:05Z","created_by":"tester","updated_at":"2026-01-02T03:04:05Z","source_repo":"proj","source_repo_path":"/mnt/proj","compaction_level":0,"original_size":0}
{"id":"proj-b75.11","title":"Kid 11","status":"open","priority":2,"issue_type":"task","created_at":"2026-01-02T03:04:05Z","created_by":"tester","updated_at":"2026-01-02T03:04:05Z","source_repo":"proj","source_repo_path":"/mnt/proj","compaction_level":0,"original_size":0,"dependencies":[{"issue_id":"proj-b75.11","depends_on_id":"proj-b75","type":"parent-child","created_at":"2026-01-02T03:04:05Z","created_by":"tester","metadata":"{}","thread_id":""}]}
{"id":"proj-b75.2","title":"Kid 2","status":"open","priority":2,"issue_type":"task","created_at":"2026-01-02T03:04:05Z","created_by":"tester","updated_at":"2026-01-02T03:04:05Z","source_repo":"proj","source_repo_path":"/mnt/proj","compaction_level":0,"original_size":0}
{"id":"proj-b75.2.1","title":"Grandkid","status":"open","priority":2,"issue_type":"task","created_at":"2026-01-02T03:04:05Z","created_by":"tester","updated_at":"2026-01-02T03:04:05Z","source_repo":"proj","source_repo_path":"/mnt/proj","compaction_level":0,"original_size":0,"dependencies":[{"issue_id":"proj-b75.2.1","depends_on_id":"proj-b75.2","type":"parent-child","created_at":"2026-01-02T03:04:05Z","created_by":"tester","metadata":"{}","thread_id":""}]}
{"id":"proj-b75.3","title":"Kid 3","status":"open","priority":2,"issue_type":"task","created_at":"2026-01-02T03:04:05Z","created_by":"tester","updated_at":"2026-01-02T03:04:05Z","source_repo":"proj","source_repo_path":"/mnt/proj","compaction_level":0,"original_size":0}
{"id":"proj-b75.4","title":"Kid 4","status":"open","priority":2,"issue_type":"task","created_at":"2026-01-02T03:04:05Z","created_by":"tester","updated_at":"2026-01-02T03:04:05Z","source_repo":"proj","source_repo_path":"/mnt/proj","compaction_level":0,"original_size":0}
{"id":"proj-b75.5","title":"Kid 5","status":"open","priority":2,"issue_type":"task","created_at":"2026-01-02T03:04:05Z","created_by":"tester","updated_at":"2026-01-02T03:04:05Z","source_repo":"proj","source_repo_path":"/mnt/proj","compaction_level":0,"original_size":0}
{"id":"proj-b75.6","title":"Kid 6","status":"open","priority":2,"issue_type":"task","created_at":"2026-01-02T03:04:05Z","created_by":"tester","updated_at":"2026-01-02T03:04:05Z","source_repo":"proj","source_repo_path":"/mnt/proj","compaction_level":0,"original_size":0}
{"id":"proj-b75.7","title":"Kid 7","status":"open","priority":2,"issue_type":"task","created_at":"2026-01-02T03:04:05Z","created_by":"tester","updated_at":"2026-01-02T03:04:05Z","source_repo":"proj","source_repo_path":"/mnt/proj","compaction_level":0,"original_size":0}
{"id":"proj-b75.8","title":"Kid 8","status":"open","priority":2,"issue_type":"task","created_at":"2026-01-02T03:04:05Z","created_by":"tester","updated_at":"2026-01-02T03:04:05Z","source_repo":"proj","source_repo_path":"/mnt/proj","compaction_level":0,"original_size":0}
{"id":"proj-b75.9","title":"Kid 9","status":"open","priority":2,"issue_type":"task","created_at":"2026-01-02T03:04:05Z","created_by":"tester","updated_at":"2026-01-02T03:04:05Z","source_repo":"proj","source_repo_path":"/mnt/proj","compaction_level":0,"original_size":0}
{"id":"proj-mkh","title":"Already finished work","status":"closed","priority":2,"issue_type":"task","created_at":"2026-01-01T10:00:07Z","created_by":"tester","updated_at":"2026-01-01T13:00:00Z","closed_at":"2026-01-01T13:00:00Z","close_reason":"Done before the fixture","source_repo":"proj","source_repo_path":"/mnt/proj","compaction_level":0,"original_size":0}
{"id":"proj-mta","title":"Set up database schema","description":"Create the initial tables.","status":"open","priority":1,"issue_type":"task","created_at":"2026-01-01T10:00:00Z","created_by":"tester","updated_at":"2026-01-01T10:00:00Z","source_repo":"proj","source_repo_path":"/mnt/proj","compaction_level":0,"original_size":0,"labels":["backend","db"]}
{"id":"proj-ptp","title":"Fix login timeout","status":"in_progress","priority":0,"issue_type":"bug","assignee":"bob","created_at":"2026-01-01T10:00:02Z","created_by":"tester","updated_at":"2026-01-01T12:30:00Z","source_repo":"proj","source_repo_path":"/mnt/proj","compaction_level":0,"original_size":0,"comments":[{"id":1,"issue_id":"proj-ptp","author":"tester","text":"Reproduced on staging.","created_at":"2026-01-01T12:30:00Z"}]}
{"id":"proj-uly","title":"Auth epic","status":"open","priority":2,"issue_type":"epic","created_at":"2026-01-01T10:00:04Z","created_by":"tester","updated_at":"2026-01-01T10:00:04Z","source_repo":"proj","source_repo_path":"/mnt/proj","compaction_level":0,"original_size":0}
--- .beads/last-touched ---
proj-b75.10
[exit 0]
$ ["update", "proj-b75.11", "--parent", ""]
Updated proj-b75.11: Kid 11
--- .beads/issues.jsonl ---
{"id":"proj-170","title":"Implement user auth","status":"open","priority":1,"issue_type":"feature","assignee":"alice","created_at":"2026-01-01T10:00:01Z","created_by":"tester","updated_at":"2026-01-01T11:00:00Z","source_repo":"proj","source_repo_path":"/mnt/proj","compaction_level":0,"original_size":0,"labels":["auth","backend"],"dependencies":[{"issue_id":"proj-170","depends_on_id":"proj-mta","type":"blocks","created_at":"2026-01-01T11:00:00Z","created_by":"tester","metadata":"{}","thread_id":""},{"issue_id":"proj-170","depends_on_id":"proj-uly","type":"parent-child","created_at":"2026-01-01T11:00:00Z","created_by":"tester","metadata":"{}","thread_id":""}]}
{"id":"proj-5u2","title":"Write API docs","status":"open","priority":3,"issue_type":"docs","created_at":"2026-01-01T10:00:03Z","created_by":"tester","updated_at":"2026-01-01T11:00:00Z","source_repo":"proj","source_repo_path":"/mnt/proj","compaction_level":0,"original_size":0,"dependencies":[{"issue_id":"proj-5u2","depends_on_id":"proj-170","type":"related","created_at":"2026-01-01T11:00:00Z","created_by":"tester","metadata":"{}","thread_id":""}]}
{"id":"proj-7vm","title":"Refactor config loader","status":"deferred","priority":4,"issue_type":"chore","created_at":"2026-01-01T10:00:05Z","created_by":"tester","updated_at":"2026-01-01T14:00:00Z","defer_until":"2027-06-01T09:00:00Z","source_repo":"proj","source_repo_path":"/mnt/proj","compaction_level":0,"original_size":0}
{"id":"proj-b75","title":"Ünïcödé title — “quotes” & <tags> \\ backslash","description":"Line one\nLine two\ttabbed","status":"open","priority":2,"issue_type":"task","created_at":"2026-01-01T10:00:06Z","created_by":"tester","updated_at":"2026-01-01T10:00:06Z","source_repo":"proj","source_repo_path":"/mnt/proj","compaction_level":0,"original_size":0}
{"id":"proj-b75.1","title":"Kid 1","status":"open","priority":2,"issue_type":"task","created_at":"2026-01-02T03:04:05Z","created_by":"tester","updated_at":"2026-01-02T03:04:05Z","source_repo":"proj","source_repo_path":"/mnt/proj","compaction_level":0,"original_size":0}
{"id":"proj-b75.10","title":"Kid 10","status":"open","priority":2,"issue_type":"task","created_at":"2026-01-02T03:04:05Z","created_by":"tester","updated_at":"2026-01-02T03:04:05Z","source_repo":"proj","source_repo_path":"/mnt/proj","compaction_level":0,"original_size":0}
{"id":"proj-b75.11","title":"Kid 11","status":"open","priority":2,"issue_type":"task","created_at":"2026-01-02T03:04:05Z","created_by":"tester","updated_at":"2026-01-02T03:04:05Z","source_repo":"proj","source_repo_path":"/mnt/proj","compaction_level":0,"original_size":0}
{"id":"proj-b75.2","title":"Kid 2","status":"open","priority":2,"issue_type":"task","created_at":"2026-01-02T03:04:05Z","created_by":"tester","updated_at":"2026-01-02T03:04:05Z","source_repo":"proj","source_repo_path":"/mnt/proj","compaction_level":0,"original_size":0}
{"id":"proj-b75.2.1","title":"Grandkid","status":"open","priority":2,"issue_type":"task","created_at":"2026-01-02T03:04:05Z","created_by":"tester","updated_at":"2026-01-02T03:04:05Z","source_repo":"proj","source_repo_path":"/mnt/proj","compaction_level":0,"original_size":0,"dependencies":[{"issue_id":"proj-b75.2.1","depends_on_id":"proj-b75.2","type":"parent-child","created_at":"2026-01-02T03:04:05Z","created_by":"tester","metadata":"{}","thread_id":""}]}
{"id":"proj-b75.3","title":"Kid 3","status":"open","priority":2,"issue_type":"task","created_at":"2026-01-02T03:04:05Z","created_by":"tester","updated_at":"2026-01-02T03:04:05Z","source_repo":"proj","source_repo_path":"/mnt/proj","compaction_level":0,"original_size":0}
{"id":"proj-b75.4","title":"Kid 4","status":"open","priority":2,"issue_type":"task","created_at":"2026-01-02T03:04:05Z","created_by":"tester","updated_at":"2026-01-02T03:04:05Z","source_repo":"proj","source_repo_path":"/mnt/proj","compaction_level":0,"original_size":0}
{"id":"proj-b75.5","title":"Kid 5","status":"open","priority":2,"issue_type":"task","created_at":"2026-01-02T03:04:05Z","created_by":"tester","updated_at":"2026-01-02T03:04:05Z","source_repo":"proj","source_repo_path":"/mnt/proj","compaction_level":0,"original_size":0}
{"id":"proj-b75.6","title":"Kid 6","status":"open","priority":2,"issue_type":"task","created_at":"2026-01-02T03:04:05Z","created_by":"tester","updated_at":"2026-01-02T03:04:05Z","source_repo":"proj","source_repo_path":"/mnt/proj","compaction_level":0,"original_size":0}
{"id":"proj-b75.7","title":"Kid 7","status":"open","priority":2,"issue_type":"task","created_at":"2026-01-02T03:04:05Z","created_by":"tester","updated_at":"2026-01-02T03:04:05Z","source_repo":"proj","source_repo_path":"/mnt/proj","compaction_level":0,"original_size":0}
{"id":"proj-b75.8","title":"Kid 8","status":"open","priority":2,"issue_type":"task","created_at":"2026-01-02T03:04:05Z","created_by":"tester","updated_at":"2026-01-02T03:04:05Z","source_repo":"proj","source_repo_path":"/mnt/proj","compaction_level":0,"original_size":0}
{"id":"proj-b75.9","title":"Kid 9","status":"open","priority":2,"issue_type":"task","created_at":"2026-01-02T03:04:05Z","created_by":"tester","updated_at":"2026-01-02T03:04:05Z","source_repo":"proj","source_repo_path":"/mnt/proj","compaction_level":0,"original_size":0}
{"id":"proj-mkh","title":"Already finished work","status":"closed","priority":2,"issue_type":"task","created_at":"2026-01-01T10:00:07Z","created_by":"tester","updated_at":"2026-01-01T13:00:00Z","closed_at":"2026-01-01T13:00:00Z","close_reason":"Done before the fixture","source_repo":"proj","source_repo_path":"/mnt/proj","compaction_level":0,"original_size":0}
{"id":"proj-mta","title":"Set up database schema","description":"Create the initial tables.","status":"open","priority":1,"issue_type":"task","created_at":"2026-01-01T10:00:00Z","created_by":"tester","updated_at":"2026-01-01T10:00:00Z","source_repo":"proj","source_repo_path":"/mnt/proj","compaction_level":0,"original_size":0,"labels":["backend","db"]}
{"id":"proj-ptp","title":"Fix login timeout","status":"in_progress","priority":0,"issue_type":"bug","assignee":"bob","created_at":"2026-01-01T10:00:02Z","created_by":"tester","updated_at":"2026-01-01T12:30:00Z","source_repo":"proj","source_repo_path":"/mnt/proj","compaction_level":0,"original_size":0,"comments":[{"id":1,"issue_id":"proj-ptp","author":"tester","text":"Reproduced on staging.","created_at":"2026-01-01T12:30:00Z"}]}
{"id":"proj-uly","title":"Auth epic","status":"open","priority":2,"issue_type":"epic","created_at":"2026-01-01T10:00:04Z","created_by":"tester","updated_at":"2026-01-01T10:00:04Z","source_repo":"proj","source_repo_path":"/mnt/proj","compaction_level":0,"original_size":0}
--- .beads/last-touched ---
proj-b75.11
[exit 0]
$ ["update", "proj-b75.2.1", "--parent", ""]
Updated proj-b75.2.1: Grandkid
--- .beads/issues.jsonl ---
{"id":"proj-170","title":"Implement user auth","status":"open","priority":1,"issue_type":"feature","assignee":"alice","created_at":"2026-01-01T10:00:01Z","created_by":"tester","updated_at":"2026-01-01T11:00:00Z","source_repo":"proj","source_repo_path":"/mnt/proj","compaction_level":0,"original_size":0,"labels":["auth","backend"],"dependencies":[{"issue_id":"proj-170","depends_on_id":"proj-mta","type":"blocks","created_at":"2026-01-01T11:00:00Z","created_by":"tester","metadata":"{}","thread_id":""},{"issue_id":"proj-170","depends_on_id":"proj-uly","type":"parent-child","created_at":"2026-01-01T11:00:00Z","created_by":"tester","metadata":"{}","thread_id":""}]}
{"id":"proj-5u2","title":"Write API docs","status":"open","priority":3,"issue_type":"docs","created_at":"2026-01-01T10:00:03Z","created_by":"tester","updated_at":"2026-01-01T11:00:00Z","source_repo":"proj","source_repo_path":"/mnt/proj","compaction_level":0,"original_size":0,"dependencies":[{"issue_id":"proj-5u2","depends_on_id":"proj-170","type":"related","created_at":"2026-01-01T11:00:00Z","created_by":"tester","metadata":"{}","thread_id":""}]}
{"id":"proj-7vm","title":"Refactor config loader","status":"deferred","priority":4,"issue_type":"chore","created_at":"2026-01-01T10:00:05Z","created_by":"tester","updated_at":"2026-01-01T14:00:00Z","defer_until":"2027-06-01T09:00:00Z","source_repo":"proj","source_repo_path":"/mnt/proj","compaction_level":0,"original_size":0}
{"id":"proj-b75","title":"Ünïcödé title — “quotes” & <tags> \\ backslash","description":"Line one\nLine two\ttabbed","status":"open","priority":2,"issue_type":"task","created_at":"2026-01-01T10:00:06Z","created_by":"tester","updated_at":"2026-01-01T10:00:06Z","source_repo":"proj","source_repo_path":"/mnt/proj","compaction_level":0,"original_size":0}
{"id":"proj-b75.1","title":"Kid 1","status":"open","priority":2,"issue_type":"task","created_at":"2026-01-02T03:04:05Z","created_by":"tester","updated_at":"2026-01-02T03:04:05Z","source_repo":"proj","source_repo_path":"/mnt/proj","compaction_level":0,"original_size":0}
{"id":"proj-b75.10","title":"Kid 10","status":"open","priority":2,"issue_type":"task","created_at":"2026-01-02T03:04:05Z","created_by":"tester","updated_at":"2026-01-02T03:04:05Z","source_repo":"proj","source_repo_path":"/mnt/proj","compaction_level":0,"original_size":0}
{"id":"proj-b75.11","title":"Kid 11","status":"open","priority":2,"issue_type":"task","created_at":"2026-01-02T03:04:05Z","created_by":"tester","updated_at":"2026-01-02T03:04:05Z","source_repo":"proj","source_repo_path":"/mnt/proj","compaction_level":0,"original_size":0}
{"id":"proj-b75.2","title":"Kid 2","status":"open","priority":2,"issue_type":"task","created_at":"2026-01-02T03:04:05Z","created_by":"tester","updated_at":"2026-01-02T03:04:05Z","source_repo":"proj","source_repo_path":"/mnt/proj","compaction_level":0,"original_size":0}
{"id":"proj-b75.2.1","title":"Grandkid","status":"open","priority":2,"issue_type":"task","created_at":"2026-01-02T03:04:05Z","created_by":"tester","updated_at":"2026-01-02T03:04:05Z","source_repo":"proj","source_repo_path":"/mnt/proj","compaction_level":0,"original_size":0}
{"id":"proj-b75.3","title":"Kid 3","status":"open","priority":2,"issue_type":"task","created_at":"2026-01-02T03:04:05Z","created_by":"tester","updated_at":"2026-01-02T03:04:05Z","source_repo":"proj","source_repo_path":"/mnt/proj","compaction_level":0,"original_size":0}
{"id":"proj-b75.4","title":"Kid 4","status":"open","priority":2,"issue_type":"task","created_at":"2026-01-02T03:04:05Z","created_by":"tester","updated_at":"2026-01-02T03:04:05Z","source_repo":"proj","source_repo_path":"/mnt/proj","compaction_level":0,"original_size":0}
{"id":"proj-b75.5","title":"Kid 5","status":"open","priority":2,"issue_type":"task","created_at":"2026-01-02T03:04:05Z","created_by":"tester","updated_at":"2026-01-02T03:04:05Z","source_repo":"proj","source_repo_path":"/mnt/proj","compaction_level":0,"original_size":0}
{"id":"proj-b75.6","title":"Kid 6","status":"open","priority":2,"issue_type":"task","created_at":"2026-01-02T03:04:05Z","created_by":"tester","updated_at":"2026-01-02T03:04:05Z","source_repo":"proj","source_repo_path":"/mnt/proj","compaction_level":0,"original_size":0}
{"id":"proj-b75.7","title":"Kid 7","status":"open","priority":2,"issue_type":"task","created_at":"2026-01-02T03:04:05Z","created_by":"tester","updated_at":"2026-01-02T03:04:05Z","source_repo":"proj","source_repo_path":"/mnt/proj","compaction_level":0,"original_size":0}
{"id":"proj-b75.8","title":"Kid 8","status":"open","priority":2,"issue_type":"task","created_at":"2026-01-02T03:04:05Z","created_by":"tester","updated_at":"2026-01-02T03:04:05Z","source_repo":"proj","source_repo_path":"/mnt/proj","compaction_level":0,"original_size":0}
{"id":"proj-b75.9","title":"Kid 9","status":"open","priority":2,"issue_type":"task","created_at":"2026-01-02T03:04:05Z","created_by":"tester","updated_at":"2026-01-02T03:04:05Z","source_repo":"proj","source_repo_path":"/mnt/proj","compaction_level":0,"original_size":0}
{"id":"proj-mkh","title":"Already finished work","status":"closed","priority":2,"issue_type":"task","created_at":"2026-01-01T10:00:07Z","created_by":"tester","updated_at":"2026-01-01T13:00:00Z","closed_at":"2026-01-01T13:00:00Z","close_reason":"Done before the fixture","source_repo":"proj","source_repo_path":"/mnt/proj","compaction_level":0,"original_size":0}
{"id":"proj-mta","title":"Set up database schema","description":"Create the initial tables.","status":"open","priority":1,"issue_type":"task","created_at":"2026-01-01T10:00:00Z","created_by":"tester","updated_at":"2026-01-01T10:00:00Z","source_repo":"proj","source_repo_path":"/mnt/proj","compaction_level":0,"original_size":0,"labels":["backend","db"]}
{"id":"proj-ptp","title":"Fix login timeout","status":"in_progress","priority":0,"issue_type":"bug","assignee":"bob","created_at":"2026-01-01T10:00:02Z","created_by":"tester","updated_at":"2026-01-01T12:30:00Z","source_repo":"proj","source_repo_path":"/mnt/proj","compaction_level":0,"original_size":0,"comments":[{"id":1,"issue_id":"proj-ptp","author":"tester","text":"Reproduced on staging.","created_at":"2026-01-01T12:30:00Z"}]}
{"id":"proj-uly","title":"Auth epic","status":"open","priority":2,"issue_type":"epic","created_at":"2026-01-01T10:00:04Z","created_by":"tester","updated_at":"2026-01-01T10:00:04Z","source_repo":"proj","source_repo_path":"/mnt/proj","compaction_level":0,"original_size":0}
--- .beads/last-touched ---
proj-b75.2.1
[exit 0]
$ ["close", "proj-b75"]
[exit 3]
$ ["close", "proj-b75.1", "--force"]
✓ Closed proj-b75.1: Kid 1 (done)
--- .beads/issues.jsonl ---
{"id":"proj-170","title":"Implement user auth","status":"open","priority":1,"issue_type":"feature","assignee":"alice","created_at":"2026-01-01T10:00:01Z","created_by":"tester","updated_at":"2026-01-01T11:00:00Z","source_repo":"proj","source_repo_path":"/mnt/proj","compaction_level":0,"original_size":0,"labels":["auth","backend"],"dependencies":[{"issue_id":"proj-170","depends_on_id":"proj-mta","type":"blocks","created_at":"2026-01-01T11:00:00Z","created_by":"tester","metadata":"{}","thread_id":""},{"issue_id":"proj-170","depends_on_id":"proj-uly","type":"parent-child","created_at":"2026-01-01T11:00:00Z","created_by":"tester","metadata":"{}","thread_id":""}]}
{"id":"proj-5u2","title":"Write API docs","status":"open","priority":3,"issue_type":"docs","created_at":"2026-01-01T10:00:03Z","created_by":"tester","updated_at":"2026-01-01T11:00:00Z","source_repo":"proj","source_repo_path":"/mnt/proj","compaction_level":0,"original_size":0,"dependencies":[{"issue_id":"proj-5u2","depends_on_id":"proj-170","type":"related","created_at":"2026-01-01T11:00:00Z","created_by":"tester","metadata":"{}","thread_id":""}]}
{"id":"proj-7vm","title":"Refactor config loader","status":"deferred","priority":4,"issue_type":"chore","created_at":"2026-01-01T10:00:05Z","created_by":"tester","updated_at":"2026-01-01T14:00:00Z","defer_until":"2027-06-01T09:00:00Z","source_repo":"proj","source_repo_path":"/mnt/proj","compaction_level":0,"original_size":0}
{"id":"proj-b75","title":"Ünïcödé title — “quotes” & <tags> \\ backslash","description":"Line one\nLine two\ttabbed","status":"open","priority":2,"issue_type":"task","created_at":"2026-01-01T10:00:06Z","created_by":"tester","updated_at":"2026-01-01T10:00:06Z","source_repo":"proj","source_repo_path":"/mnt/proj","compaction_level":0,"original_size":0}
{"id":"proj-b75.1","title":"Kid 1","status":"closed","priority":2,"issue_type":"task","created_at":"2026-01-02T03:04:05Z","created_by":"tester","updated_at":"2026-01-02T03:04:05Z","closed_at":"2026-01-02T03:04:05Z","close_reason":"done","source_repo":"proj","source_repo_path":"/mnt/proj","compaction_level":0,"original_size":0}
{"id":"proj-b75.10","title":"Kid 10","status":"open","priority":2,"issue_type":"task","created_at":"2026-01-02T03:04:05Z","created_by":"tester","updated_at":"2026-01-02T03:04:05Z","source_repo":"proj","source_repo_path":"/mnt/proj","compaction_level":0,"original_size":0}
{"id":"proj-b75.11","title":"Kid 11","status":"open","priority":2,"issue_type":"task","created_at":"2026-01-02T03:04:05Z","created_by":"tester","updated_at":"2026-01-02T03:04:05Z","source_repo":"proj","source_repo_path":"/mnt/proj","compaction_level":0,"original_size":0}
{"id":"proj-b75.2","title":"Kid 2","status":"open","priority":2,"issue_type":"task","created_at":"2026-01-02T03:04:05Z","created_by":"tester","updated_at":"2026-01-02T03:04:05Z","source_repo":"proj","source_repo_path":"/mnt/proj","compaction_level":0,"original_size":0}
{"id":"proj-b75.2.1","title":"Grandkid","status":"open","priority":2,"issue_type":"task","created_at":"2026-01-02T03:04:05Z","created_by":"tester","updated_at":"2026-01-02T03:04:05Z","source_repo":"proj","source_repo_path":"/mnt/proj","compaction_level":0,"original_size":0}
{"id":"proj-b75.3","title":"Kid 3","status":"open","priority":2,"issue_type":"task","created_at":"2026-01-02T03:04:05Z","created_by":"tester","updated_at":"2026-01-02T03:04:05Z","source_repo":"proj","source_repo_path":"/mnt/proj","compaction_level":0,"original_size":0}
{"id":"proj-b75.4","title":"Kid 4","status":"open","priority":2,"issue_type":"task","created_at":"2026-01-02T03:04:05Z","created_by":"tester","updated_at":"2026-01-02T03:04:05Z","source_repo":"proj","source_repo_path":"/mnt/proj","compaction_level":0,"original_size":0}
{"id":"proj-b75.5","title":"Kid 5","status":"open","priority":2,"issue_type":"task","created_at":"2026-01-02T03:04:05Z","created_by":"tester","updated_at":"2026-01-02T03:04:05Z","source_repo":"proj","source_repo_path":"/mnt/proj","compaction_level":0,"original_size":0}
{"id":"proj-b75.6","title":"Kid 6","status":"open","priority":2,"issue_type":"task","created_at":"2026-01-02T03:04:05Z","created_by":"tester","updated_at":"2026-01-02T03:04:05Z","source_repo":"proj","source_repo_path":"/mnt/proj","compaction_level":0,"original_size":0}
{"id":"proj-b75.7","title":"Kid 7","status":"open","priority":2,"issue_type":"task","created_at":"2026-01-02T03:04:05Z","created_by":"tester","updated_at":"2026-01-02T03:04:05Z","source_repo":"proj","source_repo_path":"/mnt/proj","compaction_level":0,"original_size":0}
{"id":"proj-b75.8","title":"Kid 8","status":"open","priority":2,"issue_type":"task","created_at":"2026-01-02T03:04:05Z","created_by":"tester","updated_at":"2026-01-02T03:04:05Z","source_repo":"proj","source_repo_path":"/mnt/proj","compaction_level":0,"original_size":0}
{"id":"proj-b75.9","title":"Kid 9","status":"open","priority":2,"issue_type":"task","created_at":"2026-01-02T03:04:05Z","created_by":"tester","updated_at":"2026-01-02T03:04:05Z","source_repo":"proj","source_repo_path":"/mnt/proj","compaction_level":0,"original_size":0}
{"id":"proj-mkh","title":"Already finished work","status":"closed","priority":2,"issue_type":"task","created_at":"2026-01-01T10:00:07Z","created_by":"tester","updated_at":"2026-01-01T13:00:00Z","closed_at":"2026-01-01T13:00:00Z","close_reason":"Done before the fixture","source_repo":"proj","source_repo_path":"/mnt/proj","compaction_level":0,"original_size":0}
{"id":"proj-mta","title":"Set up database schema","description":"Create the initial tables.","status":"open","priority":1,"issue_type":"task","created_at":"2026-01-01T10:00:00Z","created_by":"tester","updated_at":"2026-01-01T10:00:00Z","source_repo":"proj","source_repo_path":"/mnt/proj","compaction_level":0,"original_size":0,"labels":["backend","db"]}
{"id":"proj-ptp","title":"Fix login timeout","status":"in_progress","priority":0,"issue_type":"bug","assignee":"bob","created_at":"2026-01-01T10:00:02Z","created_by":"tester","updated_at":"2026-01-01T12:30:00Z","source_repo":"proj","source_repo_path":"/mnt/proj","compaction_level":0,"original_size":0,"comments":[{"id":1,"issue_id":"proj-ptp","author":"tester","text":"Reproduced on staging.","created_at":"2026-01-01T12:30:00Z"}]}
{"id":"proj-uly","title":"Auth epic","status":"open","priority":2,"issue_type":"epic","created_at":"2026-01-01T10:00:04Z","created_by":"tester","updated_at":"2026-01-01T10:00:04Z","source_repo":"proj","source_repo_path":"/mnt/proj","compaction_level":0,"original_size":0}
--- .beads/last-touched ---
proj-b75.1
[exit 0]
$ ["close", "proj-b75.2", "--force"]
✓ Closed proj-b75.2: Kid 2 (done)
--- .beads/issues.jsonl ---
{"id":"proj-170","title":"Implement user auth","status":"open","priority":1,"issue_type":"feature","assignee":"alice","created_at":"2026-01-01T10:00:01Z","created_by":"tester","updated_at":"2026-01-01T11:00:00Z","source_repo":"proj","source_repo_path":"/mnt/proj","compaction_level":0,"original_size":0,"labels":["auth","backend"],"dependencies":[{"issue_id":"proj-170","depends_on_id":"proj-mta","type":"blocks","created_at":"2026-01-01T11:00:00Z","created_by":"tester","metadata":"{}","thread_id":""},{"issue_id":"proj-170","depends_on_id":"proj-uly","type":"parent-child","created_at":"2026-01-01T11:00:00Z","created_by":"tester","metadata":"{}","thread_id":""}]}
{"id":"proj-5u2","title":"Write API docs","status":"open","priority":3,"issue_type":"docs","created_at":"2026-01-01T10:00:03Z","created_by":"tester","updated_at":"2026-01-01T11:00:00Z","source_repo":"proj","source_repo_path":"/mnt/proj","compaction_level":0,"original_size":0,"dependencies":[{"issue_id":"proj-5u2","depends_on_id":"proj-170","type":"related","created_at":"2026-01-01T11:00:00Z","created_by":"tester","metadata":"{}","thread_id":""}]}
{"id":"proj-7vm","title":"Refactor config loader","status":"deferred","priority":4,"issue_type":"chore","created_at":"2026-01-01T10:00:05Z","created_by":"tester","updated_at":"2026-01-01T14:00:00Z","defer_until":"2027-06-01T09:00:00Z","source_repo":"proj","source_repo_path":"/mnt/proj","compaction_level":0,"original_size":0}
{"id":"proj-b75","title":"Ünïcödé title — “quotes” & <tags> \\ backslash","description":"Line one\nLine two\ttabbed","status":"open","priority":2,"issue_type":"task","created_at":"2026-01-01T10:00:06Z","created_by":"tester","updated_at":"2026-01-01T10:00:06Z","source_repo":"proj","source_repo_path":"/mnt/proj","compaction_level":0,"original_size":0}
{"id":"proj-b75.1","title":"Kid 1","status":"closed","priority":2,"issue_type":"task","created_at":"2026-01-02T03:04:05Z","created_by":"tester","updated_at":"2026-01-02T03:04:05Z","closed_at":"2026-01-02T03:04:05Z","close_reason":"done","source_repo":"proj","source_repo_path":"/mnt/proj","compaction_level":0,"original_size":0}
{"id":"proj-b75.10","title":"Kid 10","status":"open","priority":2,"issue_type":"task","created_at":"2026-01-02T03:04:05Z","created_by":"tester","updated_at":"2026-01-02T03:04:05Z","source_repo":"proj","source_repo_path":"/mnt/proj","compaction_level":0,"original_size":0}
{"id":"proj-b75.11","title":"Kid 11","status":"open","priority":2,"issue_type":"task","created_at":"2026-01-02T03:04:05Z","created_by":"tester","updated_at":"2026-01-02T03:04:05Z","source_repo":"proj","source_repo_path":"/mnt/proj","compaction_level":0,"original_size":0}
{"id":"proj-b75.2","title":"Kid 2","status":"closed","priority":2,"issue_type":"task","created_at":"2026-01-02T03:04:05Z","created_by":"tester","updated_at":"2026-01-02T03:04:05Z","closed_at":"2026-01-02T03:04:05Z","close_reason":"done","source_repo":"proj","source_repo_path":"/mnt/proj","compaction_level":0,"original_size":0}
{"id":"proj-b75.2.1","title":"Grandkid","status":"open","priority":2,"issue_type":"task","created_at":"2026-01-02T03:04:05Z","created_by":"tester","updated_at":"2026-01-02T03:04:05Z","source_repo":"proj","source_repo_path":"/mnt/proj","compaction_level":0,"original_size":0}
{"id":"proj-b75.3","title":"Kid 3","status":"open","priority":2,"issue_type":"task","created_at":"2026-01-02T03:04:05Z","created_by":"tester","updated_at":"2026-01-02T03:04:05Z","source_repo":"proj","source_repo_path":"/mnt/proj","compaction_level":0,"original_size":0}
{"id":"proj-b75.4","title":"Kid 4","status":"open","priority":2,"issue_type":"task","created_at":"2026-01-02T03:04:05Z","created_by":"tester","updated_at":"2026-01-02T03:04:05Z","source_repo":"proj","source_repo_path":"/mnt/proj","compaction_level":0,"original_size":0}
{"id":"proj-b75.5","title":"Kid 5","status":"open","priority":2,"issue_type":"task","created_at":"2026-01-02T03:04:05Z","created_by":"tester","updated_at":"2026-01-02T03:04:05Z","source_repo":"proj","source_repo_path":"/mnt/proj","compaction_level":0,"original_size":0}
{"id":"proj-b75.6","title":"Kid 6","status":"open","priority":2,"issue_type":"task","created_at":"2026-01-02T03:04:05Z","created_by":"tester","updated_at":"2026-01-02T03:04:05Z","source_repo":"proj","source_repo_path":"/mnt/proj","compaction_level":0,"original_size":0}
{"id":"proj-b75.7","title":"Kid 7","status":"open","priority":2,"issue_type":"task","created_at":"2026-01-02T03:04:05Z","created_by":"tester","updated_at":"2026-01-02T03:04:05Z","source_repo":"proj","source_repo_path":"/mnt/proj","compaction_level":0,"original_size":0}
{"id":"proj-b75.8","title":"Kid 8","status":"open","priority":2,"issue_type":"task","created_at":"2026-01-02T03:04:05Z","created_by":"tester","updated_at":"2026-01-02T03:04:05Z","source_repo":"proj","source_repo_path":"/mnt/proj","compaction_level":0,"original_size":0}
{"id":"proj-b75.9","title":"Kid 9","status":"open","priority":2,"issue_type":"task","created_at":"2026-01-02T03:04:05Z","created_by":"tester","updated_at":"2026-01-02T03:04:05Z","source_repo":"proj","source_repo_path":"/mnt/proj","compaction_level":0,"original_size":0}
{"id":"proj-mkh","title":"Already finished work","status":"closed","priority":2,"issue_type":"task","created_at":"2026-01-01T10:00:07Z","created_by":"tester","updated_at":"2026-01-01T13:00:00Z","closed_at":"2026-01-01T13:00:00Z","close_reason":"Done before the fixture","source_repo":"proj","source_repo_path":"/mnt/proj","compaction_level":0,"original_size":0}
{"id":"proj-mta","title":"Set up database schema","description":"Create the initial tables.","status":"open","priority":1,"issue_type":"task","created_at":"2026-01-01T10:00:00Z","created_by":"tester","updated_at":"2026-01-01T10:00:00Z","source_repo":"proj","source_repo_path":"/mnt/proj","compaction_level":0,"original_size":0,"labels":["backend","db"]}
{"id":"proj-ptp","title":"Fix login timeout","status":"in_progress","priority":0,"issue_type":"bug","assignee":"bob","created_at":"2026-01-01T10:00:02Z","created_by":"tester","updated_at":"2026-01-01T12:30:00Z","source_repo":"proj","source_repo_path":"/mnt/proj","compaction_level":0,"original_size":0,"comments":[{"id":1,"issue_id":"proj-ptp","author":"tester","text":"Reproduced on staging.","created_at":"2026-01-01T12:30:00Z"}]}
{"id":"proj-uly","title":"Auth epic","status":"open","priority":2,"issue_type":"epic","created_at":"2026-01-01T10:00:04Z","created_by":"tester","updated_at":"2026-01-01T10:00:04Z","source_repo":"proj","source_repo_path":"/mnt/proj","compaction_level":0,"original_size":0}
--- .beads/last-touched ---
proj-b75.2
[exit 0]
$ ["close", "proj-b75.3", "--force"]
✓ Closed proj-b75.3: Kid 3 (done)
--- .beads/issues.jsonl ---
{"id":"proj-170","title":"Implement user auth","status":"open","priority":1,"issue_type":"feature","assignee":"alice","created_at":"2026-01-01T10:00:01Z","created_by":"tester","updated_at":"2026-01-01T11:00:00Z","source_repo":"proj","source_repo_path":"/mnt/proj","compaction_level":0,"original_size":0,"labels":["auth","backend"],"dependencies":[{"issue_id":"proj-170","depends_on_id":"proj-mta","type":"blocks","created_at":"2026-01-01T11:00:00Z","created_by":"tester","metadata":"{}","thread_id":""},{"issue_id":"proj-170","depends_on_id":"proj-uly","type":"parent-child","created_at":"2026-01-01T11:00:00Z","created_by":"tester","metadata":"{}","thread_id":""}]}
{"id":"proj-5u2","title":"Write API docs","status":"open","priority":3,"issue_type":"docs","created_at":"2026-01-01T10:00:03Z","created_by":"tester","updated_at":"2026-01-01T11:00:00Z","source_repo":"proj","source_repo_path":"/mnt/proj","compaction_level":0,"original_size":0,"dependencies":[{"issue_id":"proj-5u2","depends_on_id":"proj-170","type":"related","created_at":"2026-01-01T11:00:00Z","created_by":"tester","metadata":"{}","thread_id":""}]}
{"id":"proj-7vm","title":"Refactor config loader","status":"deferred","priority":4,"issue_type":"chore","created_at":"2026-01-01T10:00:05Z","created_by":"tester","updated_at":"2026-01-01T14:00:00Z","defer_until":"2027-06-01T09:00:00Z","source_repo":"proj","source_repo_path":"/mnt/proj","compaction_level":0,"original_size":0}
{"id":"proj-b75","title":"Ünïcödé title — “quotes” & <tags> \\ backslash","description":"Line one\nLine two\ttabbed","status":"open","priority":2,"issue_type":"task","created_at":"2026-01-01T10:00:06Z","created_by":"tester","updated_at":"2026-01-01T10:00:06Z","source_repo":"proj","source_repo_path":"/mnt/proj","compaction_level":0,"original_size":0}
{"id":"proj-b75.1","title":"Kid 1","status":"closed","priority":2,"issue_type":"task","created_at":"2026-01-02T03:04:05Z","created_by":"tester","updated_at":"2026-01-02T03:04:05Z","closed_at":"2026-01-02T03:04:05Z","close_reason":"done","source_repo":"proj","source_repo_path":"/mnt/proj","compaction_level":0,"original_size":0}
{"id":"proj-b75.10","title":"Kid 10","status":"open","priority":2,"issue_type":"task","created_at":"2026-01-02T03:04:05Z","created_by":"tester","updated_at":"2026-01-02T03:04:05Z","source_repo":"proj","source_repo_path":"/mnt/proj","compaction_level":0,"original_size":0}
{"id":"proj-b75.11","title":"Kid 11","status":"open","priority":2,"issue_type":"task","created_at":"2026-01-02T03:04:05Z","created_by":"tester","updated_at":"2026-01-02T03:04:05Z","source_repo":"proj","source_repo_path":"/mnt/proj","compaction_level":0,"original_size":0}
{"id":"proj-b75.2","title":"Kid 2","status":"closed","priority":2,"issue_type":"task","created_at":"2026-01-02T03:04:05Z","created_by":"tester","updated_at":"2026-01-02T03:04:05Z","closed_at":"2026-01-02T03:04:05Z","close_reason":"done","source_repo":"proj","source_repo_path":"/mnt/proj","compaction_level":0,"original_size":0}
{"id":"proj-b75.2.1","title":"Grandkid","status":"open","priority":2,"issue_type":"task","created_at":"2026-01-02T03:04:05Z","created_by":"tester","updated_at":"2026-01-02T03:04:05Z","source_repo":"proj","source_repo_path":"/mnt/proj","compaction_level":0,"original_size":0}
{"id":"proj-b75.3","title":"Kid 3","status":"closed","priority":2,"issue_type":"task","created_at":"2026-01-02T03:04:05Z","created_by":"tester","updated_at":"2026-01-02T03:04:05Z","closed_at":"2026-01-02T03:04:05Z","close_reason":"done","source_repo":"proj","source_repo_path":"/mnt/proj","compaction_level":0,"original_size":0}
{"id":"proj-b75.4","title":"Kid 4","status":"open","priority":2,"issue_type":"task","created_at":"2026-01-02T03:04:05Z","created_by":"tester","updated_at":"2026-01-02T03:04:05Z","source_repo":"proj","source_repo_path":"/mnt/proj","compaction_level":0,"original_size":0}
{"id":"proj-b75.5","title":"Kid 5","status":"open","priority":2,"issue_type":"task","created_at":"2026-01-02T03:04:05Z","created_by":"tester","updated_at":"2026-01-02T03:04:05Z","source_repo":"proj","source_repo_path":"/mnt/proj","compaction_level":0,"original_size":0}
{"id":"proj-b75.6","title":"Kid 6","status":"open","priority":2,"issue_type":"task","created_at":"2026-01-02T03:04:05Z","created_by":"tester","updated_at":"2026-01-02T03:04:05Z","source_repo":"proj","source_repo_path":"/mnt/proj","compaction_level":0,"original_size":0}
{"id":"proj-b75.7","title":"Kid 7","status":"open","priority":2,"issue_type":"task","created_at":"2026-01-02T03:04:05Z","created_by":"tester","updated_at":"2026-01-02T03:04:05Z","source_repo":"proj","source_repo_path":"/mnt/proj","compaction_level":0,"original_size":0}
{"id":"proj-b75.8","title":"Kid 8","status":"open","priority":2,"issue_type":"task","created_at":"2026-01-02T03:04:05Z","created_by":"tester","updated_at":"2026-01-02T03:04:05Z","source_repo":"proj","source_repo_path":"/mnt/proj","compaction_level":0,"original_size":0}
{"id":"proj-b75.9","title":"Kid 9","status":"open","priority":2,"issue_type":"task","created_at":"2026-01-02T03:04:05Z","created_by":"tester","updated_at":"2026-01-02T03:04:05Z","source_repo":"proj","source_repo_path":"/mnt/proj","compaction_level":0,"original_size":0}
{"id":"proj-mkh","title":"Already finished work","status":"closed","priority":2,"issue_type":"task","created_at":"2026-01-01T10:00:07Z","created_by":"tester","updated_at":"2026-01-01T13:00:00Z","closed_at":"2026-01-01T13:00:00Z","close_reason":"Done before the fixture","source_repo":"proj","source_repo_path":"/mnt/proj","compaction_level":0,"original_size":0}
{"id":"proj-mta","title":"Set up database schema","description":"Create the initial tables.","status":"open","priority":1,"issue_type":"task","created_at":"2026-01-01T10:00:00Z","created_by":"tester","updated_at":"2026-01-01T10:00:00Z","source_repo":"proj","source_repo_path":"/mnt/proj","compaction_level":0,"original_size":0,"labels":["backend","db"]}
{"id":"proj-ptp","title":"Fix login timeout","status":"in_progress","priority":0,"issue_type":"bug","assignee":"bob","created_at":"2026-01-01T10:00:02Z","created_by":"tester","updated_at":"2026-01-01T12:30:00Z","source_repo":"proj","source_repo_path":"/mnt/proj","compaction_level":0,"original_size":0,"comments":[{"id":1,"issue_id":"proj-ptp","author":"tester","text":"Reproduced on staging.","created_at":"2026-01-01T12:30:00Z"}]}
{"id":"proj-uly","title":"Auth epic","status":"open","priority":2,"issue_type":"epic","created_at":"2026-01-01T10:00:04Z","created_by":"tester","updated_at":"2026-01-01T10:00:04Z","source_repo":"proj","source_repo_path":"/mnt/proj","compaction_level":0,"original_size":0}
--- .beads/last-touched ---
proj-b75.3
[exit 0]
$ ["close", "proj-b75.4", "--force"]
✓ Closed proj-b75.4: Kid 4 (done)
--- .beads/issues.jsonl ---
{"id":"proj-170","title":"Implement user auth","status":"open","priority":1,"issue_type":"feature","assignee":"alice","created_at":"2026-01-01T10:00:01Z","created_by":"tester","updated_at":"2026-01-01T11:00:00Z","source_repo":"proj","source_repo_path":"/mnt/proj","compaction_level":0,"original_size":0,"labels":["auth","backend"],"dependencies":[{"issue_id":"proj-170","depends_on_id":"proj-mta","type":"blocks","created_at":"2026-01-01T11:00:00Z","created_by":"tester","metadata":"{}","thread_id":""},{"issue_id":"proj-170","depends_on_id":"proj-uly","type":"parent-child","created_at":"2026-01-01T11:00:00Z","created_by":"tester","metadata":"{}","thread_id":""}]}
{"id":"proj-5u2","title":"Write API docs","status":"open","priority":3,"issue_type":"docs","created_at":"2026-01-01T10:00:03Z","created_by":"tester","updated_at":"2026-01-01T11:00:00Z","source_repo":"proj","source_repo_path":"/mnt/proj","compaction_level":0,"original_size":0,"dependencies":[{"issue_id":"proj-5u2","depends_on_id":"proj-170","type":"related","created_at":"2026-01-01T11:00:00Z","created_by":"tester","metadata":"{}","thread_id":""}]}
{"id":"proj-7vm","title":"Refactor config loader","status":"deferred","priority":4,"issue_type":"chore","created_at":"2026-01-01T10:00:05Z","created_by":"tester","updated_at":"2026-01-01T14:00:00Z","defer_until":"2027-06-01T09:00:00Z","source_repo":"proj","source_repo_path":"/mnt/proj","compaction_level":0,"original_size":0}
{"id":"proj-b75","title":"Ünïcödé title — “quotes” & <tags> \\ backslash","description":"Line one\nLine two\ttabbed","status":"open","priority":2,"issue_type":"task","created_at":"2026-01-01T10:00:06Z","created_by":"tester","updated_at":"2026-01-01T10:00:06Z","source_repo":"proj","source_repo_path":"/mnt/proj","compaction_level":0,"original_size":0}
{"id":"proj-b75.1","title":"Kid 1","status":"closed","priority":2,"issue_type":"task","created_at":"2026-01-02T03:04:05Z","created_by":"tester","updated_at":"2026-01-02T03:04:05Z","closed_at":"2026-01-02T03:04:05Z","close_reason":"done","source_repo":"proj","source_repo_path":"/mnt/proj","compaction_level":0,"original_size":0}
{"id":"proj-b75.10","title":"Kid 10","status":"open","priority":2,"issue_type":"task","created_at":"2026-01-02T03:04:05Z","created_by":"tester","updated_at":"2026-01-02T03:04:05Z","source_repo":"proj","source_repo_path":"/mnt/proj","compaction_level":0,"original_size":0}
{"id":"proj-b75.11","title":"Kid 11","status":"open","priority":2,"issue_type":"task","created_at":"2026-01-02T03:04:05Z","created_by":"tester","updated_at":"2026-01-02T03:04:05Z","source_repo":"proj","source_repo_path":"/mnt/proj","compaction_level":0,"original_size":0}
{"id":"proj-b75.2","title":"Kid 2","status":"closed","priority":2,"issue_type":"task","created_at":"2026-01-02T03:04:05Z","created_by":"tester","updated_at":"2026-01-02T03:04:05Z","closed_at":"2026-01-02T03:04:05Z","close_reason":"done","source_repo":"proj","source_repo_path":"/mnt/proj","compaction_level":0,"original_size":0}
{"id":"proj-b75.2.1","title":"Grandkid","status":"open","priority":2,"issue_type":"task","created_at":"2026-01-02T03:04:05Z","created_by":"tester","updated_at":"2026-01-02T03:04:05Z","source_repo":"proj","source_repo_path":"/mnt/proj","compaction_level":0,"original_size":0}
{"id":"proj-b75.3","title":"Kid 3","status":"closed","priority":2,"issue_type":"task","created_at":"2026-01-02T03:04:05Z","created_by":"tester","updated_at":"2026-01-02T03:04:05Z","closed_at":"2026-01-02T03:04:05Z","close_reason":"done","source_repo":"proj","source_repo_path":"/mnt/proj","compaction_level":0,"original_size":0}
{"id":"proj-b75.4","title":"Kid 4","status":"closed","priority":2,"issue_type":"task","created_at":"2026-01-02T03:04:05Z","created_by":"tester","updated_at":"2026-01-02T03:04:05Z","closed_at":"2026-01-02T03:04:05Z","close_reason":"done","source_repo":"proj","source_repo_path":"/mnt/proj","compaction_level":0,"original_size":0}
{"id":"proj-b75.5","title":"Kid 5","status":"open","priority":2,"issue_type":"task","created_at":"2026-01-02T03:04:05Z","created_by":"tester","updated_at":"2026-01-02T03:04:05Z","source_repo":"proj","source_repo_path":"/mnt/proj","compaction_level":0,"original_size":0}
{"id":"proj-b75.6","title":"Kid 6","status":"open","priority":2,"issue_type":"task","created_at":"2026-01-02T03:04:05Z","created_by":"tester","updated_at":"2026-01-02T03:04:05Z","source_repo":"proj","source_repo_path":"/mnt/proj","compaction_level":0,"original_size":0}
{"id":"proj-b75.7","title":"Kid 7","status":"open","priority":2,"issue_type":"task","created_at":"2026-01-02T03:04:05Z","created_by":"tester","updated_at":"2026-01-02T03:04:05Z","source_repo":"proj","source_repo_path":"/mnt/proj","compaction_level":0,"original_size":0}
{"id":"proj-b75.8","title":"Kid 8","status":"open","priority":2,"issue_type":"task","created_at":"2026-01-02T03:04:05Z","created_by":"tester","updated_at":"2026-01-02T03:04:05Z","source_repo":"proj","source_repo_path":"/mnt/proj","compaction_level":0,"original_size":0}
{"id":"proj-b75.9","title":"Kid 9","status":"open","priority":2,"issue_type":"task","created_at":"2026-01-02T03:04:05Z","created_by":"tester","updated_at":"2026-01-02T03:04:05Z","source_repo":"proj","source_repo_path":"/mnt/proj","compaction_level":0,"original_size":0}
{"id":"proj-mkh","title":"Already finished work","status":"closed","priority":2,"issue_type":"task","created_at":"2026-01-01T10:00:07Z","created_by":"tester","updated_at":"2026-01-01T13:00:00Z","closed_at":"2026-01-01T13:00:00Z","close_reason":"Done before the fixture","source_repo":"proj","source_repo_path":"/mnt/proj","compaction_level":0,"original_size":0}
{"id":"proj-mta","title":"Set up database schema","description":"Create the initial tables.","status":"open","priority":1,"issue_type":"task","created_at":"2026-01-01T10:00:00Z","created_by":"tester","updated_at":"2026-01-01T10:00:00Z","source_repo":"proj","source_repo_path":"/mnt/proj","compaction_level":0,"original_size":0,"labels":["backend","db"]}
{"id":"proj-ptp","title":"Fix login timeout","status":"in_progress","priority":0,"issue_type":"bug","assignee":"bob","created_at":"2026-01-01T10:00:02Z","created_by":"tester","updated_at":"2026-01-01T12:30:00Z","source_repo":"proj","source_repo_path":"/mnt/proj","compaction_level":0,"original_size":0,"comments":[{"id":1,"issue_id":"proj-ptp","author":"tester","text":"Reproduced on staging.","created_at":"2026-01-01T12:30:00Z"}]}
{"id":"proj-uly","title":"Auth epic","status":"open","priority":2,"issue_type":"epic","created_at":"2026-01-01T10:00:04Z","created_by":"tester","updated_at":"2026-01-01T10:00:04Z","source_repo":"proj","source_repo_path":"/mnt/proj","compaction_level":0,"original_size":0}
--- .beads/last-touched ---
proj-b75.4
[exit 0]
$ ["close", "proj-b75.5", "--force"]
✓ Closed proj-b75.5: Kid 5 (done)
--- .beads/issues.jsonl ---
{"id":"proj-170","title":"Implement user auth","status":"open","priority":1,"issue_type":"feature","assignee":"alice","created_at":"2026-01-01T10:00:01Z","created_by":"tester","updated_at":"2026-01-01T11:00:00Z","source_repo":"proj","source_repo_path":"/mnt/proj","compaction_level":0,"original_size":0,"labels":["auth","backend"],"dependencies":[{"issue_id":"proj-170","depends_on_id":"proj-mta","type":"blocks","created_at":"2026-01-01T11:00:00Z","created_by":"tester","metadata":"{}","thread_id":""},{"issue_id":"proj-170","depends_on_id":"proj-uly","type":"parent-child","created_at":"2026-01-01T11:00:00Z","created_by":"tester","metadata":"{}","thread_id":""}]}
{"id":"proj-5u2","title":"Write API docs","status":"open","priority":3,"issue_type":"docs","created_at":"2026-01-01T10:00:03Z","created_by":"tester","updated_at":"2026-01-01T11:00:00Z","source_repo":"proj","source_repo_path":"/mnt/proj","compaction_level":0,"original_size":0,"dependencies":[{"issue_id":"proj-5u2","depends_on_id":"proj-170","type":"related","created_at":"2026-01-01T11:00:00Z","created_by":"tester","metadata":"{}","thread_id":""}]}
{"id":"proj-7vm","title":"Refactor config loader","status":"deferred","priority":4,"issue_type":"chore","created_at":"2026-01-01T10:00:05Z","created_by":"tester","updated_at":"2026-01-01T14:00:00Z","defer_until":"2027-06-01T09:00:00Z","source_repo":"proj","source_repo_path":"/mnt/proj","compaction_level":0,"original_size":0}
{"id":"proj-b75","title":"Ünïcödé title — “quotes” & <tags> \\ backslash","description":"Line one\nLine two\ttabbed","status":"open","priority":2,"issue_type":"task","created_at":"2026-01-01T10:00:06Z","created_by":"tester","updated_at":"2026-01-01T10:00:06Z","source_repo":"proj","source_repo_path":"/mnt/proj","compaction_level":0,"original_size":0}
{"id":"proj-b75.1","title":"Kid 1","status":"closed","priority":2,"issue_type":"task","created_at":"2026-01-02T03:04:05Z","created_by":"tester","updated_at":"2026-01-02T03:04:05Z","closed_at":"2026-01-02T03:04:05Z","close_reason":"done","source_repo":"proj","source_repo_path":"/mnt/proj","compaction_level":0,"original_size":0}
{"id":"proj-b75.10","title":"Kid 10","status":"open","priority":2,"issue_type":"task","created_at":"2026-01-02T03:04:05Z","created_by":"tester","updated_at":"2026-01-02T03:04:05Z","source_repo":"proj","source_repo_path":"/mnt/proj","compaction_level":0,"original_size":0}
{"id":"proj-b75.11","title":"Kid 11","status":"open","priority":2,"issue_type":"task","created_at":"2026-01-02T03:04:05Z","created_by":"tester","updated_at":"2026-01-02T03:04:05Z","source_repo":"proj","source_repo_path":"/mnt/proj","compaction_level":0,"original_size":0}
{"id":"proj-b75.2","title":"Kid 2","status":"closed","priority":2,"issue_type":"task","created_at":"2026-01-02T03:04:05Z","created_by":"tester","updated_at":"2026-01-02T03:04:05Z","closed_at":"2026-01-02T03:04:05Z","close_reason":"done","source_repo":"proj","source_repo_path":"/mnt/proj","compaction_level":0,"original_size":0}
{"id":"proj-b75.2.1","title":"Grandkid","status":"open","priority":2,"issue_type":"task","created_at":"2026-01-02T03:04:05Z","created_by":"tester","updated_at":"2026-01-02T03:04:05Z","source_repo":"proj","source_repo_path":"/mnt/proj","compaction_level":0,"original_size":0}
{"id":"proj-b75.3","title":"Kid 3","status":"closed","priority":2,"issue_type":"task","created_at":"2026-01-02T03:04:05Z","created_by":"tester","updated_at":"2026-01-02T03:04:05Z","closed_at":"2026-01-02T03:04:05Z","close_reason":"done","source_repo":"proj","source_repo_path":"/mnt/proj","compaction_level":0,"original_size":0}
{"id":"proj-b75.4","title":"Kid 4","status":"closed","priority":2,"issue_type":"task","created_at":"2026-01-02T03:04:05Z","created_by":"tester","updated_at":"2026-01-02T03:04:05Z","closed_at":"2026-01-02T03:04:05Z","close_reason":"done","source_repo":"proj","source_repo_path":"/mnt/proj","compaction_level":0,"original_size":0}
{"id":"proj-b75.5","title":"Kid 5","status":"closed","priority":2,"issue_type":"task","created_at":"2026-01-02T03:04:05Z","created_by":"tester","updated_at":"2026-01-02T03:04:05Z","closed_at":"2026-01-02T03:04:05Z","close_reason":"done","source_repo":"proj","source_repo_path":"/mnt/proj","compaction_level":0,"original_size":0}
{"id":"proj-b75.6","title":"Kid 6","status":"open","priority":2,"issue_type":"task","created_at":"2026-01-02T03:04:05Z","created_by":"tester","updated_at":"2026-01-02T03:04:05Z","source_repo":"proj","source_repo_path":"/mnt/proj","compaction_level":0,"original_size":0}
{"id":"proj-b75.7","title":"Kid 7","status":"open","priority":2,"issue_type":"task","created_at":"2026-01-02T03:04:05Z","created_by":"tester","updated_at":"2026-01-02T03:04:05Z","source_repo":"proj","source_repo_path":"/mnt/proj","compaction_level":0,"original_size":0}
{"id":"proj-b75.8","title":"Kid 8","status":"open","priority":2,"issue_type":"task","created_at":"2026-01-02T03:04:05Z","created_by":"tester","updated_at":"2026-01-02T03:04:05Z","source_repo":"proj","source_repo_path":"/mnt/proj","compaction_level":0,"original_size":0}
{"id":"proj-b75.9","title":"Kid 9","status":"open","priority":2,"issue_type":"task","created_at":"2026-01-02T03:04:05Z","created_by":"tester","updated_at":"2026-01-02T03:04:05Z","source_repo":"proj","source_repo_path":"/mnt/proj","compaction_level":0,"original_size":0}
{"id":"proj-mkh","title":"Already finished work","status":"closed","priority":2,"issue_type":"task","created_at":"2026-01-01T10:00:07Z","created_by":"tester","updated_at":"2026-01-01T13:00:00Z","closed_at":"2026-01-01T13:00:00Z","close_reason":"Done before the fixture","source_repo":"proj","source_repo_path":"/mnt/proj","compaction_level":0,"original_size":0}
{"id":"proj-mta","title":"Set up database schema","description":"Create the initial tables.","status":"open","priority":1,"issue_type":"task","created_at":"2026-01-01T10:00:00Z","created_by":"tester","updated_at":"2026-01-01T10:00:00Z","source_repo":"proj","source_repo_path":"/mnt/proj","compaction_level":0,"original_size":0,"labels":["backend","db"]}
{"id":"proj-ptp","title":"Fix login timeout","status":"in_progress","priority":0,"issue_type":"bug","assignee":"bob","created_at":"2026-01-01T10:00:02Z","created_by":"tester","updated_at":"2026-01-01T12:30:00Z","source_repo":"proj","source_repo_path":"/mnt/proj","compaction_level":0,"original_size":0,"comments":[{"id":1,"issue_id":"proj-ptp","author":"tester","text":"Reproduced on staging.","created_at":"2026-01-01T12:30:00Z"}]}
{"id":"proj-uly","title":"Auth epic","status":"open","priority":2,"issue_type":"epic","created_at":"2026-01-01T10:00:04Z","created_by":"tester","updated_at":"2026-01-01T10:00:04Z","source_repo":"proj","source_repo_path":"/mnt/proj","compaction_level":0,"original_size":0}
--- .beads/last-touched ---
proj-b75.5
[exit 0]
$ ["close", "proj-b75.6", "--force"]
✓ Closed proj-b75.6: Kid 6 (done)
--- .beads/issues.jsonl ---
{"id":"proj-170","title":"Implement user auth","status":"open","priority":1,"issue_type":"feature","assignee":"alice","created_at":"2026-01-01T10:00:01Z","created_by":"tester","updated_at":"2026-01-01T11:00:00Z","source_repo":"proj","source_repo_path":"/mnt/proj","compaction_level":0,"original_size":0,"labels":["auth","backend"],"dependencies":[{"issue_id":"proj-170","depends_on_id":"proj-mta","type":"blocks","created_at":"2026-01-01T11:00:00Z","created_by":"tester","metadata":"{}","thread_id":""},{"issue_id":"proj-170","depends_on_id":"proj-uly","type":"parent-child","created_at":"2026-01-01T11:00:00Z","created_by":"tester","metadata":"{}","thread_id":""}]}
{"id":"proj-5u2","title":"Write API docs","status":"open","priority":3,"issue_type":"docs","created_at":"2026-01-01T10:00:03Z","created_by":"tester","updated_at":"2026-01-01T11:00:00Z","source_repo":"proj","source_repo_path":"/mnt/proj","compaction_level":0,"original_size":0,"dependencies":[{"issue_id":"proj-5u2","depends_on_id":"proj-170","type":"related","created_at":"2026-01-01T11:00:00Z","created_by":"tester","metadata":"{}","thread_id":""}]}
{"id":"proj-7vm","title":"Refactor config loader","status":"deferred","priority":4,"issue_type":"chore","created_at":"2026-01-01T10:00:05Z","created_by":"tester","updated_at":"2026-01-01T14:00:00Z","defer_until":"2027-06-01T09:00:00Z","source_repo":"proj","source_repo_path":"/mnt/proj","compaction_level":0,"original_size":0}
{"id":"proj-b75","title":"Ünïcödé title — “quotes” & <tags> \\ backslash","description":"Line one\nLine two\ttabbed","status":"open","priority":2,"issue_type":"task","created_at":"2026-01-01T10:00:06Z","created_by":"tester","updated_at":"2026-01-01T10:00:06Z","source_repo":"proj","source_repo_path":"/mnt/proj","compaction_level":0,"original_size":0}
{"id":"proj-b75.1","title":"Kid 1","status":"closed","priority":2,"issue_type":"task","created_at":"2026-01-02T03:04:05Z","created_by":"tester","updated_at":"2026-01-02T03:04:05Z","closed_at":"2026-01-02T03:04:05Z","close_reason":"done","source_repo":"proj","source_repo_path":"/mnt/proj","compaction_level":0,"original_size":0}
{"id":"proj-b75.10","title":"Kid 10","status":"open","priority":2,"issue_type":"task","created_at":"2026-01-02T03:04:05Z","created_by":"tester","updated_at":"2026-01-02T03:04:05Z","source_repo":"proj","source_repo_path":"/mnt/proj","compaction_level":0,"original_size":0}
{"id":"proj-b75.11","title":"Kid 11","status":"open","priority":2,"issue_type":"task","created_at":"2026-01-02T03:04:05Z","created_by":"tester","updated_at":"2026-01-02T03:04:05Z","source_repo":"proj","source_repo_path":"/mnt/proj","compaction_level":0,"original_size":0}
{"id":"proj-b75.2","title":"Kid 2","status":"closed","priority":2,"issue_type":"task","created_at":"2026-01-02T03:04:05Z","created_by":"tester","updated_at":"2026-01-02T03:04:05Z","closed_at":"2026-01-02T03:04:05Z","close_reason":"done","source_repo":"proj","source_repo_path":"/mnt/proj","compaction_level":0,"original_size":0}
{"id":"proj-b75.2.1","title":"Grandkid","status":"open","priority":2,"issue_type":"task","created_at":"2026-01-02T03:04:05Z","created_by":"tester","updated_at":"2026-01-02T03:04:05Z","source_repo":"proj","source_repo_path":"/mnt/proj","compaction_level":0,"original_size":0}
{"id":"proj-b75.3","title":"Kid 3","status":"closed","priority":2,"issue_type":"task","created_at":"2026-01-02T03:04:05Z","created_by":"tester","updated_at":"2026-01-02T03:04:05Z","closed_at":"2026-01-02T03:04:05Z","close_reason":"done","source_repo":"proj","source_repo_path":"/mnt/proj","compaction_level":0,"original_size":0}
{"id":"proj-b75.4","title":"Kid 4","status":"closed","priority":2,"issue_type":"task","created_at":"2026-01-02T03:04:05Z","created_by":"tester","updated_at":"2026-01-02T03:04:05Z","closed_at":"2026-01-02T03:04:05Z","close_reason":"done","source_repo":"proj","source_repo_path":"/mnt/proj","compaction_level":0,"original_size":0}
{"id":"proj-b75.5","title":"Kid 5","status":"closed","priority":2,"issue_type":"task","created_at":"2026-01-02T03:04:05Z","created_by":"tester","updated_at":"2026-01-02T03:04:05Z","closed_at":"2026-01-02T03:04:05Z","close_reason":"done","source_repo":"proj","source_repo_path":"/mnt/proj","compaction_level":0,"original_size":0}
{"id":"proj-b75.6","title":"Kid 6","status":"closed","priority":2,"issue_type":"task","created_at":"2026-01-02T03:04:05Z","created_by":"tester","updated_at":"2026-01-02T03:04:05Z","closed_at":"2026-01-02T03:04:05Z","close_reason":"done","source_repo":"proj","source_repo_path":"/mnt/proj","compaction_level":0,"original_size":0}
{"id":"proj-b75.7","title":"Kid 7","status":"open","priority":2,"issue_type":"task","created_at":"2026-01-02T03:04:05Z","created_by":"tester","updated_at":"2026-01-02T03:04:05Z","source_repo":"proj","source_repo_path":"/mnt/proj","compaction_level":0,"original_size":0}
{"id":"proj-b75.8","title":"Kid 8","status":"open","priority":2,"issue_type":"task","created_at":"2026-01-02T03:04:05Z","created_by":"tester","updated_at":"2026-01-02T03:04:05Z","source_repo":"proj","source_repo_path":"/mnt/proj","compaction_level":0,"original_size":0}
{"id":"proj-b75.9","title":"Kid 9","status":"open","priority":2,"issue_type":"task","created_at":"2026-01-02T03:04:05Z","created_by":"tester","updated_at":"2026-01-02T03:04:05Z","source_repo":"proj","source_repo_path":"/mnt/proj","compaction_level":0,"original_size":0}
{"id":"proj-mkh","title":"Already finished work","status":"closed","priority":2,"issue_type":"task","created_at":"2026-01-01T10:00:07Z","created_by":"tester","updated_at":"2026-01-01T13:00:00Z","closed_at":"2026-01-01T13:00:00Z","close_reason":"Done before the fixture","source_repo":"proj","source_repo_path":"/mnt/proj","compaction_level":0,"original_size":0}
{"id":"proj-mta","title":"Set up database schema","description":"Create the initial tables.","status":"open","priority":1,"issue_type":"task","created_at":"2026-01-01T10:00:00Z","created_by":"tester","updated_at":"2026-01-01T10:00:00Z","source_repo":"proj","source_repo_path":"/mnt/proj","compaction_level":0,"original_size":0,"labels":["backend","db"]}
{"id":"proj-ptp","title":"Fix login timeout","status":"in_progress","priority":0,"issue_type":"bug","assignee":"bob","created_at":"2026-01-01T10:00:02Z","created_by":"tester","updated_at":"2026-01-01T12:30:00Z","source_repo":"proj","source_repo_path":"/mnt/proj","compaction_level":0,"original_size":0,"comments":[{"id":1,"issue_id":"proj-ptp","author":"tester","text":"Reproduced on staging.","created_at":"2026-01-01T12:30:00Z"}]}
{"id":"proj-uly","title":"Auth epic","status":"open","priority":2,"issue_type":"epic","created_at":"2026-01-01T10:00:04Z","created_by":"tester","updated_at":"2026-01-01T10:00:04Z","source_repo":"proj","source_repo_path":"/mnt/proj","compaction_level":0,"original_size":0}
--- .beads/last-touched ---
proj-b75.6
[exit 0]
$ ["close", "proj-b75.7", "--force"]
✓ Closed proj-b75.7: Kid 7 (done)
--- .beads/issues.jsonl ---
{"id":"proj-170","title":"Implement user auth","status":"open","priority":1,"issue_type":"feature","assignee":"alice","created_at":"2026-01-01T10:00:01Z","created_by":"tester","updated_at":"2026-01-01T11:00:00Z","source_repo":"proj","source_repo_path":"/mnt/proj","compaction_level":0,"original_size":0,"labels":["auth","backend"],"dependencies":[{"issue_id":"proj-170","depends_on_id":"proj-mta","type":"blocks","created_at":"2026-01-01T11:00:00Z","created_by":"tester","metadata":"{}","thread_id":""},{"issue_id":"proj-170","depends_on_id":"proj-uly","type":"parent-child","created_at":"2026-01-01T11:00:00Z","created_by":"tester","metadata":"{}","thread_id":""}]}
{"id":"proj-5u2","title":"Write API docs","status":"open","priority":3,"issue_type":"docs","created_at":"2026-01-01T10:00:03Z","created_by":"tester","updated_at":"2026-01-01T11:00:00Z","source_repo":"proj","source_repo_path":"/mnt/proj","compaction_level":0,"original_size":0,"dependencies":[{"issue_id":"proj-5u2","depends_on_id":"proj-170","type":"related","created_at":"2026-01-01T11:00:00Z","created_by":"tester","metadata":"{}","thread_id":""}]}
{"id":"proj-7vm","title":"Refactor config loader","status":"deferred","priority":4,"issue_type":"chore","created_at":"2026-01-01T10:00:05Z","created_by":"tester","updated_at":"2026-01-01T14:00:00Z","defer_until":"2027-06-01T09:00:00Z","source_repo":"proj","source_repo_path":"/mnt/proj","compaction_level":0,"original_size":0}
{"id":"proj-b75","title":"Ünïcödé title — “quotes” & <tags> \\ backslash","description":"Line one\nLine two\ttabbed","status":"open","priority":2,"issue_type":"task","created_at":"2026-01-01T10:00:06Z","created_by":"tester","updated_at":"2026-01-01T10:00:06Z","source_repo":"proj","source_repo_path":"/mnt/proj","compaction_level":0,"original_size":0}
{"id":"proj-b75.1","title":"Kid 1","status":"closed","priority":2,"issue_type":"task","created_at":"2026-01-02T03:04:05Z","created_by":"tester","updated_at":"2026-01-02T03:04:05Z","closed_at":"2026-01-02T03:04:05Z","close_reason":"done","source_repo":"proj","source_repo_path":"/mnt/proj","compaction_level":0,"original_size":0}
{"id":"proj-b75.10","title":"Kid 10","status":"open","priority":2,"issue_type":"task","created_at":"2026-01-02T03:04:05Z","created_by":"tester","updated_at":"2026-01-02T03:04:05Z","source_repo":"proj","source_repo_path":"/mnt/proj","compaction_level":0,"original_size":0}
{"id":"proj-b75.11","title":"Kid 11","status":"open","priority":2,"issue_type":"task","created_at":"2026-01-02T03:04:05Z","created_by":"tester","updated_at":"2026-01-02T03:04:05Z","source_repo":"proj","source_repo_path":"/mnt/proj","compaction_level":0,"original_size":0}
{"id":"proj-b75.2","title":"Kid 2","status":"closed","priority":2,"issue_type":"task","created_at":"2026-01-02T03:04:05Z","created_by":"tester","updated_at":"2026-01-02T03:04:05Z","closed_at":"2026-01-02T03:04:05Z","close_reason":"done","source_repo":"proj","source_repo_path":"/mnt/proj","compaction_level":0,"original_size":0}
{"id":"proj-b75.2.1","title":"Grandkid","status":"open","priority":2,"issue_type":"task","created_at":"2026-01-02T03:04:05Z","created_by":"tester","updated_at":"2026-01-02T03:04:05Z","source_repo":"proj","source_repo_path":"/mnt/proj","compaction_level":0,"original_size":0}
{"id":"proj-b75.3","title":"Kid 3","status":"closed","priority":2,"issue_type":"task","created_at":"2026-01-02T03:04:05Z","created_by":"tester","updated_at":"2026-01-02T03:04:05Z","closed_at":"2026-01-02T03:04:05Z","close_reason":"done","source_repo":"proj","source_repo_path":"/mnt/proj","compaction_level":0,"original_size":0}
{"id":"proj-b75.4","title":"Kid 4","status":"closed","priority":2,"issue_type":"task","created_at":"2026-01-02T03:04:05Z","created_by":"tester","updated_at":"2026-01-02T03:04:05Z","closed_at":"2026-01-02T03:04:05Z","close_reason":"done","source_repo":"proj","source_repo_path":"/mnt/proj","compaction_level":0,"original_size":0}
{"id":"proj-b75.5","title":"Kid 5","status":"closed","priority":2,"issue_type":"task","created_at":"2026-01-02T03:04:05Z","created_by":"tester","updated_at":"2026-01-02T03:04:05Z","closed_at":"2026-01-02T03:04:05Z","close_reason":"done","source_repo":"proj","source_repo_path":"/mnt/proj","compaction_level":0,"original_size":0}
{"id":"proj-b75.6","title":"Kid 6","status":"closed","priority":2,"issue_type":"task","created_at":"2026-01-02T03:04:05Z","created_by":"tester","updated_at":"2026-01-02T03:04:05Z","closed_at":"2026-01-02T03:04:05Z","close_reason":"done","source_repo":"proj","source_repo_path":"/mnt/proj","compaction_level":0,"original_size":0}
{"id":"proj-b75.7","title":"Kid 7","status":"closed","priority":2,"issue_type":"task","created_at":"2026-01-02T03:04:05Z","created_by":"tester","updated_at":"2026-01-02T03:04:05Z","closed_at":"2026-01-02T03:04:05Z","close_reason":"done","source_repo":"proj","source_repo_path":"/mnt/proj","compaction_level":0,"original_size":0}
{"id":"proj-b75.8","title":"Kid 8","status":"open","priority":2,"issue_type":"task","created_at":"2026-01-02T03:04:05Z","created_by":"tester","updated_at":"2026-01-02T03:04:05Z","source_repo":"proj","source_repo_path":"/mnt/proj","compaction_level":0,"original_size":0}
{"id":"proj-b75.9","title":"Kid 9","status":"open","priority":2,"issue_type":"task","created_at":"2026-01-02T03:04:05Z","created_by":"tester","updated_at":"2026-01-02T03:04:05Z","source_repo":"proj","source_repo_path":"/mnt/proj","compaction_level":0,"original_size":0}
{"id":"proj-mkh","title":"Already finished work","status":"closed","priority":2,"issue_type":"task","created_at":"2026-01-01T10:00:07Z","created_by":"tester","updated_at":"2026-01-01T13:00:00Z","closed_at":"2026-01-01T13:00:00Z","close_reason":"Done before the fixture","source_repo":"proj","source_repo_path":"/mnt/proj","compaction_level":0,"original_size":0}
{"id":"proj-mta","title":"Set up database schema","description":"Create the initial tables.","status":"open","priority":1,"issue_type":"task","created_at":"2026-01-01T10:00:00Z","created_by":"tester","updated_at":"2026-01-01T10:00:00Z","source_repo":"proj","source_repo_path":"/mnt/proj","compaction_level":0,"original_size":0,"labels":["backend","db"]}
{"id":"proj-ptp","title":"Fix login timeout","status":"in_progress","priority":0,"issue_type":"bug","assignee":"bob","created_at":"2026-01-01T10:00:02Z","created_by":"tester","updated_at":"2026-01-01T12:30:00Z","source_repo":"proj","source_repo_path":"/mnt/proj","compaction_level":0,"original_size":0,"comments":[{"id":1,"issue_id":"proj-ptp","author":"tester","text":"Reproduced on staging.","created_at":"2026-01-01T12:30:00Z"}]}
{"id":"proj-uly","title":"Auth epic","status":"open","priority":2,"issue_type":"epic","created_at":"2026-01-01T10:00:04Z","created_by":"tester","updated_at":"2026-01-01T10:00:04Z","source_repo":"proj","source_repo_path":"/mnt/proj","compaction_level":0,"original_size":0}
--- .beads/last-touched ---
proj-b75.7
[exit 0]
$ ["close", "proj-b75.8", "--force"]
✓ Closed proj-b75.8: Kid 8 (done)
--- .beads/issues.jsonl ---
{"id":"proj-170","title":"Implement user auth","status":"open","priority":1,"issue_type":"feature","assignee":"alice","created_at":"2026-01-01T10:00:01Z","created_by":"tester","updated_at":"2026-01-01T11:00:00Z","source_repo":"proj","source_repo_path":"/mnt/proj","compaction_level":0,"original_size":0,"labels":["auth","backend"],"dependencies":[{"issue_id":"proj-170","depends_on_id":"proj-mta","type":"blocks","created_at":"2026-01-01T11:00:00Z","created_by":"tester","metadata":"{}","thread_id":""},{"issue_id":"proj-170","depends_on_id":"proj-uly","type":"parent-child","created_at":"2026-01-01T11:00:00Z","created_by":"tester","metadata":"{}","thread_id":""}]}
{"id":"proj-5u2","title":"Write API docs","status":"open","priority":3,"issue_type":"docs","created_at":"2026-01-01T10:00:03Z","created_by":"tester","updated_at":"2026-01-01T11:00:00Z","source_repo":"proj","source_repo_path":"/mnt/proj","compaction_level":0,"original_size":0,"dependencies":[{"issue_id":"proj-5u2","depends_on_id":"proj-170","type":"related","created_at":"2026-01-01T11:00:00Z","created_by":"tester","metadata":"{}","thread_id":""}]}
{"id":"proj-7vm","title":"Refactor config loader","status":"deferred","priority":4,"issue_type":"chore","created_at":"2026-01-01T10:00:05Z","created_by":"tester","updated_at":"2026-01-01T14:00:00Z","defer_until":"2027-06-01T09:00:00Z","source_repo":"proj","source_repo_path":"/mnt/proj","compaction_level":0,"original_size":0}
{"id":"proj-b75","title":"Ünïcödé title — “quotes” & <tags> \\ backslash","description":"Line one\nLine two\ttabbed","status":"open","priority":2,"issue_type":"task","created_at":"2026-01-01T10:00:06Z","created_by":"tester","updated_at":"2026-01-01T10:00:06Z","source_repo":"proj","source_repo_path":"/mnt/proj","compaction_level":0,"original_size":0}
{"id":"proj-b75.1","title":"Kid 1","status":"closed","priority":2,"issue_type":"task","created_at":"2026-01-02T03:04:05Z","created_by":"tester","updated_at":"2026-01-02T03:04:05Z","closed_at":"2026-01-02T03:04:05Z","close_reason":"done","source_repo":"proj","source_repo_path":"/mnt/proj","compaction_level":0,"original_size":0}
{"id":"proj-b75.10","title":"Kid 10","status":"open","priority":2,"issue_type":"task","created_at":"2026-01-02T03:04:05Z","created_by":"tester","updated_at":"2026-01-02T03:04:05Z","source_repo":"proj","source_repo_path":"/mnt/proj","compaction_level":0,"original_size":0}
{"id":"proj-b75.11","title":"Kid 11","status":"open","priority":2,"issue_type":"task","created_at":"2026-01-02T03:04:05Z","created_by":"tester","updated_at":"2026-01-02T03:04:05Z","source_repo":"proj","source_repo_path":"/mnt/proj","compaction_level":0,"original_size":0}
{"id":"proj-b75.2","title":"Kid 2","status":"closed","priority":2,"issue_type":"task","created_at":"2026-01-02T03:04:05Z","created_by":"tester","updated_at":"2026-01-02T03:04:05Z","closed_at":"2026-01-02T03:04:05Z","close_reason":"done","source_repo":"proj","source_repo_path":"/mnt/proj","compaction_level":0,"original_size":0}
{"id":"proj-b75.2.1","title":"Grandkid","status":"open","priority":2,"issue_type":"task","created_at":"2026-01-02T03:04:05Z","created_by":"tester","updated_at":"2026-01-02T03:04:05Z","source_repo":"proj","source_repo_path":"/mnt/proj","compaction_level":0,"original_size":0}
{"id":"proj-b75.3","title":"Kid 3","status":"closed","priority":2,"issue_type":"task","created_at":"2026-01-02T03:04:05Z","created_by":"tester","updated_at":"2026-01-02T03:04:05Z","closed_at":"2026-01-02T03:04:05Z","close_reason":"done","source_repo":"proj","source_repo_path":"/mnt/proj","compaction_level":0,"original_size":0}
{"id":"proj-b75.4","title":"Kid 4","status":"closed","priority":2,"issue_type":"task","created_at":"2026-01-02T03:04:05Z","created_by":"tester","updated_at":"2026-01-02T03:04:05Z","closed_at":"2026-01-02T03:04:05Z","close_reason":"done","source_repo":"proj","source_repo_path":"/mnt/proj","compaction_level":0,"original_size":0}
{"id":"proj-b75.5","title":"Kid 5","status":"closed","priority":2,"issue_type":"task","created_at":"2026-01-02T03:04:05Z","created_by":"tester","updated_at":"2026-01-02T03:04:05Z","closed_at":"2026-01-02T03:04:05Z","close_reason":"done","source_repo":"proj","source_repo_path":"/mnt/proj","compaction_level":0,"original_size":0}
{"id":"proj-b75.6","title":"Kid 6","status":"closed","priority":2,"issue_type":"task","created_at":"2026-01-02T03:04:05Z","created_by":"tester","updated_at":"2026-01-02T03:04:05Z","closed_at":"2026-01-02T03:04:05Z","close_reason":"done","source_repo":"proj","source_repo_path":"/mnt/proj","compaction_level":0,"original_size":0}
{"id":"proj-b75.7","title":"Kid 7","status":"closed","priority":2,"issue_type":"task","created_at":"2026-01-02T03:04:05Z","created_by":"tester","updated_at":"2026-01-02T03:04:05Z","closed_at":"2026-01-02T03:04:05Z","close_reason":"done","source_repo":"proj","source_repo_path":"/mnt/proj","compaction_level":0,"original_size":0}
{"id":"proj-b75.8","title":"Kid 8","status":"closed","priority":2,"issue_type":"task","created_at":"2026-01-02T03:04:05Z","created_by":"tester","updated_at":"2026-01-02T03:04:05Z","closed_at":"2026-01-02T03:04:05Z","close_reason":"done","source_repo":"proj","source_repo_path":"/mnt/proj","compaction_level":0,"original_size":0}
{"id":"proj-b75.9","title":"Kid 9","status":"open","priority":2,"issue_type":"task","created_at":"2026-01-02T03:04:05Z","created_by":"tester","updated_at":"2026-01-02T03:04:05Z","source_repo":"proj","source_repo_path":"/mnt/proj","compaction_level":0,"original_size":0}
{"id":"proj-mkh","title":"Already finished work","status":"closed","priority":2,"issue_type":"task","created_at":"2026-01-01T10:00:07Z","created_by":"tester","updated_at":"2026-01-01T13:00:00Z","closed_at":"2026-01-01T13:00:00Z","close_reason":"Done before the fixture","source_repo":"proj","source_repo_path":"/mnt/proj","compaction_level":0,"original_size":0}
{"id":"proj-mta","title":"Set up database schema","description":"Create the initial tables.","status":"open","priority":1,"issue_type":"task","created_at":"2026-01-01T10:00:00Z","created_by":"tester","updated_at":"2026-01-01T10:00:00Z","source_repo":"proj","source_repo_path":"/mnt/proj","compaction_level":0,"original_size":0,"labels":["backend","db"]}
{"id":"proj-ptp","title":"Fix login timeout","status":"in_progress","priority":0,"issue_type":"bug","assignee":"bob","created_at":"2026-01-01T10:00:02Z","created_by":"tester","updated_at":"2026-01-01T12:30:00Z","source_repo":"proj","source_repo_path":"/mnt/proj","compaction_level":0,"original_size":0,"comments":[{"id":1,"issue_id":"proj-ptp","author":"tester","text":"Reproduced on staging.","created_at":"2026-01-01T12:30:00Z"}]}
{"id":"proj-uly","title":"Auth epic","status":"open","priority":2,"issue_type":"epic","created_at":"2026-01-01T10:00:04Z","created_by":"tester","updated_at":"2026-01-01T10:00:04Z","source_repo":"proj","source_repo_path":"/mnt/proj","compaction_level":0,"original_size":0}
--- .beads/last-touched ---
proj-b75.8
[exit 0]
$ ["close", "proj-b75.9", "--force"]
✓ Closed proj-b75.9: Kid 9 (done)
--- .beads/issues.jsonl ---
{"id":"proj-170","title":"Implement user auth","status":"open","priority":1,"issue_type":"feature","assignee":"alice","created_at":"2026-01-01T10:00:01Z","created_by":"tester","updated_at":"2026-01-01T11:00:00Z","source_repo":"proj","source_repo_path":"/mnt/proj","compaction_level":0,"original_size":0,"labels":["auth","backend"],"dependencies":[{"issue_id":"proj-170","depends_on_id":"proj-mta","type":"blocks","created_at":"2026-01-01T11:00:00Z","created_by":"tester","metadata":"{}","thread_id":""},{"issue_id":"proj-170","depends_on_id":"proj-uly","type":"parent-child","created_at":"2026-01-01T11:00:00Z","created_by":"tester","metadata":"{}","thread_id":""}]}
{"id":"proj-5u2","title":"Write API docs","status":"open","priority":3,"issue_type":"docs","created_at":"2026-01-01T10:00:03Z","created_by":"tester","updated_at":"2026-01-01T11:00:00Z","source_repo":"proj","source_repo_path":"/mnt/proj","compaction_level":0,"original_size":0,"dependencies":[{"issue_id":"proj-5u2","depends_on_id":"proj-170","type":"related","created_at":"2026-01-01T11:00:00Z","created_by":"tester","metadata":"{}","thread_id":""}]}
{"id":"proj-7vm","title":"Refactor config loader","status":"deferred","priority":4,"issue_type":"chore","created_at":"2026-01-01T10:00:05Z","created_by":"tester","updated_at":"2026-01-01T14:00:00Z","defer_until":"2027-06-01T09:00:00Z","source_repo":"proj","source_repo_path":"/mnt/proj","compaction_level":0,"original_size":0}
{"id":"proj-b75","title":"Ünïcödé title — “quotes” & <tags> \\ backslash","description":"Line one\nLine two\ttabbed","status":"open","priority":2,"issue_type":"task","created_at":"2026-01-01T10:00:06Z","created_by":"tester","updated_at":"2026-01-01T10:00:06Z","source_repo":"proj","source_repo_path":"/mnt/proj","compaction_level":0,"original_size":0}
{"id":"proj-b75.1","title":"Kid 1","status":"closed","priority":2,"issue_type":"task","created_at":"2026-01-02T03:04:05Z","created_by":"tester","updated_at":"2026-01-02T03:04:05Z","closed_at":"2026-01-02T03:04:05Z","close_reason":"done","source_repo":"proj","source_repo_path":"/mnt/proj","compaction_level":0,"original_size":0}
{"id":"proj-b75.10","title":"Kid 10","status":"open","priority":2,"issue_type":"task","created_at":"2026-01-02T03:04:05Z","created_by":"tester","updated_at":"2026-01-02T03:04:05Z","source_repo":"proj","source_repo_path":"/mnt/proj","compaction_level":0,"original_size":0}
{"id":"proj-b75.11","title":"Kid 11","status":"open","priority":2,"issue_type":"task","created_at":"2026-01-02T03:04:05Z","created_by":"tester","updated_at":"2026-01-02T03:04:05Z","source_repo":"proj","source_repo_path":"/mnt/proj","compaction_level":0,"original_size":0}
{"id":"proj-b75.2","title":"Kid 2","status":"closed","priority":2,"issue_type":"task","created_at":"2026-01-02T03:04:05Z","created_by":"tester","updated_at":"2026-01-02T03:04:05Z","closed_at":"2026-01-02T03:04:05Z","close_reason":"done","source_repo":"proj","source_repo_path":"/mnt/proj","compaction_level":0,"original_size":0}
{"id":"proj-b75.2.1","title":"Grandkid","status":"open","priority":2,"issue_type":"task","created_at":"2026-01-02T03:04:05Z","created_by":"tester","updated_at":"2026-01-02T03:04:05Z","source_repo":"proj","source_repo_path":"/mnt/proj","compaction_level":0,"original_size":0}
{"id":"proj-b75.3","title":"Kid 3","status":"closed","priority":2,"issue_type":"task","created_at":"2026-01-02T03:04:05Z","created_by":"tester","updated_at":"2026-01-02T03:04:05Z","closed_at":"2026-01-02T03:04:05Z","close_reason":"done","source_repo":"proj","source_repo_path":"/mnt/proj","compaction_level":0,"original_size":0}
{"id":"proj-b75.4","title":"Kid 4","status":"closed","priority":2,"issue_type":"task","created_at":"2026-01-02T03:04:05Z","created_by":"tester","updated_at":"2026-01-02T03:04:05Z","closed_at":"2026-01-02T03:04:05Z","close_reason":"done","source_repo":"proj","source_repo_path":"/mnt/proj","compaction_level":0,"original_size":0}
{"id":"proj-b75.5","title":"Kid 5","status":"closed","priority":2,"issue_type":"task","created_at":"2026-01-02T03:04:05Z","created_by":"tester","updated_at":"2026-01-02T03:04:05Z","closed_at":"2026-01-02T03:04:05Z","close_reason":"done","source_repo":"proj","source_repo_path":"/mnt/proj","compaction_level":0,"original_size":0}
{"id":"proj-b75.6","title":"Kid 6","status":"closed","priority":2,"issue_type":"task","created_at":"2026-01-02T03:04:05Z","created_by":"tester","updated_at":"2026-01-02T03:04:05Z","closed_at":"2026-01-02T03:04:05Z","close_reason":"done","source_repo":"proj","source_repo_path":"/mnt/proj","compaction_level":0,"original_size":0}
{"id":"proj-b75.7","title":"Kid 7","status":"closed","priority":2,"issue_type":"task","created_at":"2026-01-02T03:04:05Z","created_by":"tester","updated_at":"2026-01-02T03:04:05Z","closed_at":"2026-01-02T03:04:05Z","close_reason":"done","source_repo":"proj","source_repo_path":"/mnt/proj","compaction_level":0,"original_size":0}
{"id":"proj-b75.8","title":"Kid 8","status":"closed","priority":2,"issue_type":"task","created_at":"2026-01-02T03:04:05Z","created_by":"tester","updated_at":"2026-01-02T03:04:05Z","closed_at":"2026-01-02T03:04:05Z","close_reason":"done","source_repo":"proj","source_repo_path":"/mnt/proj","compaction_level":0,"original_size":0}
{"id":"proj-b75.9","title":"Kid 9","status":"closed","priority":2,"issue_type":"task","created_at":"2026-01-02T03:04:05Z","created_by":"tester","updated_at":"2026-01-02T03:04:05Z","closed_at":"2026-01-02T03:04:05Z","close_reason":"done","source_repo":"proj","source_repo_path":"/mnt/proj","compaction_level":0,"original_size":0}
{"id":"proj-mkh","title":"Already finished work","status":"closed","priority":2,"issue_type":"task","created_at":"2026-01-01T10:00:07Z","created_by":"tester","updated_at":"2026-01-01T13:00:00Z","closed_at":"2026-01-01T13:00:00Z","close_reason":"Done before the fixture","source_repo":"proj","source_repo_path":"/mnt/proj","compaction_level":0,"original_size":0}
{"id":"proj-mta","title":"Set up database schema","description":"Create the initial tables.","status":"open","priority":1,"issue_type":"task","created_at":"2026-01-01T10:00:00Z","created_by":"tester","updated_at":"2026-01-01T10:00:00Z","source_repo":"proj","source_repo_path":"/mnt/proj","compaction_level":0,"original_size":0,"labels":["backend","db"]}
{"id":"proj-ptp","title":"Fix login timeout","status":"in_progress","priority":0,"issue_type":"bug","assignee":"bob","created_at":"2026-01-01T10:00:02Z","created_by":"tester","updated_at":"2026-01-01T12:30:00Z","source_repo":"proj","source_repo_path":"/mnt/proj","compaction_level":0,"original_size":0,"comments":[{"id":1,"issue_id":"proj-ptp","author":"tester","text":"Reproduced on staging.","created_at":"2026-01-01T12:30:00Z"}]}
{"id":"proj-uly","title":"Auth epic","status":"open","priority":2,"issue_type":"epic","created_at":"2026-01-01T10:00:04Z","created_by":"tester","updated_at":"2026-01-01T10:00:04Z","source_repo":"proj","source_repo_path":"/mnt/proj","compaction_level":0,"original_size":0}
--- .beads/last-touched ---
proj-b75.9
[exit 0]
$ ["close", "proj-b75.10", "--force"]
✓ Closed proj-b75.10: Kid 10 (done)
--- .beads/issues.jsonl ---
{"id":"proj-170","title":"Implement user auth","status":"open","priority":1,"issue_type":"feature","assignee":"alice","created_at":"2026-01-01T10:00:01Z","created_by":"tester","updated_at":"2026-01-01T11:00:00Z","source_repo":"proj","source_repo_path":"/mnt/proj","compaction_level":0,"original_size":0,"labels":["auth","backend"],"dependencies":[{"issue_id":"proj-170","depends_on_id":"proj-mta","type":"blocks","created_at":"2026-01-01T11:00:00Z","created_by":"tester","metadata":"{}","thread_id":""},{"issue_id":"proj-170","depends_on_id":"proj-uly","type":"parent-child","created_at":"2026-01-01T11:00:00Z","created_by":"tester","metadata":"{}","thread_id":""}]}
{"id":"proj-5u2","title":"Write API docs","status":"open","priority":3,"issue_type":"docs","created_at":"2026-01-01T10:00:03Z","created_by":"tester","updated_at":"2026-01-01T11:00:00Z","source_repo":"proj","source_repo_path":"/mnt/proj","compaction_level":0,"original_size":0,"dependencies":[{"issue_id":"proj-5u2","depends_on_id":"proj-170","type":"related","created_at":"2026-01-01T11:00:00Z","created_by":"tester","metadata":"{}","thread_id":""}]}
{"id":"proj-7vm","title":"Refactor config loader","status":"deferred","priority":4,"issue_type":"chore","created_at":"2026-01-01T10:00:05Z","created_by":"tester","updated_at":"2026-01-01T14:00:00Z","defer_until":"2027-06-01T09:00:00Z","source_repo":"proj","source_repo_path":"/mnt/proj","compaction_level":0,"original_size":0}
{"id":"proj-b75","title":"Ünïcödé title — “quotes” & <tags> \\ backslash","description":"Line one\nLine two\ttabbed","status":"open","priority":2,"issue_type":"task","created_at":"2026-01-01T10:00:06Z","created_by":"tester","updated_at":"2026-01-01T10:00:06Z","source_repo":"proj","source_repo_path":"/mnt/proj","compaction_level":0,"original_size":0}
{"id":"proj-b75.1","title":"Kid 1","status":"closed","priority":2,"issue_type":"task","created_at":"2026-01-02T03:04:05Z","created_by":"tester","updated_at":"2026-01-02T03:04:05Z","closed_at":"2026-01-02T03:04:05Z","close_reason":"done","source_repo":"proj","source_repo_path":"/mnt/proj","compaction_level":0,"original_size":0}
{"id":"proj-b75.10","title":"Kid 10","status":"closed","priority":2,"issue_type":"task","created_at":"2026-01-02T03:04:05Z","created_by":"tester","updated_at":"2026-01-02T03:04:05Z","closed_at":"2026-01-02T03:04:05Z","close_reason":"done","source_repo":"proj","source_repo_path":"/mnt/proj","compaction_level":0,"original_size":0}
{"id":"proj-b75.11","title":"Kid 11","status":"open","priority":2,"issue_type":"task","created_at":"2026-01-02T03:04:05Z","created_by":"tester","updated_at":"2026-01-02T03:04:05Z","source_repo":"proj","source_repo_path":"/mnt/proj","compaction_level":0,"original_size":0}
{"id":"proj-b75.2","title":"Kid 2","status":"closed","priority":2,"issue_type":"task","created_at":"2026-01-02T03:04:05Z","created_by":"tester","updated_at":"2026-01-02T03:04:05Z","closed_at":"2026-01-02T03:04:05Z","close_reason":"done","source_repo":"proj","source_repo_path":"/mnt/proj","compaction_level":0,"original_size":0}
{"id":"proj-b75.2.1","title":"Grandkid","status":"open","priority":2,"issue_type":"task","created_at":"2026-01-02T03:04:05Z","created_by":"tester","updated_at":"2026-01-02T03:04:05Z","source_repo":"proj","source_repo_path":"/mnt/proj","compaction_level":0,"original_size":0}
{"id":"proj-b75.3","title":"Kid 3","status":"closed","priority":2,"issue_type":"task","created_at":"2026-01-02T03:04:05Z","created_by":"tester","updated_at":"2026-01-02T03:04:05Z","closed_at":"2026-01-02T03:04:05Z","close_reason":"done","source_repo":"proj","source_repo_path":"/mnt/proj","compaction_level":0,"original_size":0}
{"id":"proj-b75.4","title":"Kid 4","status":"closed","priority":2,"issue_type":"task","created_at":"2026-01-02T03:04:05Z","created_by":"tester","updated_at":"2026-01-02T03:04:05Z","closed_at":"2026-01-02T03:04:05Z","close_reason":"done","source_repo":"proj","source_repo_path":"/mnt/proj","compaction_level":0,"original_size":0}
{"id":"proj-b75.5","title":"Kid 5","status":"closed","priority":2,"issue_type":"task","created_at":"2026-01-02T03:04:05Z","created_by":"tester","updated_at":"2026-01-02T03:04:05Z","closed_at":"2026-01-02T03:04:05Z","close_reason":"done","source_repo":"proj","source_repo_path":"/mnt/proj","compaction_level":0,"original_size":0}
{"id":"proj-b75.6","title":"Kid 6","status":"closed","priority":2,"issue_type":"task","created_at":"2026-01-02T03:04:05Z","created_by":"tester","updated_at":"2026-01-02T03:04:05Z","closed_at":"2026-01-02T03:04:05Z","close_reason":"done","source_repo":"proj","source_repo_path":"/mnt/proj","compaction_level":0,"original_size":0}
{"id":"proj-b75.7","title":"Kid 7","status":"closed","priority":2,"issue_type":"task","created_at":"2026-01-02T03:04:05Z","created_by":"tester","updated_at":"2026-01-02T03:04:05Z","closed_at":"2026-01-02T03:04:05Z","close_reason":"done","source_repo":"proj","source_repo_path":"/mnt/proj","compaction_level":0,"original_size":0}
{"id":"proj-b75.8","title":"Kid 8","status":"closed","priority":2,"issue_type":"task","created_at":"2026-01-02T03:04:05Z","created_by":"tester","updated_at":"2026-01-02T03:04:05Z","closed_at":"2026-01-02T03:04:05Z","close_reason":"done","source_repo":"proj","source_repo_path":"/mnt/proj","compaction_level":0,"original_size":0}
{"id":"proj-b75.9","title":"Kid 9","status":"closed","priority":2,"issue_type":"task","created_at":"2026-01-02T03:04:05Z","created_by":"tester","updated_at":"2026-01-02T03:04:05Z","closed_at":"2026-01-02T03:04:05Z","close_reason":"done","source_repo":"proj","source_repo_path":"/mnt/proj","compaction_level":0,"original_size":0}
{"id":"proj-mkh","title":"Already finished work","status":"closed","priority":2,"issue_type":"task","created_at":"2026-01-01T10:00:07Z","created_by":"tester","updated_at":"2026-01-01T13:00:00Z","closed_at":"2026-01-01T13:00:00Z","close_reason":"Done before the fixture","source_repo":"proj","source_repo_path":"/mnt/proj","compaction_level":0,"original_size":0}
{"id":"proj-mta","title":"Set up database schema","description":"Create the initial tables.","status":"open","priority":1,"issue_type":"task","created_at":"2026-01-01T10:00:00Z","created_by":"tester","updated_at":"2026-01-01T10:00:00Z","source_repo":"proj","source_repo_path":"/mnt/proj","compaction_level":0,"original_size":0,"labels":["backend","db"]}
{"id":"proj-ptp","title":"Fix login timeout","status":"in_progress","priority":0,"issue_type":"bug","assignee":"bob","created_at":"2026-01-01T10:00:02Z","created_by":"tester","updated_at":"2026-01-01T12:30:00Z","source_repo":"proj","source_repo_path":"/mnt/proj","compaction_level":0,"original_size":0,"comments":[{"id":1,"issue_id":"proj-ptp","author":"tester","text":"Reproduced on staging.","created_at":"2026-01-01T12:30:00Z"}]}
{"id":"proj-uly","title":"Auth epic","status":"open","priority":2,"issue_type":"epic","created_at":"2026-01-01T10:00:04Z","created_by":"tester","updated_at":"2026-01-01T10:00:04Z","source_repo":"proj","source_repo_path":"/mnt/proj","compaction_level":0,"original_size":0}
--- .beads/last-touched ---
proj-b75.10
[exit 0]
$ ["close", "proj-b75.11", "--force"]
✓ Closed proj-b75.11: Kid 11 (done)
--- .beads/issues.jsonl ---
{"id":"proj-170","title":"Implement user auth","status":"open","priority":1,"issue_type":"feature","assignee":"alice","created_at":"2026-01-01T10:00:01Z","created_by":"tester","updated_at":"2026-01-01T11:00:00Z","source_repo":"proj","source_repo_path":"/mnt/proj","compaction_level":0,"original_size":0,"labels":["auth","backend"],"dependencies":[{"issue_id":"proj-170","depends_on_id":"proj-mta","type":"blocks","created_at":"2026-01-01T11:00:00Z","created_by":"tester","metadata":"{}","thread_id":""},{"issue_id":"proj-170","depends_on_id":"proj-uly","type":"parent-child","created_at":"2026-01-01T11:00:00Z","created_by":"tester","metadata":"{}","thread_id":""}]}
{"id":"proj-5u2","title":"Write API docs","status":"open","priority":3,"issue_type":"docs","created_at":"2026-01-01T10:00:03Z","created_by":"tester","updated_at":"2026-01-01T11:00:00Z","source_repo":"proj","source_repo_path":"/mnt/proj","compaction_level":0,"original_size":0,"dependencies":[{"issue_id":"proj-5u2","depends_on_id":"proj-170","type":"related","created_at":"2026-01-01T11:00:00Z","created_by":"tester","metadata":"{}","thread_id":""}]}
{"id":"proj-7vm","title":"Refactor config loader","status":"deferred","priority":4,"issue_type":"chore","created_at":"2026-01-01T10:00:05Z","created_by":"tester","updated_at":"2026-01-01T14:00:00Z","defer_until":"2027-06-01T09:00:00Z","source_repo":"proj","source_repo_path":"/mnt/proj","compaction_level":0,"original_size":0}
{"id":"proj-b75","title":"Ünïcödé title — “quotes” & <tags> \\ backslash","description":"Line one\nLine two\ttabbed","status":"open","priority":2,"issue_type":"task","created_at":"2026-01-01T10:00:06Z","created_by":"tester","updated_at":"2026-01-01T10:00:06Z","source_repo":"proj","source_repo_path":"/mnt/proj","compaction_level":0,"original_size":0}
{"id":"proj-b75.1","title":"Kid 1","status":"closed","priority":2,"issue_type":"task","created_at":"2026-01-02T03:04:05Z","created_by":"tester","updated_at":"2026-01-02T03:04:05Z","closed_at":"2026-01-02T03:04:05Z","close_reason":"done","source_repo":"proj","source_repo_path":"/mnt/proj","compaction_level":0,"original_size":0}
{"id":"proj-b75.10","title":"Kid 10","status":"closed","priority":2,"issue_type":"task","created_at":"2026-01-02T03:04:05Z","created_by":"tester","updated_at":"2026-01-02T03:04:05Z","closed_at":"2026-01-02T03:04:05Z","close_reason":"done","source_repo":"proj","source_repo_path":"/mnt/proj","compaction_level":0,"original_size":0}
{"id":"proj-b75.11","title":"Kid 11","status":"closed","priority":2,"issue_type":"task","created_at":"2026-01-02T03:04:05Z","created_by":"tester","updated_at":"2026-01-02T03:04:05Z","closed_at":"2026-01-02T03:04:05Z","close_reason":"done","source_repo":"proj","source_repo_path":"/mnt/proj","compaction_level":0,"original_size":0}
{"id":"proj-b75.2","title":"Kid 2","status":"closed","priority":2,"issue_type":"task","created_at":"2026-01-02T03:04:05Z","created_by":"tester","updated_at":"2026-01-02T03:04:05Z","closed_at":"2026-01-02T03:04:05Z","close_reason":"done","source_repo":"proj","source_repo_path":"/mnt/proj","compaction_level":0,"original_size":0}
{"id":"proj-b75.2.1","title":"Grandkid","status":"open","priority":2,"issue_type":"task","created_at":"2026-01-02T03:04:05Z","created_by":"tester","updated_at":"2026-01-02T03:04:05Z","source_repo":"proj","source_repo_path":"/mnt/proj","compaction_level":0,"original_size":0}
{"id":"proj-b75.3","title":"Kid 3","status":"closed","priority":2,"issue_type":"task","created_at":"2026-01-02T03:04:05Z","created_by":"tester","updated_at":"2026-01-02T03:04:05Z","closed_at":"2026-01-02T03:04:05Z","close_reason":"done","source_repo":"proj","source_repo_path":"/mnt/proj","compaction_level":0,"original_size":0}
{"id":"proj-b75.4","title":"Kid 4","status":"closed","priority":2,"issue_type":"task","created_at":"2026-01-02T03:04:05Z","created_by":"tester","updated_at":"2026-01-02T03:04:05Z","closed_at":"2026-01-02T03:04:05Z","close_reason":"done","source_repo":"proj","source_repo_path":"/mnt/proj","compaction_level":0,"original_size":0}
{"id":"proj-b75.5","title":"Kid 5","status":"closed","priority":2,"issue_type":"task","created_at":"2026-01-02T03:04:05Z","created_by":"tester","updated_at":"2026-01-02T03:04:05Z","closed_at":"2026-01-02T03:04:05Z","close_reason":"done","source_repo":"proj","source_repo_path":"/mnt/proj","compaction_level":0,"original_size":0}
{"id":"proj-b75.6","title":"Kid 6","status":"closed","priority":2,"issue_type":"task","created_at":"2026-01-02T03:04:05Z","created_by":"tester","updated_at":"2026-01-02T03:04:05Z","closed_at":"2026-01-02T03:04:05Z","close_reason":"done","source_repo":"proj","source_repo_path":"/mnt/proj","compaction_level":0,"original_size":0}
{"id":"proj-b75.7","title":"Kid 7","status":"closed","priority":2,"issue_type":"task","created_at":"2026-01-02T03:04:05Z","created_by":"tester","updated_at":"2026-01-02T03:04:05Z","closed_at":"2026-01-02T03:04:05Z","close_reason":"done","source_repo":"proj","source_repo_path":"/mnt/proj","compaction_level":0,"original_size":0}
{"id":"proj-b75.8","title":"Kid 8","status":"closed","priority":2,"issue_type":"task","created_at":"2026-01-02T03:04:05Z","created_by":"tester","updated_at":"2026-01-02T03:04:05Z","closed_at":"2026-01-02T03:04:05Z","close_reason":"done","source_repo":"proj","source_repo_path":"/mnt/proj","compaction_level":0,"original_size":0}
{"id":"proj-b75.9","title":"Kid 9","status":"closed","priority":2,"issue_type":"task","created_at":"2026-01-02T03:04:05Z","created_by":"tester","updated_at":"2026-01-02T03:04:05Z","closed_at":"2026-01-02T03:04:05Z","close_reason":"done","source_repo":"proj","source_repo_path":"/mnt/proj","compaction_level":0,"original_size":0}
{"id":"proj-mkh","title":"Already finished work","status":"closed","priority":2,"issue_type":"task","created_at":"2026-01-01T10:00:07Z","created_by":"tester","updated_at":"2026-01-01T13:00:00Z","closed_at":"2026-01-01T13:00:00Z","close_reason":"Done before the fixture","source_repo":"proj","source_repo_path":"/mnt/proj","compaction_level":0,"original_size":0}
{"id":"proj-mta","title":"Set up database schema","description":"Create the initial tables.","status":"open","priority":1,"issue_type":"task","created_at":"2026-01-01T10:00:00Z","created_by":"tester","updated_at":"2026-01-01T10:00:00Z","source_repo":"proj","source_repo_path":"/mnt/proj","compaction_level":0,"original_size":0,"labels":["backend","db"]}
{"id":"proj-ptp","title":"Fix login timeout","status":"in_progress","priority":0,"issue_type":"bug","assignee":"bob","created_at":"2026-01-01T10:00:02Z","created_by":"tester","updated_at":"2026-01-01T12:30:00Z","source_repo":"proj","source_repo_path":"/mnt/proj","compaction_level":0,"original_size":0,"comments":[{"id":1,"issue_id":"proj-ptp","author":"tester","text":"Reproduced on staging.","created_at":"2026-01-01T12:30:00Z"}]}
{"id":"proj-uly","title":"Auth epic","status":"open","priority":2,"issue_type":"epic","created_at":"2026-01-01T10:00:04Z","created_by":"tester","updated_at":"2026-01-01T10:00:04Z","source_repo":"proj","source_repo_path":"/mnt/proj","compaction_level":0,"original_size":0}
--- .beads/last-touched ---
proj-b75.11
[exit 0]
$ ["close", "proj-b75"]
✓ Closed proj-b75: Ünïcödé title — “quotes” & <tags> \ backslash (done)
--- .beads/issues.jsonl ---
{"id":"proj-170","title":"Implement user auth","status":"open","priority":1,"issue_type":"feature","assignee":"alice","created_at":"2026-01-01T10:00:01Z","created_by":"tester","updated_at":"2026-01-01T11:00:00Z","source_repo":"proj","source_repo_path":"/mnt/proj","compaction_level":0,"original_size":0,"labels":["auth","backend"],"dependencies":[{"issue_id":"proj-170","depends_on_id":"proj-mta","type":"blocks","created_at":"2026-01-01T11:00:00Z","created_by":"tester","metadata":"{}","thread_id":""},{"issue_id":"proj-170","depends_on_id":"proj-uly","type":"parent-child","created_at":"2026-01-01T11:00:00Z","created_by":"tester","metadata":"{}","thread_id":""}]}
{"id":"proj-5u2","title":"Write API docs","status":"open","priority":3,"issue_type":"docs","created_at":"2026-01-01T10:00:03Z","created_by":"tester","updated_at":"2026-01-01T11:00:00Z","source_repo":"proj","source_repo_path":"/mnt/proj","compaction_level":0,"original_size":0,"dependencies":[{"issue_id":"proj-5u2","depends_on_id":"proj-170","type":"related","created_at":"2026-01-01T11:00:00Z","created_by":"tester","metadata":"{}","thread_id":""}]}
{"id":"proj-7vm","title":"Refactor config loader","status":"deferred","priority":4,"issue_type":"chore","created_at":"2026-01-01T10:00:05Z","created_by":"tester","updated_at":"2026-01-01T14:00:00Z","defer_until":"2027-06-01T09:00:00Z","source_repo":"proj","source_repo_path":"/mnt/proj","compaction_level":0,"original_size":0}
{"id":"proj-b75","title":"Ünïcödé title — “quotes” & <tags> \\ backslash","description":"Line one\nLine two\ttabbed","status":"closed","priority":2,"issue_type":"task","created_at":"2026-01-01T10:00:06Z","created_by":"tester","updated_at":"2026-01-02T03:04:05Z","closed_at":"2026-01-02T03:04:05Z","close_reason":"done","source_repo":"proj","source_repo_path":"/mnt/proj","compaction_level":0,"original_size":0}
{"id":"proj-b75.1","title":"Kid 1","status":"closed","priority":2,"issue_type":"task","created_at":"2026-01-02T03:04:05Z","created_by":"tester","updated_at":"2026-01-02T03:04:05Z","closed_at":"2026-01-02T03:04:05Z","close_reason":"done","source_repo":"proj","source_repo_path":"/mnt/proj","compaction_level":0,"original_size":0}
{"id":"proj-b75.10","title":"Kid 10","status":"closed","priority":2,"issue_type":"task","created_at":"2026-01-02T03:04:05Z","created_by":"tester","updated_at":"2026-01-02T03:04:05Z","closed_at":"2026-01-02T03:04:05Z","close_reason":"done","source_repo":"proj","source_repo_path":"/mnt/proj","compaction_level":0,"original_size":0}
{"id":"proj-b75.11","title":"Kid 11","status":"closed","priority":2,"issue_type":"task","created_at":"2026-01-02T03:04:05Z","created_by":"tester","updated_at":"2026-01-02T03:04:05Z","closed_at":"2026-01-02T03:04:05Z","close_reason":"done","source_repo":"proj","source_repo_path":"/mnt/proj","compaction_level":0,"original_size":0}
{"id":"proj-b75.2","title":"Kid 2","status":"closed","priority":2,"issue_type":"task","created_at":"2026-01-02T03:04:05Z","created_by":"tester","updated_at":"2026-01-02T03:04:05Z","closed_at":"2026-01-02T03:04:05Z","close_reason":"done","source_repo":"proj","source_repo_path":"/mnt/proj","compaction_level":0,"original_size":0}
{"id":"proj-b75.2.1","title":"Grandkid","status":"open","priority":2,"issue_type":"task","created_at":"2026-01-02T03:04:05Z","created_by":"tester","updated_at":"2026-01-02T03:04:05Z","source_repo":"proj","source_repo_path":"/mnt/proj","compaction_level":0,"original_size":0}
{"id":"proj-b75.3","title":"Kid 3","status":"closed","priority":2,"issue_type":"task","created_at":"2026-01-02T03:04:05Z","created_by":"tester","updated_at":"2026-01-02T03:04:05Z","closed_at":"2026-01-02T03:04:05Z","close_reason":"done","source_repo":"proj","source_repo_path":"/mnt/proj","compaction_level":0,"original_size":0}
{"id":"proj-b75.4","title":"Kid 4","status":"closed","priority":2,"issue_type":"task","created_at":"2026-01-02T03:04:05Z","created_by":"tester","updated_at":"2026-01-02T03:04:05Z","closed_at":"2026-01-02T03:04:05Z","close_reason":"done","source_repo":"proj","source_repo_path":"/mnt/proj","compaction_level":0,"original_size":0}
{"id":"proj-b75.5","title":"Kid 5","status":"closed","priority":2,"issue_type":"task","created_at":"2026-01-02T03:04:05Z","created_by":"tester","updated_at":"2026-01-02T03:04:05Z","closed_at":"2026-01-02T03:04:05Z","close_reason":"done","source_repo":"proj","source_repo_path":"/mnt/proj","compaction_level":0,"original_size":0}
{"id":"proj-b75.6","title":"Kid 6","status":"closed","priority":2,"issue_type":"task","created_at":"2026-01-02T03:04:05Z","created_by":"tester","updated_at":"2026-01-02T03:04:05Z","closed_at":"2026-01-02T03:04:05Z","close_reason":"done","source_repo":"proj","source_repo_path":"/mnt/proj","compaction_level":0,"original_size":0}
{"id":"proj-b75.7","title":"Kid 7","status":"closed","priority":2,"issue_type":"task","created_at":"2026-01-02T03:04:05Z","created_by":"tester","updated_at":"2026-01-02T03:04:05Z","closed_at":"2026-01-02T03:04:05Z","close_reason":"done","source_repo":"proj","source_repo_path":"/mnt/proj","compaction_level":0,"original_size":0}
{"id":"proj-b75.8","title":"Kid 8","status":"closed","priority":2,"issue_type":"task","created_at":"2026-01-02T03:04:05Z","created_by":"tester","updated_at":"2026-01-02T03:04:05Z","closed_at":"2026-01-02T03:04:05Z","close_reason":"done","source_repo":"proj","source_repo_path":"/mnt/proj","compaction_level":0,"original_size":0}
{"id":"proj-b75.9","title":"Kid 9","status":"closed","priority":2,"issue_type":"task","created_at":"2026-01-02T03:04:05Z","created_by":"tester","updated_at":"2026-01-02T03:04:05Z","closed_at":"2026-01-02T03:04:05Z","close_reason":"done","source_repo":"proj","source_repo_path":"/mnt/proj","compaction_level":0,"original_size":0}
{"id":"proj-mkh","title":"Already finished work","status":"closed","priority":2,"issue_type":"task","created_at":"2026-01-01T10:00:07Z","created_by":"tester","updated_at":"2026-01-01T13:00:00Z","closed_at":"2026-01-01T13:00:00Z","close_reason":"Done before the fixture","source_repo":"proj","source_repo_path":"/mnt/proj","compaction_level":0,"original_size":0}
{"id":"proj-mta","title":"Set up database schema","description":"Create the initial tables.","status":"open","priority":1,"issue_type":"task","created_at":"2026-01-01T10:00:00Z","created_by":"tester","updated_at":"2026-01-01T10:00:00Z","source_repo":"proj","source_repo_path":"/mnt/proj","compaction_level":0,"original_size":0,"labels":["backend","db"]}
{"id":"proj-ptp","title":"Fix login timeout","status":"in_progress","priority":0,"issue_type":"bug","assignee":"bob","created_at":"2026-01-01T10:00:02Z","created_by":"tester","updated_at":"2026-01-01T12:30:00Z","source_repo":"proj","source_repo_path":"/mnt/proj","compaction_level":0,"original_size":0,"comments":[{"id":1,"issue_id":"proj-ptp","author":"tester","text":"Reproduced on staging.","created_at":"2026-01-01T12:30:00Z"}]}
{"id":"proj-uly","title":"Auth epic","status":"open","priority":2,"issue_type":"epic","created_at":"2026-01-01T10:00:04Z","created_by":"tester","updated_at":"2026-01-01T10:00:04Z","source_repo":"proj","source_repo_path":"/mnt/proj","compaction_level":0,"original_size":0}
--- .beads/last-touched ---
proj-b75
[exit 0]
